forecast_date,target,target_end_date,location,type,quantile,value
2020-11-16,1 wk ahead inc case,2020-11-21,06,quantile,0.025,36752
2020-11-16,2 wk ahead inc case,2020-11-28,06,quantile,0.025,40937
2020-11-16,3 wk ahead inc case,2020-12-05,06,quantile,0.025,45434
2020-11-16,4 wk ahead inc case,2020-12-12,06,quantile,0.025,50246
2020-11-16,1 wk ahead inc case,2020-11-21,06,quantile,0.1,39527
2020-11-16,2 wk ahead inc case,2020-11-28,06,quantile,0.1,43856
2020-11-16,3 wk ahead inc case,2020-12-05,06,quantile,0.1,48501
2020-11-16,4 wk ahead inc case,2020-12-12,06,quantile,0.1,53464
2020-11-16,1 wk ahead inc case,2020-11-21,06,quantile,0.25,42010
2020-11-16,2 wk ahead inc case,2020-11-28,06,quantile,0.25,46468
2020-11-16,3 wk ahead inc case,2020-12-05,06,quantile,0.25,51245
2020-11-16,4 wk ahead inc case,2020-12-12,06,quantile,0.25,56343
2020-11-16,1 wk ahead inc case,2020-11-21,06,quantile,0.5,44768
2020-11-16,2 wk ahead inc case,2020-11-28,06,quantile,0.5,49370
2020-11-16,3 wk ahead inc case,2020-12-05,06,quantile,0.5,54294
2020-11-16,4 wk ahead inc case,2020-12-12,06,quantile,0.5,59543
2020-11-16,1 wk ahead inc case,2020-11-21,06,quantile,0.75,47527
2020-11-16,2 wk ahead inc case,2020-11-28,06,quantile,0.75,52272
2020-11-16,3 wk ahead inc case,2020-12-05,06,quantile,0.75,57343
2020-11-16,4 wk ahead inc case,2020-12-12,06,quantile,0.75,62742
2020-11-16,1 wk ahead inc case,2020-11-21,06,quantile,0.9,50009
2020-11-16,2 wk ahead inc case,2020-11-28,06,quantile,0.9,54884
2020-11-16,3 wk ahead inc case,2020-12-05,06,quantile,0.9,60087
2020-11-16,4 wk ahead inc case,2020-12-12,06,quantile,0.9,65621
2020-11-16,1 wk ahead inc case,2020-11-21,06,quantile,0.975,52784
2020-11-16,2 wk ahead inc case,2020-11-28,06,quantile,0.975,57803
2020-11-16,3 wk ahead inc case,2020-12-05,06,quantile,0.975,63154
2020-11-16,4 wk ahead inc case,2020-12-12,06,quantile,0.975,68839
2020-11-16,1 wk ahead inc case,2020-11-21,06,point,NA,44768
2020-11-16,2 wk ahead inc case,2020-11-28,06,point,NA,49370
2020-11-16,3 wk ahead inc case,2020-12-05,06,point,NA,54294
2020-11-16,4 wk ahead inc case,2020-12-12,06,point,NA,59543
2020-11-16,1 day ahead inc hosp,2020-11-17,06,quantile,0.01,518
2020-11-16,2 day ahead inc hosp,2020-11-18,06,quantile,0.01,526
2020-11-16,3 day ahead inc hosp,2020-11-19,06,quantile,0.01,534.1
2020-11-16,4 day ahead inc hosp,2020-11-20,06,quantile,0.01,542.3
2020-11-16,5 day ahead inc hosp,2020-11-21,06,quantile,0.01,550.6
2020-11-16,6 day ahead inc hosp,2020-11-22,06,quantile,0.01,559
2020-11-16,7 day ahead inc hosp,2020-11-23,06,quantile,0.01,567.4
2020-11-16,8 day ahead inc hosp,2020-11-24,06,quantile,0.01,575.9
2020-11-16,9 day ahead inc hosp,2020-11-25,06,quantile,0.01,584.6
2020-11-16,10 day ahead inc hosp,2020-11-26,06,quantile,0.01,593.3
2020-11-16,11 day ahead inc hosp,2020-11-27,06,quantile,0.01,602
2020-11-16,12 day ahead inc hosp,2020-11-28,06,quantile,0.01,610.9
2020-11-16,13 day ahead inc hosp,2020-11-29,06,quantile,0.01,619.9
2020-11-16,14 day ahead inc hosp,2020-11-30,06,quantile,0.01,628.9
2020-11-16,15 day ahead inc hosp,2020-12-01,06,quantile,0.01,638
2020-11-16,16 day ahead inc hosp,2020-12-02,06,quantile,0.01,647.2
2020-11-16,17 day ahead inc hosp,2020-12-03,06,quantile,0.01,656.5
2020-11-16,18 day ahead inc hosp,2020-12-04,06,quantile,0.01,665.9
2020-11-16,19 day ahead inc hosp,2020-12-05,06,quantile,0.01,675.4
2020-11-16,20 day ahead inc hosp,2020-12-06,06,quantile,0.01,684.9
2020-11-16,21 day ahead inc hosp,2020-12-07,06,quantile,0.01,694.5
2020-11-16,22 day ahead inc hosp,2020-12-08,06,quantile,0.01,704.2
2020-11-16,23 day ahead inc hosp,2020-12-09,06,quantile,0.01,714
2020-11-16,24 day ahead inc hosp,2020-12-10,06,quantile,0.01,723.9
2020-11-16,25 day ahead inc hosp,2020-12-11,06,quantile,0.01,733.8
2020-11-16,26 day ahead inc hosp,2020-12-12,06,quantile,0.01,743.8
2020-11-16,27 day ahead inc hosp,2020-12-13,06,quantile,0.01,753.9
2020-11-16,28 day ahead inc hosp,2020-12-14,06,quantile,0.01,764.1
2020-11-16,1 day ahead inc hosp,2020-11-17,06,quantile,0.025,529.5
2020-11-16,2 day ahead inc hosp,2020-11-18,06,quantile,0.025,537.7
2020-11-16,3 day ahead inc hosp,2020-11-19,06,quantile,0.025,545.8
2020-11-16,4 day ahead inc hosp,2020-11-20,06,quantile,0.025,554.1
2020-11-16,5 day ahead inc hosp,2020-11-21,06,quantile,0.025,562.4
2020-11-16,6 day ahead inc hosp,2020-11-22,06,quantile,0.025,570.9
2020-11-16,7 day ahead inc hosp,2020-11-23,06,quantile,0.025,579.4
2020-11-16,8 day ahead inc hosp,2020-11-24,06,quantile,0.025,588
2020-11-16,9 day ahead inc hosp,2020-11-25,06,quantile,0.025,596.6
2020-11-16,10 day ahead inc hosp,2020-11-26,06,quantile,0.025,605.4
2020-11-16,11 day ahead inc hosp,2020-11-27,06,quantile,0.025,614.2
2020-11-16,12 day ahead inc hosp,2020-11-28,06,quantile,0.025,623.2
2020-11-16,13 day ahead inc hosp,2020-11-29,06,quantile,0.025,632.2
2020-11-16,14 day ahead inc hosp,2020-11-30,06,quantile,0.025,641.3
2020-11-16,15 day ahead inc hosp,2020-12-01,06,quantile,0.025,650.5
2020-11-16,16 day ahead inc hosp,2020-12-02,06,quantile,0.025,659.8
2020-11-16,17 day ahead inc hosp,2020-12-03,06,quantile,0.025,669.1
2020-11-16,18 day ahead inc hosp,2020-12-04,06,quantile,0.025,678.6
2020-11-16,19 day ahead inc hosp,2020-12-05,06,quantile,0.025,688.1
2020-11-16,20 day ahead inc hosp,2020-12-06,06,quantile,0.025,697.7
2020-11-16,21 day ahead inc hosp,2020-12-07,06,quantile,0.025,707.4
2020-11-16,22 day ahead inc hosp,2020-12-08,06,quantile,0.025,717.2
2020-11-16,23 day ahead inc hosp,2020-12-09,06,quantile,0.025,727.1
2020-11-16,24 day ahead inc hosp,2020-12-10,06,quantile,0.025,737
2020-11-16,25 day ahead inc hosp,2020-12-11,06,quantile,0.025,747
2020-11-16,26 day ahead inc hosp,2020-12-12,06,quantile,0.025,757.1
2020-11-16,27 day ahead inc hosp,2020-12-13,06,quantile,0.025,767.3
2020-11-16,28 day ahead inc hosp,2020-12-14,06,quantile,0.025,777.5
2020-11-16,1 day ahead inc hosp,2020-11-17,06,quantile,0.05,539.5
2020-11-16,2 day ahead inc hosp,2020-11-18,06,quantile,0.05,547.7
2020-11-16,3 day ahead inc hosp,2020-11-19,06,quantile,0.05,555.9
2020-11-16,4 day ahead inc hosp,2020-11-20,06,quantile,0.05,564.2
2020-11-16,5 day ahead inc hosp,2020-11-21,06,quantile,0.05,572.6
2020-11-16,6 day ahead inc hosp,2020-11-22,06,quantile,0.05,581.1
2020-11-16,7 day ahead inc hosp,2020-11-23,06,quantile,0.05,589.6
2020-11-16,8 day ahead inc hosp,2020-11-24,06,quantile,0.05,598.3
2020-11-16,9 day ahead inc hosp,2020-11-25,06,quantile,0.05,607
2020-11-16,10 day ahead inc hosp,2020-11-26,06,quantile,0.05,615.8
2020-11-16,11 day ahead inc hosp,2020-11-27,06,quantile,0.05,624.7
2020-11-16,12 day ahead inc hosp,2020-11-28,06,quantile,0.05,633.7
2020-11-16,13 day ahead inc hosp,2020-11-29,06,quantile,0.05,642.8
2020-11-16,14 day ahead inc hosp,2020-11-30,06,quantile,0.05,652
2020-11-16,15 day ahead inc hosp,2020-12-01,06,quantile,0.05,661.2
2020-11-16,16 day ahead inc hosp,2020-12-02,06,quantile,0.05,670.6
2020-11-16,17 day ahead inc hosp,2020-12-03,06,quantile,0.05,680
2020-11-16,18 day ahead inc hosp,2020-12-04,06,quantile,0.05,689.5
2020-11-16,19 day ahead inc hosp,2020-12-05,06,quantile,0.05,699.1
2020-11-16,20 day ahead inc hosp,2020-12-06,06,quantile,0.05,708.8
2020-11-16,21 day ahead inc hosp,2020-12-07,06,quantile,0.05,718.5
2020-11-16,22 day ahead inc hosp,2020-12-08,06,quantile,0.05,728.4
2020-11-16,23 day ahead inc hosp,2020-12-09,06,quantile,0.05,738.3
2020-11-16,24 day ahead inc hosp,2020-12-10,06,quantile,0.05,748.3
2020-11-16,25 day ahead inc hosp,2020-12-11,06,quantile,0.05,758.3
2020-11-16,26 day ahead inc hosp,2020-12-12,06,quantile,0.05,768.5
2020-11-16,27 day ahead inc hosp,2020-12-13,06,quantile,0.05,778.7
2020-11-16,28 day ahead inc hosp,2020-12-14,06,quantile,0.05,789.1
2020-11-16,1 day ahead inc hosp,2020-11-17,06,quantile,0.1,551
2020-11-16,2 day ahead inc hosp,2020-11-18,06,quantile,0.1,559.2
2020-11-16,3 day ahead inc hosp,2020-11-19,06,quantile,0.1,567.5
2020-11-16,4 day ahead inc hosp,2020-11-20,06,quantile,0.1,575.9
2020-11-16,5 day ahead inc hosp,2020-11-21,06,quantile,0.1,584.3
2020-11-16,6 day ahead inc hosp,2020-11-22,06,quantile,0.1,592.9
2020-11-16,7 day ahead inc hosp,2020-11-23,06,quantile,0.1,601.5
2020-11-16,8 day ahead inc hosp,2020-11-24,06,quantile,0.1,610.2
2020-11-16,9 day ahead inc hosp,2020-11-25,06,quantile,0.1,619
2020-11-16,10 day ahead inc hosp,2020-11-26,06,quantile,0.1,627.9
2020-11-16,11 day ahead inc hosp,2020-11-27,06,quantile,0.1,636.8
2020-11-16,12 day ahead inc hosp,2020-11-28,06,quantile,0.1,645.9
2020-11-16,13 day ahead inc hosp,2020-11-29,06,quantile,0.1,655
2020-11-16,14 day ahead inc hosp,2020-11-30,06,quantile,0.1,664.3
2020-11-16,15 day ahead inc hosp,2020-12-01,06,quantile,0.1,673.6
2020-11-16,16 day ahead inc hosp,2020-12-02,06,quantile,0.1,683
2020-11-16,17 day ahead inc hosp,2020-12-03,06,quantile,0.1,692.5
2020-11-16,18 day ahead inc hosp,2020-12-04,06,quantile,0.1,702.1
2020-11-16,19 day ahead inc hosp,2020-12-05,06,quantile,0.1,711.7
2020-11-16,20 day ahead inc hosp,2020-12-06,06,quantile,0.1,721.5
2020-11-16,21 day ahead inc hosp,2020-12-07,06,quantile,0.1,731.3
2020-11-16,22 day ahead inc hosp,2020-12-08,06,quantile,0.1,741.2
2020-11-16,23 day ahead inc hosp,2020-12-09,06,quantile,0.1,751.2
2020-11-16,24 day ahead inc hosp,2020-12-10,06,quantile,0.1,761.3
2020-11-16,25 day ahead inc hosp,2020-12-11,06,quantile,0.1,771.4
2020-11-16,26 day ahead inc hosp,2020-12-12,06,quantile,0.1,781.6
2020-11-16,27 day ahead inc hosp,2020-12-13,06,quantile,0.1,792
2020-11-16,28 day ahead inc hosp,2020-12-14,06,quantile,0.1,802.3
2020-11-16,1 day ahead inc hosp,2020-11-17,06,quantile,0.15,558.7
2020-11-16,2 day ahead inc hosp,2020-11-18,06,quantile,0.15,567
2020-11-16,3 day ahead inc hosp,2020-11-19,06,quantile,0.15,575.3
2020-11-16,4 day ahead inc hosp,2020-11-20,06,quantile,0.15,583.7
2020-11-16,5 day ahead inc hosp,2020-11-21,06,quantile,0.15,592.2
2020-11-16,6 day ahead inc hosp,2020-11-22,06,quantile,0.15,600.8
2020-11-16,7 day ahead inc hosp,2020-11-23,06,quantile,0.15,609.5
2020-11-16,8 day ahead inc hosp,2020-11-24,06,quantile,0.15,618.2
2020-11-16,9 day ahead inc hosp,2020-11-25,06,quantile,0.15,627.1
2020-11-16,10 day ahead inc hosp,2020-11-26,06,quantile,0.15,636
2020-11-16,11 day ahead inc hosp,2020-11-27,06,quantile,0.15,645
2020-11-16,12 day ahead inc hosp,2020-11-28,06,quantile,0.15,654.1
2020-11-16,13 day ahead inc hosp,2020-11-29,06,quantile,0.15,663.3
2020-11-16,14 day ahead inc hosp,2020-11-30,06,quantile,0.15,672.6
2020-11-16,15 day ahead inc hosp,2020-12-01,06,quantile,0.15,681.9
2020-11-16,16 day ahead inc hosp,2020-12-02,06,quantile,0.15,691.4
2020-11-16,17 day ahead inc hosp,2020-12-03,06,quantile,0.15,700.9
2020-11-16,18 day ahead inc hosp,2020-12-04,06,quantile,0.15,710.6
2020-11-16,19 day ahead inc hosp,2020-12-05,06,quantile,0.15,720.3
2020-11-16,20 day ahead inc hosp,2020-12-06,06,quantile,0.15,730.1
2020-11-16,21 day ahead inc hosp,2020-12-07,06,quantile,0.15,739.9
2020-11-16,22 day ahead inc hosp,2020-12-08,06,quantile,0.15,749.9
2020-11-16,23 day ahead inc hosp,2020-12-09,06,quantile,0.15,759.9
2020-11-16,24 day ahead inc hosp,2020-12-10,06,quantile,0.15,770
2020-11-16,25 day ahead inc hosp,2020-12-11,06,quantile,0.15,780.2
2020-11-16,26 day ahead inc hosp,2020-12-12,06,quantile,0.15,790.5
2020-11-16,27 day ahead inc hosp,2020-12-13,06,quantile,0.15,800.9
2020-11-16,28 day ahead inc hosp,2020-12-14,06,quantile,0.15,811.3
2020-11-16,1 day ahead inc hosp,2020-11-17,06,quantile,0.2,564.9
2020-11-16,2 day ahead inc hosp,2020-11-18,06,quantile,0.2,573.2
2020-11-16,3 day ahead inc hosp,2020-11-19,06,quantile,0.2,581.5
2020-11-16,4 day ahead inc hosp,2020-11-20,06,quantile,0.2,590
2020-11-16,5 day ahead inc hosp,2020-11-21,06,quantile,0.2,598.5
2020-11-16,6 day ahead inc hosp,2020-11-22,06,quantile,0.2,607.1
2020-11-16,7 day ahead inc hosp,2020-11-23,06,quantile,0.2,615.8
2020-11-16,8 day ahead inc hosp,2020-11-24,06,quantile,0.2,624.6
2020-11-16,9 day ahead inc hosp,2020-11-25,06,quantile,0.2,633.5
2020-11-16,10 day ahead inc hosp,2020-11-26,06,quantile,0.2,642.4
2020-11-16,11 day ahead inc hosp,2020-11-27,06,quantile,0.2,651.5
2020-11-16,12 day ahead inc hosp,2020-11-28,06,quantile,0.2,660.6
2020-11-16,13 day ahead inc hosp,2020-11-29,06,quantile,0.2,669.9
2020-11-16,14 day ahead inc hosp,2020-11-30,06,quantile,0.2,679.2
2020-11-16,15 day ahead inc hosp,2020-12-01,06,quantile,0.2,688.6
2020-11-16,16 day ahead inc hosp,2020-12-02,06,quantile,0.2,698.1
2020-11-16,17 day ahead inc hosp,2020-12-03,06,quantile,0.2,707.6
2020-11-16,18 day ahead inc hosp,2020-12-04,06,quantile,0.2,717.3
2020-11-16,19 day ahead inc hosp,2020-12-05,06,quantile,0.2,727
2020-11-16,20 day ahead inc hosp,2020-12-06,06,quantile,0.2,736.9
2020-11-16,21 day ahead inc hosp,2020-12-07,06,quantile,0.2,746.8
2020-11-16,22 day ahead inc hosp,2020-12-08,06,quantile,0.2,756.8
2020-11-16,23 day ahead inc hosp,2020-12-09,06,quantile,0.2,766.9
2020-11-16,24 day ahead inc hosp,2020-12-10,06,quantile,0.2,777
2020-11-16,25 day ahead inc hosp,2020-12-11,06,quantile,0.2,787.2
2020-11-16,26 day ahead inc hosp,2020-12-12,06,quantile,0.2,797.6
2020-11-16,27 day ahead inc hosp,2020-12-13,06,quantile,0.2,808
2020-11-16,28 day ahead inc hosp,2020-12-14,06,quantile,0.2,818.4
2020-11-16,1 day ahead inc hosp,2020-11-17,06,quantile,0.25,570.1
2020-11-16,2 day ahead inc hosp,2020-11-18,06,quantile,0.25,578.5
2020-11-16,3 day ahead inc hosp,2020-11-19,06,quantile,0.25,586.9
2020-11-16,4 day ahead inc hosp,2020-11-20,06,quantile,0.25,595.3
2020-11-16,5 day ahead inc hosp,2020-11-21,06,quantile,0.25,603.9
2020-11-16,6 day ahead inc hosp,2020-11-22,06,quantile,0.25,612.5
2020-11-16,7 day ahead inc hosp,2020-11-23,06,quantile,0.25,621.3
2020-11-16,8 day ahead inc hosp,2020-11-24,06,quantile,0.25,630.1
2020-11-16,9 day ahead inc hosp,2020-11-25,06,quantile,0.25,639
2020-11-16,10 day ahead inc hosp,2020-11-26,06,quantile,0.25,648
2020-11-16,11 day ahead inc hosp,2020-11-27,06,quantile,0.25,657.1
2020-11-16,12 day ahead inc hosp,2020-11-28,06,quantile,0.25,666.2
2020-11-16,13 day ahead inc hosp,2020-11-29,06,quantile,0.25,675.5
2020-11-16,14 day ahead inc hosp,2020-11-30,06,quantile,0.25,684.8
2020-11-16,15 day ahead inc hosp,2020-12-01,06,quantile,0.25,694.3
2020-11-16,16 day ahead inc hosp,2020-12-02,06,quantile,0.25,703.8
2020-11-16,17 day ahead inc hosp,2020-12-03,06,quantile,0.25,713.4
2020-11-16,18 day ahead inc hosp,2020-12-04,06,quantile,0.25,723.1
2020-11-16,19 day ahead inc hosp,2020-12-05,06,quantile,0.25,732.9
2020-11-16,20 day ahead inc hosp,2020-12-06,06,quantile,0.25,742.7
2020-11-16,21 day ahead inc hosp,2020-12-07,06,quantile,0.25,752.7
2020-11-16,22 day ahead inc hosp,2020-12-08,06,quantile,0.25,762.7
2020-11-16,23 day ahead inc hosp,2020-12-09,06,quantile,0.25,772.8
2020-11-16,24 day ahead inc hosp,2020-12-10,06,quantile,0.25,783
2020-11-16,25 day ahead inc hosp,2020-12-11,06,quantile,0.25,793.3
2020-11-16,26 day ahead inc hosp,2020-12-12,06,quantile,0.25,803.6
2020-11-16,27 day ahead inc hosp,2020-12-13,06,quantile,0.25,814
2020-11-16,28 day ahead inc hosp,2020-12-14,06,quantile,0.25,824.6
2020-11-16,1 day ahead inc hosp,2020-11-17,06,quantile,0.3,574.9
2020-11-16,2 day ahead inc hosp,2020-11-18,06,quantile,0.3,583.2
2020-11-16,3 day ahead inc hosp,2020-11-19,06,quantile,0.3,591.7
2020-11-16,4 day ahead inc hosp,2020-11-20,06,quantile,0.3,600.2
2020-11-16,5 day ahead inc hosp,2020-11-21,06,quantile,0.3,608.7
2020-11-16,6 day ahead inc hosp,2020-11-22,06,quantile,0.3,617.4
2020-11-16,7 day ahead inc hosp,2020-11-23,06,quantile,0.3,626.2
2020-11-16,8 day ahead inc hosp,2020-11-24,06,quantile,0.3,635
2020-11-16,9 day ahead inc hosp,2020-11-25,06,quantile,0.3,643.9
2020-11-16,10 day ahead inc hosp,2020-11-26,06,quantile,0.3,653
2020-11-16,11 day ahead inc hosp,2020-11-27,06,quantile,0.3,662.1
2020-11-16,12 day ahead inc hosp,2020-11-28,06,quantile,0.3,671.3
2020-11-16,13 day ahead inc hosp,2020-11-29,06,quantile,0.3,680.5
2020-11-16,14 day ahead inc hosp,2020-11-30,06,quantile,0.3,689.9
2020-11-16,15 day ahead inc hosp,2020-12-01,06,quantile,0.3,699.4
2020-11-16,16 day ahead inc hosp,2020-12-02,06,quantile,0.3,708.9
2020-11-16,17 day ahead inc hosp,2020-12-03,06,quantile,0.3,718.6
2020-11-16,18 day ahead inc hosp,2020-12-04,06,quantile,0.3,728.3
2020-11-16,19 day ahead inc hosp,2020-12-05,06,quantile,0.3,738.1
2020-11-16,20 day ahead inc hosp,2020-12-06,06,quantile,0.3,748
2020-11-16,21 day ahead inc hosp,2020-12-07,06,quantile,0.3,757.9
2020-11-16,22 day ahead inc hosp,2020-12-08,06,quantile,0.3,768
2020-11-16,23 day ahead inc hosp,2020-12-09,06,quantile,0.3,778.1
2020-11-16,24 day ahead inc hosp,2020-12-10,06,quantile,0.3,788.4
2020-11-16,25 day ahead inc hosp,2020-12-11,06,quantile,0.3,798.7
2020-11-16,26 day ahead inc hosp,2020-12-12,06,quantile,0.3,809
2020-11-16,27 day ahead inc hosp,2020-12-13,06,quantile,0.3,819.5
2020-11-16,28 day ahead inc hosp,2020-12-14,06,quantile,0.3,830
2020-11-16,1 day ahead inc hosp,2020-11-17,06,quantile,0.35,579.3
2020-11-16,2 day ahead inc hosp,2020-11-18,06,quantile,0.35,587.6
2020-11-16,3 day ahead inc hosp,2020-11-19,06,quantile,0.35,596.1
2020-11-16,4 day ahead inc hosp,2020-11-20,06,quantile,0.35,604.6
2020-11-16,5 day ahead inc hosp,2020-11-21,06,quantile,0.35,613.2
2020-11-16,6 day ahead inc hosp,2020-11-22,06,quantile,0.35,621.9
2020-11-16,7 day ahead inc hosp,2020-11-23,06,quantile,0.35,630.7
2020-11-16,8 day ahead inc hosp,2020-11-24,06,quantile,0.35,639.6
2020-11-16,9 day ahead inc hosp,2020-11-25,06,quantile,0.35,648.5
2020-11-16,10 day ahead inc hosp,2020-11-26,06,quantile,0.35,657.6
2020-11-16,11 day ahead inc hosp,2020-11-27,06,quantile,0.35,666.7
2020-11-16,12 day ahead inc hosp,2020-11-28,06,quantile,0.35,675.9
2020-11-16,13 day ahead inc hosp,2020-11-29,06,quantile,0.35,685.2
2020-11-16,14 day ahead inc hosp,2020-11-30,06,quantile,0.35,694.6
2020-11-16,15 day ahead inc hosp,2020-12-01,06,quantile,0.35,704.1
2020-11-16,16 day ahead inc hosp,2020-12-02,06,quantile,0.35,713.7
2020-11-16,17 day ahead inc hosp,2020-12-03,06,quantile,0.35,723.3
2020-11-16,18 day ahead inc hosp,2020-12-04,06,quantile,0.35,733.1
2020-11-16,19 day ahead inc hosp,2020-12-05,06,quantile,0.35,742.9
2020-11-16,20 day ahead inc hosp,2020-12-06,06,quantile,0.35,752.8
2020-11-16,21 day ahead inc hosp,2020-12-07,06,quantile,0.35,762.8
2020-11-16,22 day ahead inc hosp,2020-12-08,06,quantile,0.35,772.9
2020-11-16,23 day ahead inc hosp,2020-12-09,06,quantile,0.35,783.1
2020-11-16,24 day ahead inc hosp,2020-12-10,06,quantile,0.35,793.3
2020-11-16,25 day ahead inc hosp,2020-12-11,06,quantile,0.35,803.7
2020-11-16,26 day ahead inc hosp,2020-12-12,06,quantile,0.35,814.1
2020-11-16,27 day ahead inc hosp,2020-12-13,06,quantile,0.35,824.6
2020-11-16,28 day ahead inc hosp,2020-12-14,06,quantile,0.35,835.1
2020-11-16,1 day ahead inc hosp,2020-11-17,06,quantile,0.4,583.4
2020-11-16,2 day ahead inc hosp,2020-11-18,06,quantile,0.4,591.8
2020-11-16,3 day ahead inc hosp,2020-11-19,06,quantile,0.4,600.3
2020-11-16,4 day ahead inc hosp,2020-11-20,06,quantile,0.4,608.9
2020-11-16,5 day ahead inc hosp,2020-11-21,06,quantile,0.4,617.5
2020-11-16,6 day ahead inc hosp,2020-11-22,06,quantile,0.4,626.2
2020-11-16,7 day ahead inc hosp,2020-11-23,06,quantile,0.4,635
2020-11-16,8 day ahead inc hosp,2020-11-24,06,quantile,0.4,643.9
2020-11-16,9 day ahead inc hosp,2020-11-25,06,quantile,0.4,652.9
2020-11-16,10 day ahead inc hosp,2020-11-26,06,quantile,0.4,661.9
2020-11-16,11 day ahead inc hosp,2020-11-27,06,quantile,0.4,671.1
2020-11-16,12 day ahead inc hosp,2020-11-28,06,quantile,0.4,680.3
2020-11-16,13 day ahead inc hosp,2020-11-29,06,quantile,0.4,689.7
2020-11-16,14 day ahead inc hosp,2020-11-30,06,quantile,0.4,699.1
2020-11-16,15 day ahead inc hosp,2020-12-01,06,quantile,0.4,708.6
2020-11-16,16 day ahead inc hosp,2020-12-02,06,quantile,0.4,718.2
2020-11-16,17 day ahead inc hosp,2020-12-03,06,quantile,0.4,727.9
2020-11-16,18 day ahead inc hosp,2020-12-04,06,quantile,0.4,737.7
2020-11-16,19 day ahead inc hosp,2020-12-05,06,quantile,0.4,747.5
2020-11-16,20 day ahead inc hosp,2020-12-06,06,quantile,0.4,757.5
2020-11-16,21 day ahead inc hosp,2020-12-07,06,quantile,0.4,767.5
2020-11-16,22 day ahead inc hosp,2020-12-08,06,quantile,0.4,777.6
2020-11-16,23 day ahead inc hosp,2020-12-09,06,quantile,0.4,787.8
2020-11-16,24 day ahead inc hosp,2020-12-10,06,quantile,0.4,798.1
2020-11-16,25 day ahead inc hosp,2020-12-11,06,quantile,0.4,808.4
2020-11-16,26 day ahead inc hosp,2020-12-12,06,quantile,0.4,818.9
2020-11-16,27 day ahead inc hosp,2020-12-13,06,quantile,0.4,829.4
2020-11-16,28 day ahead inc hosp,2020-12-14,06,quantile,0.4,840
2020-11-16,1 day ahead inc hosp,2020-11-17,06,quantile,0.45,587.5
2020-11-16,2 day ahead inc hosp,2020-11-18,06,quantile,0.45,595.9
2020-11-16,3 day ahead inc hosp,2020-11-19,06,quantile,0.45,604.4
2020-11-16,4 day ahead inc hosp,2020-11-20,06,quantile,0.45,612.9
2020-11-16,5 day ahead inc hosp,2020-11-21,06,quantile,0.45,621.6
2020-11-16,6 day ahead inc hosp,2020-11-22,06,quantile,0.45,630.3
2020-11-16,7 day ahead inc hosp,2020-11-23,06,quantile,0.45,639.2
2020-11-16,8 day ahead inc hosp,2020-11-24,06,quantile,0.45,648.1
2020-11-16,9 day ahead inc hosp,2020-11-25,06,quantile,0.45,657.1
2020-11-16,10 day ahead inc hosp,2020-11-26,06,quantile,0.45,666.2
2020-11-16,11 day ahead inc hosp,2020-11-27,06,quantile,0.45,675.3
2020-11-16,12 day ahead inc hosp,2020-11-28,06,quantile,0.45,684.6
2020-11-16,13 day ahead inc hosp,2020-11-29,06,quantile,0.45,694
2020-11-16,14 day ahead inc hosp,2020-11-30,06,quantile,0.45,703.4
2020-11-16,15 day ahead inc hosp,2020-12-01,06,quantile,0.45,713
2020-11-16,16 day ahead inc hosp,2020-12-02,06,quantile,0.45,722.6
2020-11-16,17 day ahead inc hosp,2020-12-03,06,quantile,0.45,732.3
2020-11-16,18 day ahead inc hosp,2020-12-04,06,quantile,0.45,742.1
2020-11-16,19 day ahead inc hosp,2020-12-05,06,quantile,0.45,752
2020-11-16,20 day ahead inc hosp,2020-12-06,06,quantile,0.45,761.9
2020-11-16,21 day ahead inc hosp,2020-12-07,06,quantile,0.45,772
2020-11-16,22 day ahead inc hosp,2020-12-08,06,quantile,0.45,782.1
2020-11-16,23 day ahead inc hosp,2020-12-09,06,quantile,0.45,792.3
2020-11-16,24 day ahead inc hosp,2020-12-10,06,quantile,0.45,802.6
2020-11-16,25 day ahead inc hosp,2020-12-11,06,quantile,0.45,813
2020-11-16,26 day ahead inc hosp,2020-12-12,06,quantile,0.45,823.5
2020-11-16,27 day ahead inc hosp,2020-12-13,06,quantile,0.45,834
2020-11-16,28 day ahead inc hosp,2020-12-14,06,quantile,0.45,844.6
2020-11-16,1 day ahead inc hosp,2020-11-17,06,quantile,0.5,591.4
2020-11-16,2 day ahead inc hosp,2020-11-18,06,quantile,0.5,599.9
2020-11-16,3 day ahead inc hosp,2020-11-19,06,quantile,0.5,608.4
2020-11-16,4 day ahead inc hosp,2020-11-20,06,quantile,0.5,617
2020-11-16,5 day ahead inc hosp,2020-11-21,06,quantile,0.5,625.7
2020-11-16,6 day ahead inc hosp,2020-11-22,06,quantile,0.5,634.4
2020-11-16,7 day ahead inc hosp,2020-11-23,06,quantile,0.5,643.3
2020-11-16,8 day ahead inc hosp,2020-11-24,06,quantile,0.5,652.2
2020-11-16,9 day ahead inc hosp,2020-11-25,06,quantile,0.5,661.2
2020-11-16,10 day ahead inc hosp,2020-11-26,06,quantile,0.5,670.3
2020-11-16,11 day ahead inc hosp,2020-11-27,06,quantile,0.5,679.5
2020-11-16,12 day ahead inc hosp,2020-11-28,06,quantile,0.5,688.8
2020-11-16,13 day ahead inc hosp,2020-11-29,06,quantile,0.5,698.2
2020-11-16,14 day ahead inc hosp,2020-11-30,06,quantile,0.5,707.7
2020-11-16,15 day ahead inc hosp,2020-12-01,06,quantile,0.5,717.2
2020-11-16,16 day ahead inc hosp,2020-12-02,06,quantile,0.5,726.9
2020-11-16,17 day ahead inc hosp,2020-12-03,06,quantile,0.5,736.6
2020-11-16,18 day ahead inc hosp,2020-12-04,06,quantile,0.5,746.4
2020-11-16,19 day ahead inc hosp,2020-12-05,06,quantile,0.5,756.3
2020-11-16,20 day ahead inc hosp,2020-12-06,06,quantile,0.5,766.3
2020-11-16,21 day ahead inc hosp,2020-12-07,06,quantile,0.5,776.4
2020-11-16,22 day ahead inc hosp,2020-12-08,06,quantile,0.5,786.6
2020-11-16,23 day ahead inc hosp,2020-12-09,06,quantile,0.5,796.8
2020-11-16,24 day ahead inc hosp,2020-12-10,06,quantile,0.5,807.1
2020-11-16,25 day ahead inc hosp,2020-12-11,06,quantile,0.5,817.5
2020-11-16,26 day ahead inc hosp,2020-12-12,06,quantile,0.5,828
2020-11-16,27 day ahead inc hosp,2020-12-13,06,quantile,0.5,838.6
2020-11-16,28 day ahead inc hosp,2020-12-14,06,quantile,0.5,849.2
2020-11-16,1 day ahead inc hosp,2020-11-17,06,quantile,0.55,595.4
2020-11-16,2 day ahead inc hosp,2020-11-18,06,quantile,0.55,603.9
2020-11-16,3 day ahead inc hosp,2020-11-19,06,quantile,0.55,612.4
2020-11-16,4 day ahead inc hosp,2020-11-20,06,quantile,0.55,621
2020-11-16,5 day ahead inc hosp,2020-11-21,06,quantile,0.55,629.7
2020-11-16,6 day ahead inc hosp,2020-11-22,06,quantile,0.55,638.5
2020-11-16,7 day ahead inc hosp,2020-11-23,06,quantile,0.55,647.4
2020-11-16,8 day ahead inc hosp,2020-11-24,06,quantile,0.55,656.3
2020-11-16,9 day ahead inc hosp,2020-11-25,06,quantile,0.55,665.4
2020-11-16,10 day ahead inc hosp,2020-11-26,06,quantile,0.55,674.5
2020-11-16,11 day ahead inc hosp,2020-11-27,06,quantile,0.55,683.7
2020-11-16,12 day ahead inc hosp,2020-11-28,06,quantile,0.55,693
2020-11-16,13 day ahead inc hosp,2020-11-29,06,quantile,0.55,702.4
2020-11-16,14 day ahead inc hosp,2020-11-30,06,quantile,0.55,711.9
2020-11-16,15 day ahead inc hosp,2020-12-01,06,quantile,0.55,721.5
2020-11-16,16 day ahead inc hosp,2020-12-02,06,quantile,0.55,731.2
2020-11-16,17 day ahead inc hosp,2020-12-03,06,quantile,0.55,740.9
2020-11-16,18 day ahead inc hosp,2020-12-04,06,quantile,0.55,750.8
2020-11-16,19 day ahead inc hosp,2020-12-05,06,quantile,0.55,760.7
2020-11-16,20 day ahead inc hosp,2020-12-06,06,quantile,0.55,770.7
2020-11-16,21 day ahead inc hosp,2020-12-07,06,quantile,0.55,780.8
2020-11-16,22 day ahead inc hosp,2020-12-08,06,quantile,0.55,791
2020-11-16,23 day ahead inc hosp,2020-12-09,06,quantile,0.55,801.3
2020-11-16,24 day ahead inc hosp,2020-12-10,06,quantile,0.55,811.6
2020-11-16,25 day ahead inc hosp,2020-12-11,06,quantile,0.55,822.1
2020-11-16,26 day ahead inc hosp,2020-12-12,06,quantile,0.55,832.6
2020-11-16,27 day ahead inc hosp,2020-12-13,06,quantile,0.55,843.2
2020-11-16,28 day ahead inc hosp,2020-12-14,06,quantile,0.55,853.8
2020-11-16,1 day ahead inc hosp,2020-11-17,06,quantile,0.6,599.4
2020-11-16,2 day ahead inc hosp,2020-11-18,06,quantile,0.6,607.9
2020-11-16,3 day ahead inc hosp,2020-11-19,06,quantile,0.6,616.5
2020-11-16,4 day ahead inc hosp,2020-11-20,06,quantile,0.6,625.1
2020-11-16,5 day ahead inc hosp,2020-11-21,06,quantile,0.6,633.8
2020-11-16,6 day ahead inc hosp,2020-11-22,06,quantile,0.6,642.6
2020-11-16,7 day ahead inc hosp,2020-11-23,06,quantile,0.6,651.5
2020-11-16,8 day ahead inc hosp,2020-11-24,06,quantile,0.6,660.5
2020-11-16,9 day ahead inc hosp,2020-11-25,06,quantile,0.6,669.6
2020-11-16,10 day ahead inc hosp,2020-11-26,06,quantile,0.6,678.7
2020-11-16,11 day ahead inc hosp,2020-11-27,06,quantile,0.6,688
2020-11-16,12 day ahead inc hosp,2020-11-28,06,quantile,0.6,697.3
2020-11-16,13 day ahead inc hosp,2020-11-29,06,quantile,0.6,706.7
2020-11-16,14 day ahead inc hosp,2020-11-30,06,quantile,0.6,716.3
2020-11-16,15 day ahead inc hosp,2020-12-01,06,quantile,0.6,725.9
2020-11-16,16 day ahead inc hosp,2020-12-02,06,quantile,0.6,735.5
2020-11-16,17 day ahead inc hosp,2020-12-03,06,quantile,0.6,745.3
2020-11-16,18 day ahead inc hosp,2020-12-04,06,quantile,0.6,755.2
2020-11-16,19 day ahead inc hosp,2020-12-05,06,quantile,0.6,765.1
2020-11-16,20 day ahead inc hosp,2020-12-06,06,quantile,0.6,775.2
2020-11-16,21 day ahead inc hosp,2020-12-07,06,quantile,0.6,785.3
2020-11-16,22 day ahead inc hosp,2020-12-08,06,quantile,0.6,795.5
2020-11-16,23 day ahead inc hosp,2020-12-09,06,quantile,0.6,805.8
2020-11-16,24 day ahead inc hosp,2020-12-10,06,quantile,0.6,816.2
2020-11-16,25 day ahead inc hosp,2020-12-11,06,quantile,0.6,826.6
2020-11-16,26 day ahead inc hosp,2020-12-12,06,quantile,0.6,837.2
2020-11-16,27 day ahead inc hosp,2020-12-13,06,quantile,0.6,847.8
2020-11-16,28 day ahead inc hosp,2020-12-14,06,quantile,0.6,858.5
2020-11-16,1 day ahead inc hosp,2020-11-17,06,quantile,0.65,603.6
2020-11-16,2 day ahead inc hosp,2020-11-18,06,quantile,0.65,612.1
2020-11-16,3 day ahead inc hosp,2020-11-19,06,quantile,0.65,620.7
2020-11-16,4 day ahead inc hosp,2020-11-20,06,quantile,0.65,629.3
2020-11-16,5 day ahead inc hosp,2020-11-21,06,quantile,0.65,638.1
2020-11-16,6 day ahead inc hosp,2020-11-22,06,quantile,0.65,646.9
2020-11-16,7 day ahead inc hosp,2020-11-23,06,quantile,0.65,655.8
2020-11-16,8 day ahead inc hosp,2020-11-24,06,quantile,0.65,664.8
2020-11-16,9 day ahead inc hosp,2020-11-25,06,quantile,0.65,673.9
2020-11-16,10 day ahead inc hosp,2020-11-26,06,quantile,0.65,683.1
2020-11-16,11 day ahead inc hosp,2020-11-27,06,quantile,0.65,692.4
2020-11-16,12 day ahead inc hosp,2020-11-28,06,quantile,0.65,701.7
2020-11-16,13 day ahead inc hosp,2020-11-29,06,quantile,0.65,711.2
2020-11-16,14 day ahead inc hosp,2020-11-30,06,quantile,0.65,720.7
2020-11-16,15 day ahead inc hosp,2020-12-01,06,quantile,0.65,730.4
2020-11-16,16 day ahead inc hosp,2020-12-02,06,quantile,0.65,740.1
2020-11-16,17 day ahead inc hosp,2020-12-03,06,quantile,0.65,749.9
2020-11-16,18 day ahead inc hosp,2020-12-04,06,quantile,0.65,759.8
2020-11-16,19 day ahead inc hosp,2020-12-05,06,quantile,0.65,769.7
2020-11-16,20 day ahead inc hosp,2020-12-06,06,quantile,0.65,779.8
2020-11-16,21 day ahead inc hosp,2020-12-07,06,quantile,0.65,790
2020-11-16,22 day ahead inc hosp,2020-12-08,06,quantile,0.65,800.2
2020-11-16,23 day ahead inc hosp,2020-12-09,06,quantile,0.65,810.5
2020-11-16,24 day ahead inc hosp,2020-12-10,06,quantile,0.65,820.9
2020-11-16,25 day ahead inc hosp,2020-12-11,06,quantile,0.65,831.4
2020-11-16,26 day ahead inc hosp,2020-12-12,06,quantile,0.65,842
2020-11-16,27 day ahead inc hosp,2020-12-13,06,quantile,0.65,852.6
2020-11-16,28 day ahead inc hosp,2020-12-14,06,quantile,0.65,863.3
2020-11-16,1 day ahead inc hosp,2020-11-17,06,quantile,0.7,608
2020-11-16,2 day ahead inc hosp,2020-11-18,06,quantile,0.7,616.5
2020-11-16,3 day ahead inc hosp,2020-11-19,06,quantile,0.7,625.1
2020-11-16,4 day ahead inc hosp,2020-11-20,06,quantile,0.7,633.8
2020-11-16,5 day ahead inc hosp,2020-11-21,06,quantile,0.7,642.6
2020-11-16,6 day ahead inc hosp,2020-11-22,06,quantile,0.7,651.4
2020-11-16,7 day ahead inc hosp,2020-11-23,06,quantile,0.7,660.4
2020-11-16,8 day ahead inc hosp,2020-11-24,06,quantile,0.7,669.4
2020-11-16,9 day ahead inc hosp,2020-11-25,06,quantile,0.7,678.5
2020-11-16,10 day ahead inc hosp,2020-11-26,06,quantile,0.7,687.7
2020-11-16,11 day ahead inc hosp,2020-11-27,06,quantile,0.7,697
2020-11-16,12 day ahead inc hosp,2020-11-28,06,quantile,0.7,706.4
2020-11-16,13 day ahead inc hosp,2020-11-29,06,quantile,0.7,715.9
2020-11-16,14 day ahead inc hosp,2020-11-30,06,quantile,0.7,725.4
2020-11-16,15 day ahead inc hosp,2020-12-01,06,quantile,0.7,735.1
2020-11-16,16 day ahead inc hosp,2020-12-02,06,quantile,0.7,744.8
2020-11-16,17 day ahead inc hosp,2020-12-03,06,quantile,0.7,754.7
2020-11-16,18 day ahead inc hosp,2020-12-04,06,quantile,0.7,764.6
2020-11-16,19 day ahead inc hosp,2020-12-05,06,quantile,0.7,774.6
2020-11-16,20 day ahead inc hosp,2020-12-06,06,quantile,0.7,784.7
2020-11-16,21 day ahead inc hosp,2020-12-07,06,quantile,0.7,794.8
2020-11-16,22 day ahead inc hosp,2020-12-08,06,quantile,0.7,805.1
2020-11-16,23 day ahead inc hosp,2020-12-09,06,quantile,0.7,815.5
2020-11-16,24 day ahead inc hosp,2020-12-10,06,quantile,0.7,825.9
2020-11-16,25 day ahead inc hosp,2020-12-11,06,quantile,0.7,836.4
2020-11-16,26 day ahead inc hosp,2020-12-12,06,quantile,0.7,847
2020-11-16,27 day ahead inc hosp,2020-12-13,06,quantile,0.7,857.7
2020-11-16,28 day ahead inc hosp,2020-12-14,06,quantile,0.7,868.4
2020-11-16,1 day ahead inc hosp,2020-11-17,06,quantile,0.75,612.7
2020-11-16,2 day ahead inc hosp,2020-11-18,06,quantile,0.75,621.3
2020-11-16,3 day ahead inc hosp,2020-11-19,06,quantile,0.75,629.9
2020-11-16,4 day ahead inc hosp,2020-11-20,06,quantile,0.75,638.6
2020-11-16,5 day ahead inc hosp,2020-11-21,06,quantile,0.75,647.4
2020-11-16,6 day ahead inc hosp,2020-11-22,06,quantile,0.75,656.3
2020-11-16,7 day ahead inc hosp,2020-11-23,06,quantile,0.75,665.3
2020-11-16,8 day ahead inc hosp,2020-11-24,06,quantile,0.75,674.3
2020-11-16,9 day ahead inc hosp,2020-11-25,06,quantile,0.75,683.4
2020-11-16,10 day ahead inc hosp,2020-11-26,06,quantile,0.75,692.7
2020-11-16,11 day ahead inc hosp,2020-11-27,06,quantile,0.75,702
2020-11-16,12 day ahead inc hosp,2020-11-28,06,quantile,0.75,711.4
2020-11-16,13 day ahead inc hosp,2020-11-29,06,quantile,0.75,720.9
2020-11-16,14 day ahead inc hosp,2020-11-30,06,quantile,0.75,730.5
2020-11-16,15 day ahead inc hosp,2020-12-01,06,quantile,0.75,740.2
2020-11-16,16 day ahead inc hosp,2020-12-02,06,quantile,0.75,750
2020-11-16,17 day ahead inc hosp,2020-12-03,06,quantile,0.75,759.8
2020-11-16,18 day ahead inc hosp,2020-12-04,06,quantile,0.75,769.8
2020-11-16,19 day ahead inc hosp,2020-12-05,06,quantile,0.75,779.8
2020-11-16,20 day ahead inc hosp,2020-12-06,06,quantile,0.75,789.9
2020-11-16,21 day ahead inc hosp,2020-12-07,06,quantile,0.75,800.1
2020-11-16,22 day ahead inc hosp,2020-12-08,06,quantile,0.75,810.4
2020-11-16,23 day ahead inc hosp,2020-12-09,06,quantile,0.75,820.8
2020-11-16,24 day ahead inc hosp,2020-12-10,06,quantile,0.75,831.3
2020-11-16,25 day ahead inc hosp,2020-12-11,06,quantile,0.75,841.8
2020-11-16,26 day ahead inc hosp,2020-12-12,06,quantile,0.75,852.4
2020-11-16,27 day ahead inc hosp,2020-12-13,06,quantile,0.75,863.1
2020-11-16,28 day ahead inc hosp,2020-12-14,06,quantile,0.75,873.9
2020-11-16,1 day ahead inc hosp,2020-11-17,06,quantile,0.8,618
2020-11-16,2 day ahead inc hosp,2020-11-18,06,quantile,0.8,626.6
2020-11-16,3 day ahead inc hosp,2020-11-19,06,quantile,0.8,635.3
2020-11-16,4 day ahead inc hosp,2020-11-20,06,quantile,0.8,644
2020-11-16,5 day ahead inc hosp,2020-11-21,06,quantile,0.8,652.8
2020-11-16,6 day ahead inc hosp,2020-11-22,06,quantile,0.8,661.7
2020-11-16,7 day ahead inc hosp,2020-11-23,06,quantile,0.8,670.7
2020-11-16,8 day ahead inc hosp,2020-11-24,06,quantile,0.8,679.8
2020-11-16,9 day ahead inc hosp,2020-11-25,06,quantile,0.8,689
2020-11-16,10 day ahead inc hosp,2020-11-26,06,quantile,0.8,698.2
2020-11-16,11 day ahead inc hosp,2020-11-27,06,quantile,0.8,707.6
2020-11-16,12 day ahead inc hosp,2020-11-28,06,quantile,0.8,717
2020-11-16,13 day ahead inc hosp,2020-11-29,06,quantile,0.8,726.5
2020-11-16,14 day ahead inc hosp,2020-11-30,06,quantile,0.8,736.2
2020-11-16,15 day ahead inc hosp,2020-12-01,06,quantile,0.8,745.9
2020-11-16,16 day ahead inc hosp,2020-12-02,06,quantile,0.8,755.7
2020-11-16,17 day ahead inc hosp,2020-12-03,06,quantile,0.8,765.6
2020-11-16,18 day ahead inc hosp,2020-12-04,06,quantile,0.8,775.6
2020-11-16,19 day ahead inc hosp,2020-12-05,06,quantile,0.8,785.6
2020-11-16,20 day ahead inc hosp,2020-12-06,06,quantile,0.8,795.8
2020-11-16,21 day ahead inc hosp,2020-12-07,06,quantile,0.8,806
2020-11-16,22 day ahead inc hosp,2020-12-08,06,quantile,0.8,816.3
2020-11-16,23 day ahead inc hosp,2020-12-09,06,quantile,0.8,826.7
2020-11-16,24 day ahead inc hosp,2020-12-10,06,quantile,0.8,837.2
2020-11-16,25 day ahead inc hosp,2020-12-11,06,quantile,0.8,847.8
2020-11-16,26 day ahead inc hosp,2020-12-12,06,quantile,0.8,858.5
2020-11-16,27 day ahead inc hosp,2020-12-13,06,quantile,0.8,869.2
2020-11-16,28 day ahead inc hosp,2020-12-14,06,quantile,0.8,880
2020-11-16,1 day ahead inc hosp,2020-11-17,06,quantile,0.85,624.2
2020-11-16,2 day ahead inc hosp,2020-11-18,06,quantile,0.85,632.8
2020-11-16,3 day ahead inc hosp,2020-11-19,06,quantile,0.85,641.5
2020-11-16,4 day ahead inc hosp,2020-11-20,06,quantile,0.85,650.2
2020-11-16,5 day ahead inc hosp,2020-11-21,06,quantile,0.85,659.1
2020-11-16,6 day ahead inc hosp,2020-11-22,06,quantile,0.85,668
2020-11-16,7 day ahead inc hosp,2020-11-23,06,quantile,0.85,677.1
2020-11-16,8 day ahead inc hosp,2020-11-24,06,quantile,0.85,686.2
2020-11-16,9 day ahead inc hosp,2020-11-25,06,quantile,0.85,695.4
2020-11-16,10 day ahead inc hosp,2020-11-26,06,quantile,0.85,704.7
2020-11-16,11 day ahead inc hosp,2020-11-27,06,quantile,0.85,714.1
2020-11-16,12 day ahead inc hosp,2020-11-28,06,quantile,0.85,723.5
2020-11-16,13 day ahead inc hosp,2020-11-29,06,quantile,0.85,733.1
2020-11-16,14 day ahead inc hosp,2020-11-30,06,quantile,0.85,742.8
2020-11-16,15 day ahead inc hosp,2020-12-01,06,quantile,0.85,752.5
2020-11-16,16 day ahead inc hosp,2020-12-02,06,quantile,0.85,762.4
2020-11-16,17 day ahead inc hosp,2020-12-03,06,quantile,0.85,772.3
2020-11-16,18 day ahead inc hosp,2020-12-04,06,quantile,0.85,782.3
2020-11-16,19 day ahead inc hosp,2020-12-05,06,quantile,0.85,792.4
2020-11-16,20 day ahead inc hosp,2020-12-06,06,quantile,0.85,802.6
2020-11-16,21 day ahead inc hosp,2020-12-07,06,quantile,0.85,812.9
2020-11-16,22 day ahead inc hosp,2020-12-08,06,quantile,0.85,823.2
2020-11-16,23 day ahead inc hosp,2020-12-09,06,quantile,0.85,833.7
2020-11-16,24 day ahead inc hosp,2020-12-10,06,quantile,0.85,844.2
2020-11-16,25 day ahead inc hosp,2020-12-11,06,quantile,0.85,854.8
2020-11-16,26 day ahead inc hosp,2020-12-12,06,quantile,0.85,865.5
2020-11-16,27 day ahead inc hosp,2020-12-13,06,quantile,0.85,876.3
2020-11-16,28 day ahead inc hosp,2020-12-14,06,quantile,0.85,887.1
2020-11-16,1 day ahead inc hosp,2020-11-17,06,quantile,0.9,631.9
2020-11-16,2 day ahead inc hosp,2020-11-18,06,quantile,0.9,640.6
2020-11-16,3 day ahead inc hosp,2020-11-19,06,quantile,0.9,649.3
2020-11-16,4 day ahead inc hosp,2020-11-20,06,quantile,0.9,658.1
2020-11-16,5 day ahead inc hosp,2020-11-21,06,quantile,0.9,667
2020-11-16,6 day ahead inc hosp,2020-11-22,06,quantile,0.9,676
2020-11-16,7 day ahead inc hosp,2020-11-23,06,quantile,0.9,685
2020-11-16,8 day ahead inc hosp,2020-11-24,06,quantile,0.9,694.2
2020-11-16,9 day ahead inc hosp,2020-11-25,06,quantile,0.9,703.5
2020-11-16,10 day ahead inc hosp,2020-11-26,06,quantile,0.9,712.8
2020-11-16,11 day ahead inc hosp,2020-11-27,06,quantile,0.9,722.2
2020-11-16,12 day ahead inc hosp,2020-11-28,06,quantile,0.9,731.7
2020-11-16,13 day ahead inc hosp,2020-11-29,06,quantile,0.9,741.4
2020-11-16,14 day ahead inc hosp,2020-11-30,06,quantile,0.9,751.1
2020-11-16,15 day ahead inc hosp,2020-12-01,06,quantile,0.9,760.9
2020-11-16,16 day ahead inc hosp,2020-12-02,06,quantile,0.9,770.7
2020-11-16,17 day ahead inc hosp,2020-12-03,06,quantile,0.9,780.7
2020-11-16,18 day ahead inc hosp,2020-12-04,06,quantile,0.9,790.8
2020-11-16,19 day ahead inc hosp,2020-12-05,06,quantile,0.9,800.9
2020-11-16,20 day ahead inc hosp,2020-12-06,06,quantile,0.9,811.2
2020-11-16,21 day ahead inc hosp,2020-12-07,06,quantile,0.9,821.5
2020-11-16,22 day ahead inc hosp,2020-12-08,06,quantile,0.9,831.9
2020-11-16,23 day ahead inc hosp,2020-12-09,06,quantile,0.9,842.4
2020-11-16,24 day ahead inc hosp,2020-12-10,06,quantile,0.9,853
2020-11-16,25 day ahead inc hosp,2020-12-11,06,quantile,0.9,863.6
2020-11-16,26 day ahead inc hosp,2020-12-12,06,quantile,0.9,874.4
2020-11-16,27 day ahead inc hosp,2020-12-13,06,quantile,0.9,885.2
2020-11-16,28 day ahead inc hosp,2020-12-14,06,quantile,0.9,896.1
2020-11-16,1 day ahead inc hosp,2020-11-17,06,quantile,0.95,643.4
2020-11-16,2 day ahead inc hosp,2020-11-18,06,quantile,0.95,652.1
2020-11-16,3 day ahead inc hosp,2020-11-19,06,quantile,0.95,660.9
2020-11-16,4 day ahead inc hosp,2020-11-20,06,quantile,0.95,669.8
2020-11-16,5 day ahead inc hosp,2020-11-21,06,quantile,0.95,678.7
2020-11-16,6 day ahead inc hosp,2020-11-22,06,quantile,0.95,687.8
2020-11-16,7 day ahead inc hosp,2020-11-23,06,quantile,0.95,696.9
2020-11-16,8 day ahead inc hosp,2020-11-24,06,quantile,0.95,706.1
2020-11-16,9 day ahead inc hosp,2020-11-25,06,quantile,0.95,715.4
2020-11-16,10 day ahead inc hosp,2020-11-26,06,quantile,0.95,724.8
2020-11-16,11 day ahead inc hosp,2020-11-27,06,quantile,0.95,734.3
2020-11-16,12 day ahead inc hosp,2020-11-28,06,quantile,0.95,743.9
2020-11-16,13 day ahead inc hosp,2020-11-29,06,quantile,0.95,753.6
2020-11-16,14 day ahead inc hosp,2020-11-30,06,quantile,0.95,763.4
2020-11-16,15 day ahead inc hosp,2020-12-01,06,quantile,0.95,773.2
2020-11-16,16 day ahead inc hosp,2020-12-02,06,quantile,0.95,783.2
2020-11-16,17 day ahead inc hosp,2020-12-03,06,quantile,0.95,793.2
2020-11-16,18 day ahead inc hosp,2020-12-04,06,quantile,0.95,803.4
2020-11-16,19 day ahead inc hosp,2020-12-05,06,quantile,0.95,813.6
2020-11-16,20 day ahead inc hosp,2020-12-06,06,quantile,0.95,823.9
2020-11-16,21 day ahead inc hosp,2020-12-07,06,quantile,0.95,834.3
2020-11-16,22 day ahead inc hosp,2020-12-08,06,quantile,0.95,844.8
2020-11-16,23 day ahead inc hosp,2020-12-09,06,quantile,0.95,855.3
2020-11-16,24 day ahead inc hosp,2020-12-10,06,quantile,0.95,866
2020-11-16,25 day ahead inc hosp,2020-12-11,06,quantile,0.95,876.7
2020-11-16,26 day ahead inc hosp,2020-12-12,06,quantile,0.95,887.5
2020-11-16,27 day ahead inc hosp,2020-12-13,06,quantile,0.95,898.4
2020-11-16,28 day ahead inc hosp,2020-12-14,06,quantile,0.95,909.4
2020-11-16,1 day ahead inc hosp,2020-11-17,06,quantile,0.975,653.3
2020-11-16,2 day ahead inc hosp,2020-11-18,06,quantile,0.975,662.1
2020-11-16,3 day ahead inc hosp,2020-11-19,06,quantile,0.975,670.9
2020-11-16,4 day ahead inc hosp,2020-11-20,06,quantile,0.975,679.9
2020-11-16,5 day ahead inc hosp,2020-11-21,06,quantile,0.975,688.9
2020-11-16,6 day ahead inc hosp,2020-11-22,06,quantile,0.975,698
2020-11-16,7 day ahead inc hosp,2020-11-23,06,quantile,0.975,707.2
2020-11-16,8 day ahead inc hosp,2020-11-24,06,quantile,0.975,716.4
2020-11-16,9 day ahead inc hosp,2020-11-25,06,quantile,0.975,725.8
2020-11-16,10 day ahead inc hosp,2020-11-26,06,quantile,0.975,735.3
2020-11-16,11 day ahead inc hosp,2020-11-27,06,quantile,0.975,744.8
2020-11-16,12 day ahead inc hosp,2020-11-28,06,quantile,0.975,754.5
2020-11-16,13 day ahead inc hosp,2020-11-29,06,quantile,0.975,764.2
2020-11-16,14 day ahead inc hosp,2020-11-30,06,quantile,0.975,774
2020-11-16,15 day ahead inc hosp,2020-12-01,06,quantile,0.975,784
2020-11-16,16 day ahead inc hosp,2020-12-02,06,quantile,0.975,794
2020-11-16,17 day ahead inc hosp,2020-12-03,06,quantile,0.975,804.1
2020-11-16,18 day ahead inc hosp,2020-12-04,06,quantile,0.975,814.3
2020-11-16,19 day ahead inc hosp,2020-12-05,06,quantile,0.975,824.5
2020-11-16,20 day ahead inc hosp,2020-12-06,06,quantile,0.975,834.9
2020-11-16,21 day ahead inc hosp,2020-12-07,06,quantile,0.975,845.4
2020-11-16,22 day ahead inc hosp,2020-12-08,06,quantile,0.975,855.9
2020-11-16,23 day ahead inc hosp,2020-12-09,06,quantile,0.975,866.5
2020-11-16,24 day ahead inc hosp,2020-12-10,06,quantile,0.975,877.3
2020-11-16,25 day ahead inc hosp,2020-12-11,06,quantile,0.975,888
2020-11-16,26 day ahead inc hosp,2020-12-12,06,quantile,0.975,898.9
2020-11-16,27 day ahead inc hosp,2020-12-13,06,quantile,0.975,909.9
2020-11-16,28 day ahead inc hosp,2020-12-14,06,quantile,0.975,920.9
2020-11-16,1 day ahead inc hosp,2020-11-17,06,quantile,0.99,664.9
2020-11-16,2 day ahead inc hosp,2020-11-18,06,quantile,0.99,673.7
2020-11-16,3 day ahead inc hosp,2020-11-19,06,quantile,0.99,682.6
2020-11-16,4 day ahead inc hosp,2020-11-20,06,quantile,0.99,691.6
2020-11-16,5 day ahead inc hosp,2020-11-21,06,quantile,0.99,700.7
2020-11-16,6 day ahead inc hosp,2020-11-22,06,quantile,0.99,709.9
2020-11-16,7 day ahead inc hosp,2020-11-23,06,quantile,0.99,719.1
2020-11-16,8 day ahead inc hosp,2020-11-24,06,quantile,0.99,728.4
2020-11-16,9 day ahead inc hosp,2020-11-25,06,quantile,0.99,737.9
2020-11-16,10 day ahead inc hosp,2020-11-26,06,quantile,0.99,747.4
2020-11-16,11 day ahead inc hosp,2020-11-27,06,quantile,0.99,757
2020-11-16,12 day ahead inc hosp,2020-11-28,06,quantile,0.99,766.7
2020-11-16,13 day ahead inc hosp,2020-11-29,06,quantile,0.99,776.5
2020-11-16,14 day ahead inc hosp,2020-11-30,06,quantile,0.99,786.4
2020-11-16,15 day ahead inc hosp,2020-12-01,06,quantile,0.99,796.4
2020-11-16,16 day ahead inc hosp,2020-12-02,06,quantile,0.99,806.5
2020-11-16,17 day ahead inc hosp,2020-12-03,06,quantile,0.99,816.7
2020-11-16,18 day ahead inc hosp,2020-12-04,06,quantile,0.99,826.9
2020-11-16,19 day ahead inc hosp,2020-12-05,06,quantile,0.99,837.3
2020-11-16,20 day ahead inc hosp,2020-12-06,06,quantile,0.99,847.7
2020-11-16,21 day ahead inc hosp,2020-12-07,06,quantile,0.99,858.3
2020-11-16,22 day ahead inc hosp,2020-12-08,06,quantile,0.99,868.9
2020-11-16,23 day ahead inc hosp,2020-12-09,06,quantile,0.99,879.6
2020-11-16,24 day ahead inc hosp,2020-12-10,06,quantile,0.99,890.4
2020-11-16,25 day ahead inc hosp,2020-12-11,06,quantile,0.99,901.2
2020-11-16,26 day ahead inc hosp,2020-12-12,06,quantile,0.99,912.2
2020-11-16,27 day ahead inc hosp,2020-12-13,06,quantile,0.99,923.2
2020-11-16,28 day ahead inc hosp,2020-12-14,06,quantile,0.99,934.3
2020-11-16,1 day ahead inc hosp,2020-11-17,06,point,NA,591.4
2020-11-16,2 day ahead inc hosp,2020-11-18,06,point,NA,599.9
2020-11-16,3 day ahead inc hosp,2020-11-19,06,point,NA,608.4
2020-11-16,4 day ahead inc hosp,2020-11-20,06,point,NA,617
2020-11-16,5 day ahead inc hosp,2020-11-21,06,point,NA,625.7
2020-11-16,6 day ahead inc hosp,2020-11-22,06,point,NA,634.4
2020-11-16,7 day ahead inc hosp,2020-11-23,06,point,NA,643.3
2020-11-16,8 day ahead inc hosp,2020-11-24,06,point,NA,652.2
2020-11-16,9 day ahead inc hosp,2020-11-25,06,point,NA,661.2
2020-11-16,10 day ahead inc hosp,2020-11-26,06,point,NA,670.3
2020-11-16,11 day ahead inc hosp,2020-11-27,06,point,NA,679.5
2020-11-16,12 day ahead inc hosp,2020-11-28,06,point,NA,688.8
2020-11-16,13 day ahead inc hosp,2020-11-29,06,point,NA,698.2
2020-11-16,14 day ahead inc hosp,2020-11-30,06,point,NA,707.7
2020-11-16,15 day ahead inc hosp,2020-12-01,06,point,NA,717.2
2020-11-16,16 day ahead inc hosp,2020-12-02,06,point,NA,726.9
2020-11-16,17 day ahead inc hosp,2020-12-03,06,point,NA,736.6
2020-11-16,18 day ahead inc hosp,2020-12-04,06,point,NA,746.4
2020-11-16,19 day ahead inc hosp,2020-12-05,06,point,NA,756.3
2020-11-16,20 day ahead inc hosp,2020-12-06,06,point,NA,766.3
2020-11-16,21 day ahead inc hosp,2020-12-07,06,point,NA,776.4
2020-11-16,22 day ahead inc hosp,2020-12-08,06,point,NA,786.6
2020-11-16,23 day ahead inc hosp,2020-12-09,06,point,NA,796.8
2020-11-16,24 day ahead inc hosp,2020-12-10,06,point,NA,807.1
2020-11-16,25 day ahead inc hosp,2020-12-11,06,point,NA,817.5
2020-11-16,26 day ahead inc hosp,2020-12-12,06,point,NA,828
2020-11-16,27 day ahead inc hosp,2020-12-13,06,point,NA,838.6
2020-11-16,28 day ahead inc hosp,2020-12-14,06,point,NA,849.2
2020-11-16,1 wk ahead inc death,2020-11-21,06,quantile,0.01,344.1
2020-11-16,2 wk ahead inc death,2020-11-28,06,quantile,0.01,409.9
2020-11-16,3 wk ahead inc death,2020-12-05,06,quantile,0.01,480.7
2020-11-16,4 wk ahead inc death,2020-12-12,06,quantile,0.01,554.3
2020-11-16,1 wk ahead inc death,2020-11-21,06,quantile,0.025,367.4
2020-11-16,2 wk ahead inc death,2020-11-28,06,quantile,0.025,433.4
2020-11-16,3 wk ahead inc death,2020-12-05,06,quantile,0.025,504.5
2020-11-16,4 wk ahead inc death,2020-12-12,06,quantile,0.025,578.4
2020-11-16,1 wk ahead inc death,2020-11-21,06,quantile,0.05,387.4
2020-11-16,2 wk ahead inc death,2020-11-28,06,quantile,0.05,453.6
2020-11-16,3 wk ahead inc death,2020-12-05,06,quantile,0.05,525
2020-11-16,4 wk ahead inc death,2020-12-12,06,quantile,0.05,599.1
2020-11-16,1 wk ahead inc death,2020-11-21,06,quantile,0.1,410.6
2020-11-16,2 wk ahead inc death,2020-11-28,06,quantile,0.1,477
2020-11-16,3 wk ahead inc death,2020-12-05,06,quantile,0.1,548.6
2020-11-16,4 wk ahead inc death,2020-12-12,06,quantile,0.1,622.9
2020-11-16,1 wk ahead inc death,2020-11-21,06,quantile,0.15,426.2
2020-11-16,2 wk ahead inc death,2020-11-28,06,quantile,0.15,492.7
2020-11-16,3 wk ahead inc death,2020-12-05,06,quantile,0.15,564.5
2020-11-16,4 wk ahead inc death,2020-12-12,06,quantile,0.15,639
2020-11-16,1 wk ahead inc death,2020-11-21,06,quantile,0.2,438.6
2020-11-16,2 wk ahead inc death,2020-11-28,06,quantile,0.2,505.3
2020-11-16,3 wk ahead inc death,2020-12-05,06,quantile,0.2,577.1
2020-11-16,4 wk ahead inc death,2020-12-12,06,quantile,0.2,651.8
2020-11-16,1 wk ahead inc death,2020-11-21,06,quantile,0.25,449.2
2020-11-16,2 wk ahead inc death,2020-11-28,06,quantile,0.25,516
2020-11-16,3 wk ahead inc death,2020-12-05,06,quantile,0.25,588
2020-11-16,4 wk ahead inc death,2020-12-12,06,quantile,0.25,662.8
2020-11-16,1 wk ahead inc death,2020-11-21,06,quantile,0.3,458.8
2020-11-16,2 wk ahead inc death,2020-11-28,06,quantile,0.3,525.6
2020-11-16,3 wk ahead inc death,2020-12-05,06,quantile,0.3,597.7
2020-11-16,4 wk ahead inc death,2020-12-12,06,quantile,0.3,672.7
2020-11-16,1 wk ahead inc death,2020-11-21,06,quantile,0.35,467.6
2020-11-16,2 wk ahead inc death,2020-11-28,06,quantile,0.35,534.6
2020-11-16,3 wk ahead inc death,2020-12-05,06,quantile,0.35,606.8
2020-11-16,4 wk ahead inc death,2020-12-12,06,quantile,0.35,681.8
2020-11-16,1 wk ahead inc death,2020-11-21,06,quantile,0.4,476
2020-11-16,2 wk ahead inc death,2020-11-28,06,quantile,0.4,543.1
2020-11-16,3 wk ahead inc death,2020-12-05,06,quantile,0.4,615.3
2020-11-16,4 wk ahead inc death,2020-12-12,06,quantile,0.4,690.5
2020-11-16,1 wk ahead inc death,2020-11-21,06,quantile,0.45,484.2
2020-11-16,2 wk ahead inc death,2020-11-28,06,quantile,0.45,551.3
2020-11-16,3 wk ahead inc death,2020-12-05,06,quantile,0.45,623.6
2020-11-16,4 wk ahead inc death,2020-12-12,06,quantile,0.45,698.9
2020-11-16,1 wk ahead inc death,2020-11-21,06,quantile,0.5,492.2
2020-11-16,2 wk ahead inc death,2020-11-28,06,quantile,0.5,559.3
2020-11-16,3 wk ahead inc death,2020-12-05,06,quantile,0.5,631.8
2020-11-16,4 wk ahead inc death,2020-12-12,06,quantile,0.5,707.1
2020-11-16,1 wk ahead inc death,2020-11-21,06,quantile,0.55,500.1
2020-11-16,2 wk ahead inc death,2020-11-28,06,quantile,0.55,567.4
2020-11-16,3 wk ahead inc death,2020-12-05,06,quantile,0.55,639.9
2020-11-16,4 wk ahead inc death,2020-12-12,06,quantile,0.55,715.4
2020-11-16,1 wk ahead inc death,2020-11-21,06,quantile,0.6,508.3
2020-11-16,2 wk ahead inc death,2020-11-28,06,quantile,0.6,575.6
2020-11-16,3 wk ahead inc death,2020-12-05,06,quantile,0.6,648.2
2020-11-16,4 wk ahead inc death,2020-12-12,06,quantile,0.6,723.8
2020-11-16,1 wk ahead inc death,2020-11-21,06,quantile,0.65,516.7
2020-11-16,2 wk ahead inc death,2020-11-28,06,quantile,0.65,584.1
2020-11-16,3 wk ahead inc death,2020-12-05,06,quantile,0.65,656.8
2020-11-16,4 wk ahead inc death,2020-12-12,06,quantile,0.65,732.4
2020-11-16,1 wk ahead inc death,2020-11-21,06,quantile,0.7,525.5
2020-11-16,2 wk ahead inc death,2020-11-28,06,quantile,0.7,593
2020-11-16,3 wk ahead inc death,2020-12-05,06,quantile,0.7,665.8
2020-11-16,4 wk ahead inc death,2020-12-12,06,quantile,0.7,741.6
2020-11-16,1 wk ahead inc death,2020-11-21,06,quantile,0.75,535.1
2020-11-16,2 wk ahead inc death,2020-11-28,06,quantile,0.75,602.7
2020-11-16,3 wk ahead inc death,2020-12-05,06,quantile,0.75,675.6
2020-11-16,4 wk ahead inc death,2020-12-12,06,quantile,0.75,751.4
2020-11-16,1 wk ahead inc death,2020-11-21,06,quantile,0.8,545.7
2020-11-16,2 wk ahead inc death,2020-11-28,06,quantile,0.8,613.4
2020-11-16,3 wk ahead inc death,2020-12-05,06,quantile,0.8,686.4
2020-11-16,4 wk ahead inc death,2020-12-12,06,quantile,0.8,762.4
2020-11-16,1 wk ahead inc death,2020-11-21,06,quantile,0.85,558.1
2020-11-16,2 wk ahead inc death,2020-11-28,06,quantile,0.85,625.9
2020-11-16,3 wk ahead inc death,2020-12-05,06,quantile,0.85,699.1
2020-11-16,4 wk ahead inc death,2020-12-12,06,quantile,0.85,775.2
2020-11-16,1 wk ahead inc death,2020-11-21,06,quantile,0.9,573.7
2020-11-16,2 wk ahead inc death,2020-11-28,06,quantile,0.9,641.7
2020-11-16,3 wk ahead inc death,2020-12-05,06,quantile,0.9,715
2020-11-16,4 wk ahead inc death,2020-12-12,06,quantile,0.9,791.3
2020-11-16,1 wk ahead inc death,2020-11-21,06,quantile,0.95,596.9
2020-11-16,2 wk ahead inc death,2020-11-28,06,quantile,0.95,665
2020-11-16,3 wk ahead inc death,2020-12-05,06,quantile,0.95,738.6
2020-11-16,4 wk ahead inc death,2020-12-12,06,quantile,0.95,815.2
2020-11-16,1 wk ahead inc death,2020-11-21,06,quantile,0.975,616.9
2020-11-16,2 wk ahead inc death,2020-11-28,06,quantile,0.975,685.3
2020-11-16,3 wk ahead inc death,2020-12-05,06,quantile,0.975,759.1
2020-11-16,4 wk ahead inc death,2020-12-12,06,quantile,0.975,835.9
2020-11-16,1 wk ahead inc death,2020-11-21,06,quantile,0.99,640.2
2020-11-16,2 wk ahead inc death,2020-11-28,06,quantile,0.99,708.8
2020-11-16,3 wk ahead inc death,2020-12-05,06,quantile,0.99,782.9
2020-11-16,4 wk ahead inc death,2020-12-12,06,quantile,0.99,859.9
2020-11-16,1 wk ahead inc death,2020-11-21,06,point,NA,492.2
2020-11-16,2 wk ahead inc death,2020-11-28,06,point,NA,559.3
2020-11-16,3 wk ahead inc death,2020-12-05,06,point,NA,631.8
2020-11-16,4 wk ahead inc death,2020-12-12,06,point,NA,707.1
