forecast_date,target,target_end_date,location,type,quantile,value
2020-11-23,1 wk ahead inc case,2020-11-28,06,quantile,0.025,74534
2020-11-23,2 wk ahead inc case,2020-12-05,06,quantile,0.025,98227
2020-11-23,3 wk ahead inc case,2020-12-12,06,quantile,0.025,128011
2020-11-23,4 wk ahead inc case,2020-12-19,06,quantile,0.025,164901
2020-11-23,1 wk ahead inc case,2020-11-28,06,quantile,0.1,78389
2020-11-23,2 wk ahead inc case,2020-12-05,06,quantile,0.1,102631
2020-11-23,3 wk ahead inc case,2020-12-12,06,quantile,0.1,133026
2020-11-23,4 wk ahead inc case,2020-12-19,06,quantile,0.1,170589
2020-11-23,1 wk ahead inc case,2020-11-28,06,quantile,0.25,81838
2020-11-23,2 wk ahead inc case,2020-12-05,06,quantile,0.25,106572
2020-11-23,3 wk ahead inc case,2020-12-12,06,quantile,0.25,137514
2020-11-23,4 wk ahead inc case,2020-12-19,06,quantile,0.25,175678
2020-11-23,1 wk ahead inc case,2020-11-28,06,quantile,0.5,85671
2020-11-23,2 wk ahead inc case,2020-12-05,06,quantile,0.5,110951
2020-11-23,3 wk ahead inc case,2020-12-12,06,quantile,0.5,142500
2020-11-23,4 wk ahead inc case,2020-12-19,06,quantile,0.5,181332
2020-11-23,1 wk ahead inc case,2020-11-28,06,quantile,0.75,89504
2020-11-23,2 wk ahead inc case,2020-12-05,06,quantile,0.75,115329
2020-11-23,3 wk ahead inc case,2020-12-12,06,quantile,0.75,147486
2020-11-23,4 wk ahead inc case,2020-12-19,06,quantile,0.75,186987
2020-11-23,1 wk ahead inc case,2020-11-28,06,quantile,0.9,92953
2020-11-23,2 wk ahead inc case,2020-12-05,06,quantile,0.9,119270
2020-11-23,3 wk ahead inc case,2020-12-12,06,quantile,0.9,151973
2020-11-23,4 wk ahead inc case,2020-12-19,06,quantile,0.9,192076
2020-11-23,1 wk ahead inc case,2020-11-28,06,quantile,0.975,96808
2020-11-23,2 wk ahead inc case,2020-12-05,06,quantile,0.975,123674
2020-11-23,3 wk ahead inc case,2020-12-12,06,quantile,0.975,156988
2020-11-23,4 wk ahead inc case,2020-12-19,06,quantile,0.975,197763
2020-11-23,1 wk ahead inc case,2020-11-28,06,point,NA,85671
2020-11-23,2 wk ahead inc case,2020-12-05,06,point,NA,110951
2020-11-23,3 wk ahead inc case,2020-12-12,06,point,NA,142500
2020-11-23,4 wk ahead inc case,2020-12-19,06,point,NA,181332
2020-11-23,1 day ahead inc hosp,2020-11-24,06,quantile,0.01,831.1
2020-11-23,2 day ahead inc hosp,2020-11-25,06,quantile,0.01,864.9
2020-11-23,3 day ahead inc hosp,2020-11-26,06,quantile,0.01,899.8
2020-11-23,4 day ahead inc hosp,2020-11-27,06,quantile,0.01,935.9
2020-11-23,5 day ahead inc hosp,2020-11-28,06,quantile,0.01,973.2
2020-11-23,6 day ahead inc hosp,2020-11-29,06,quantile,0.01,1011.7
2020-11-23,7 day ahead inc hosp,2020-11-30,06,quantile,0.01,1051.6
2020-11-23,8 day ahead inc hosp,2020-12-01,06,quantile,0.01,1092.7
2020-11-23,9 day ahead inc hosp,2020-12-02,06,quantile,0.01,1135.2
2020-11-23,10 day ahead inc hosp,2020-12-03,06,quantile,0.01,1179.2
2020-11-23,11 day ahead inc hosp,2020-12-04,06,quantile,0.01,1224.5
2020-11-23,12 day ahead inc hosp,2020-12-05,06,quantile,0.01,1271.3
2020-11-23,13 day ahead inc hosp,2020-12-06,06,quantile,0.01,1319.6
2020-11-23,14 day ahead inc hosp,2020-12-07,06,quantile,0.01,1369.4
2020-11-23,15 day ahead inc hosp,2020-12-08,06,quantile,0.01,1420.7
2020-11-23,16 day ahead inc hosp,2020-12-09,06,quantile,0.01,1473.6
2020-11-23,17 day ahead inc hosp,2020-12-10,06,quantile,0.01,1528.1
2020-11-23,18 day ahead inc hosp,2020-12-11,06,quantile,0.01,1584.3
2020-11-23,19 day ahead inc hosp,2020-12-12,06,quantile,0.01,1642
2020-11-23,20 day ahead inc hosp,2020-12-13,06,quantile,0.01,1701.5
2020-11-23,21 day ahead inc hosp,2020-12-14,06,quantile,0.01,1762.6
2020-11-23,22 day ahead inc hosp,2020-12-15,06,quantile,0.01,1825.4
2020-11-23,23 day ahead inc hosp,2020-12-16,06,quantile,0.01,1889.9
2020-11-23,24 day ahead inc hosp,2020-12-17,06,quantile,0.01,1956.2
2020-11-23,25 day ahead inc hosp,2020-12-18,06,quantile,0.01,2024.1
2020-11-23,26 day ahead inc hosp,2020-12-19,06,quantile,0.01,2093.9
2020-11-23,27 day ahead inc hosp,2020-12-20,06,quantile,0.01,2165.3
2020-11-23,28 day ahead inc hosp,2020-12-21,06,quantile,0.01,2238.6
2020-11-23,1 day ahead inc hosp,2020-11-24,06,quantile,0.025,845.3
2020-11-23,2 day ahead inc hosp,2020-11-25,06,quantile,0.025,879.3
2020-11-23,3 day ahead inc hosp,2020-11-26,06,quantile,0.025,914.4
2020-11-23,4 day ahead inc hosp,2020-11-27,06,quantile,0.025,950.7
2020-11-23,5 day ahead inc hosp,2020-11-28,06,quantile,0.025,988.2
2020-11-23,6 day ahead inc hosp,2020-11-29,06,quantile,0.025,1027
2020-11-23,7 day ahead inc hosp,2020-11-30,06,quantile,0.025,1067.1
2020-11-23,8 day ahead inc hosp,2020-12-01,06,quantile,0.025,1108.5
2020-11-23,9 day ahead inc hosp,2020-12-02,06,quantile,0.025,1151.2
2020-11-23,10 day ahead inc hosp,2020-12-03,06,quantile,0.025,1195.4
2020-11-23,11 day ahead inc hosp,2020-12-04,06,quantile,0.025,1241
2020-11-23,12 day ahead inc hosp,2020-12-05,06,quantile,0.025,1288.1
2020-11-23,13 day ahead inc hosp,2020-12-06,06,quantile,0.025,1336.6
2020-11-23,14 day ahead inc hosp,2020-12-07,06,quantile,0.025,1386.7
2020-11-23,15 day ahead inc hosp,2020-12-08,06,quantile,0.025,1438.3
2020-11-23,16 day ahead inc hosp,2020-12-09,06,quantile,0.025,1491.5
2020-11-23,17 day ahead inc hosp,2020-12-10,06,quantile,0.025,1546.3
2020-11-23,18 day ahead inc hosp,2020-12-11,06,quantile,0.025,1602.7
2020-11-23,19 day ahead inc hosp,2020-12-12,06,quantile,0.025,1660.7
2020-11-23,20 day ahead inc hosp,2020-12-13,06,quantile,0.025,1720.5
2020-11-23,21 day ahead inc hosp,2020-12-14,06,quantile,0.025,1781.9
2020-11-23,22 day ahead inc hosp,2020-12-15,06,quantile,0.025,1845
2020-11-23,23 day ahead inc hosp,2020-12-16,06,quantile,0.025,1909.9
2020-11-23,24 day ahead inc hosp,2020-12-17,06,quantile,0.025,1976.5
2020-11-23,25 day ahead inc hosp,2020-12-18,06,quantile,0.025,2044.8
2020-11-23,26 day ahead inc hosp,2020-12-19,06,quantile,0.025,2114.8
2020-11-23,27 day ahead inc hosp,2020-12-20,06,quantile,0.025,2186.7
2020-11-23,28 day ahead inc hosp,2020-12-21,06,quantile,0.025,2260.2
2020-11-23,1 day ahead inc hosp,2020-11-24,06,quantile,0.05,857.6
2020-11-23,2 day ahead inc hosp,2020-11-25,06,quantile,0.05,891.7
2020-11-23,3 day ahead inc hosp,2020-11-26,06,quantile,0.05,927
2020-11-23,4 day ahead inc hosp,2020-11-27,06,quantile,0.05,963.5
2020-11-23,5 day ahead inc hosp,2020-11-28,06,quantile,0.05,1001.2
2020-11-23,6 day ahead inc hosp,2020-11-29,06,quantile,0.05,1040.2
2020-11-23,7 day ahead inc hosp,2020-11-30,06,quantile,0.05,1080.4
2020-11-23,8 day ahead inc hosp,2020-12-01,06,quantile,0.05,1122
2020-11-23,9 day ahead inc hosp,2020-12-02,06,quantile,0.05,1165
2020-11-23,10 day ahead inc hosp,2020-12-03,06,quantile,0.05,1209.4
2020-11-23,11 day ahead inc hosp,2020-12-04,06,quantile,0.05,1255.2
2020-11-23,12 day ahead inc hosp,2020-12-05,06,quantile,0.05,1302.5
2020-11-23,13 day ahead inc hosp,2020-12-06,06,quantile,0.05,1351.2
2020-11-23,14 day ahead inc hosp,2020-12-07,06,quantile,0.05,1401.5
2020-11-23,15 day ahead inc hosp,2020-12-08,06,quantile,0.05,1453.4
2020-11-23,16 day ahead inc hosp,2020-12-09,06,quantile,0.05,1506.8
2020-11-23,17 day ahead inc hosp,2020-12-10,06,quantile,0.05,1561.8
2020-11-23,18 day ahead inc hosp,2020-12-11,06,quantile,0.05,1618.5
2020-11-23,19 day ahead inc hosp,2020-12-12,06,quantile,0.05,1676.8
2020-11-23,20 day ahead inc hosp,2020-12-13,06,quantile,0.05,1736.8
2020-11-23,21 day ahead inc hosp,2020-12-14,06,quantile,0.05,1798.5
2020-11-23,22 day ahead inc hosp,2020-12-15,06,quantile,0.05,1861.9
2020-11-23,23 day ahead inc hosp,2020-12-16,06,quantile,0.05,1927.1
2020-11-23,24 day ahead inc hosp,2020-12-17,06,quantile,0.05,1993.9
2020-11-23,25 day ahead inc hosp,2020-12-18,06,quantile,0.05,2062.5
2020-11-23,26 day ahead inc hosp,2020-12-19,06,quantile,0.05,2132.9
2020-11-23,27 day ahead inc hosp,2020-12-20,06,quantile,0.05,2205
2020-11-23,28 day ahead inc hosp,2020-12-21,06,quantile,0.05,2278.8
2020-11-23,1 day ahead inc hosp,2020-11-24,06,quantile,0.1,871.7
2020-11-23,2 day ahead inc hosp,2020-11-25,06,quantile,0.1,906.1
2020-11-23,3 day ahead inc hosp,2020-11-26,06,quantile,0.1,941.6
2020-11-23,4 day ahead inc hosp,2020-11-27,06,quantile,0.1,978.2
2020-11-23,5 day ahead inc hosp,2020-11-28,06,quantile,0.1,1016.1
2020-11-23,6 day ahead inc hosp,2020-11-29,06,quantile,0.1,1055.3
2020-11-23,7 day ahead inc hosp,2020-11-30,06,quantile,0.1,1095.8
2020-11-23,8 day ahead inc hosp,2020-12-01,06,quantile,0.1,1137.6
2020-11-23,9 day ahead inc hosp,2020-12-02,06,quantile,0.1,1180.9
2020-11-23,10 day ahead inc hosp,2020-12-03,06,quantile,0.1,1225.5
2020-11-23,11 day ahead inc hosp,2020-12-04,06,quantile,0.1,1271.5
2020-11-23,12 day ahead inc hosp,2020-12-05,06,quantile,0.1,1319.1
2020-11-23,13 day ahead inc hosp,2020-12-06,06,quantile,0.1,1368.1
2020-11-23,14 day ahead inc hosp,2020-12-07,06,quantile,0.1,1418.7
2020-11-23,15 day ahead inc hosp,2020-12-08,06,quantile,0.1,1470.8
2020-11-23,16 day ahead inc hosp,2020-12-09,06,quantile,0.1,1524.5
2020-11-23,17 day ahead inc hosp,2020-12-10,06,quantile,0.1,1579.8
2020-11-23,18 day ahead inc hosp,2020-12-11,06,quantile,0.1,1636.8
2020-11-23,19 day ahead inc hosp,2020-12-12,06,quantile,0.1,1695.4
2020-11-23,20 day ahead inc hosp,2020-12-13,06,quantile,0.1,1755.7
2020-11-23,21 day ahead inc hosp,2020-12-14,06,quantile,0.1,1817.7
2020-11-23,22 day ahead inc hosp,2020-12-15,06,quantile,0.1,1881.4
2020-11-23,23 day ahead inc hosp,2020-12-16,06,quantile,0.1,1946.9
2020-11-23,24 day ahead inc hosp,2020-12-17,06,quantile,0.1,2014
2020-11-23,25 day ahead inc hosp,2020-12-18,06,quantile,0.1,2083
2020-11-23,26 day ahead inc hosp,2020-12-19,06,quantile,0.1,2153.7
2020-11-23,27 day ahead inc hosp,2020-12-20,06,quantile,0.1,2226.1
2020-11-23,28 day ahead inc hosp,2020-12-21,06,quantile,0.1,2300.3
2020-11-23,1 day ahead inc hosp,2020-11-24,06,quantile,0.15,881.2
2020-11-23,2 day ahead inc hosp,2020-11-25,06,quantile,0.15,915.7
2020-11-23,3 day ahead inc hosp,2020-11-26,06,quantile,0.15,951.4
2020-11-23,4 day ahead inc hosp,2020-11-27,06,quantile,0.15,988.2
2020-11-23,5 day ahead inc hosp,2020-11-28,06,quantile,0.15,1026.2
2020-11-23,6 day ahead inc hosp,2020-11-29,06,quantile,0.15,1065.6
2020-11-23,7 day ahead inc hosp,2020-11-30,06,quantile,0.15,1106.2
2020-11-23,8 day ahead inc hosp,2020-12-01,06,quantile,0.15,1148.2
2020-11-23,9 day ahead inc hosp,2020-12-02,06,quantile,0.15,1191.6
2020-11-23,10 day ahead inc hosp,2020-12-03,06,quantile,0.15,1236.3
2020-11-23,11 day ahead inc hosp,2020-12-04,06,quantile,0.15,1282.6
2020-11-23,12 day ahead inc hosp,2020-12-05,06,quantile,0.15,1330.3
2020-11-23,13 day ahead inc hosp,2020-12-06,06,quantile,0.15,1379.5
2020-11-23,14 day ahead inc hosp,2020-12-07,06,quantile,0.15,1430.2
2020-11-23,15 day ahead inc hosp,2020-12-08,06,quantile,0.15,1482.5
2020-11-23,16 day ahead inc hosp,2020-12-09,06,quantile,0.15,1536.4
2020-11-23,17 day ahead inc hosp,2020-12-10,06,quantile,0.15,1591.9
2020-11-23,18 day ahead inc hosp,2020-12-11,06,quantile,0.15,1649.1
2020-11-23,19 day ahead inc hosp,2020-12-12,06,quantile,0.15,1707.9
2020-11-23,20 day ahead inc hosp,2020-12-13,06,quantile,0.15,1768.4
2020-11-23,21 day ahead inc hosp,2020-12-14,06,quantile,0.15,1830.6
2020-11-23,22 day ahead inc hosp,2020-12-15,06,quantile,0.15,1894.6
2020-11-23,23 day ahead inc hosp,2020-12-16,06,quantile,0.15,1960.2
2020-11-23,24 day ahead inc hosp,2020-12-17,06,quantile,0.15,2027.6
2020-11-23,25 day ahead inc hosp,2020-12-18,06,quantile,0.15,2096.8
2020-11-23,26 day ahead inc hosp,2020-12-19,06,quantile,0.15,2167.7
2020-11-23,27 day ahead inc hosp,2020-12-20,06,quantile,0.15,2240.4
2020-11-23,28 day ahead inc hosp,2020-12-21,06,quantile,0.15,2314.8
2020-11-23,1 day ahead inc hosp,2020-11-24,06,quantile,0.2,888.8
2020-11-23,2 day ahead inc hosp,2020-11-25,06,quantile,0.2,923.4
2020-11-23,3 day ahead inc hosp,2020-11-26,06,quantile,0.2,959.1
2020-11-23,4 day ahead inc hosp,2020-11-27,06,quantile,0.2,996.1
2020-11-23,5 day ahead inc hosp,2020-11-28,06,quantile,0.2,1034.2
2020-11-23,6 day ahead inc hosp,2020-11-29,06,quantile,0.2,1073.7
2020-11-23,7 day ahead inc hosp,2020-11-30,06,quantile,0.2,1114.4
2020-11-23,8 day ahead inc hosp,2020-12-01,06,quantile,0.2,1156.6
2020-11-23,9 day ahead inc hosp,2020-12-02,06,quantile,0.2,1200.1
2020-11-23,10 day ahead inc hosp,2020-12-03,06,quantile,0.2,1245
2020-11-23,11 day ahead inc hosp,2020-12-04,06,quantile,0.2,1291.3
2020-11-23,12 day ahead inc hosp,2020-12-05,06,quantile,0.2,1339.2
2020-11-23,13 day ahead inc hosp,2020-12-06,06,quantile,0.2,1388.5
2020-11-23,14 day ahead inc hosp,2020-12-07,06,quantile,0.2,1439.4
2020-11-23,15 day ahead inc hosp,2020-12-08,06,quantile,0.2,1491.9
2020-11-23,16 day ahead inc hosp,2020-12-09,06,quantile,0.2,1545.9
2020-11-23,17 day ahead inc hosp,2020-12-10,06,quantile,0.2,1601.6
2020-11-23,18 day ahead inc hosp,2020-12-11,06,quantile,0.2,1658.9
2020-11-23,19 day ahead inc hosp,2020-12-12,06,quantile,0.2,1717.9
2020-11-23,20 day ahead inc hosp,2020-12-13,06,quantile,0.2,1778.5
2020-11-23,21 day ahead inc hosp,2020-12-14,06,quantile,0.2,1840.9
2020-11-23,22 day ahead inc hosp,2020-12-15,06,quantile,0.2,1905
2020-11-23,23 day ahead inc hosp,2020-12-16,06,quantile,0.2,1970.8
2020-11-23,24 day ahead inc hosp,2020-12-17,06,quantile,0.2,2038.4
2020-11-23,25 day ahead inc hosp,2020-12-18,06,quantile,0.2,2107.8
2020-11-23,26 day ahead inc hosp,2020-12-19,06,quantile,0.2,2178.8
2020-11-23,27 day ahead inc hosp,2020-12-20,06,quantile,0.2,2251.7
2020-11-23,28 day ahead inc hosp,2020-12-21,06,quantile,0.2,2326.3
2020-11-23,1 day ahead inc hosp,2020-11-24,06,quantile,0.25,895.3
2020-11-23,2 day ahead inc hosp,2020-11-25,06,quantile,0.25,930
2020-11-23,3 day ahead inc hosp,2020-11-26,06,quantile,0.25,965.8
2020-11-23,4 day ahead inc hosp,2020-11-27,06,quantile,0.25,1002.9
2020-11-23,5 day ahead inc hosp,2020-11-28,06,quantile,0.25,1041.1
2020-11-23,6 day ahead inc hosp,2020-11-29,06,quantile,0.25,1080.7
2020-11-23,7 day ahead inc hosp,2020-11-30,06,quantile,0.25,1121.5
2020-11-23,8 day ahead inc hosp,2020-12-01,06,quantile,0.25,1163.7
2020-11-23,9 day ahead inc hosp,2020-12-02,06,quantile,0.25,1207.4
2020-11-23,10 day ahead inc hosp,2020-12-03,06,quantile,0.25,1252.4
2020-11-23,11 day ahead inc hosp,2020-12-04,06,quantile,0.25,1298.8
2020-11-23,12 day ahead inc hosp,2020-12-05,06,quantile,0.25,1346.8
2020-11-23,13 day ahead inc hosp,2020-12-06,06,quantile,0.25,1396.3
2020-11-23,14 day ahead inc hosp,2020-12-07,06,quantile,0.25,1447.3
2020-11-23,15 day ahead inc hosp,2020-12-08,06,quantile,0.25,1499.9
2020-11-23,16 day ahead inc hosp,2020-12-09,06,quantile,0.25,1554
2020-11-23,17 day ahead inc hosp,2020-12-10,06,quantile,0.25,1609.8
2020-11-23,18 day ahead inc hosp,2020-12-11,06,quantile,0.25,1667.3
2020-11-23,19 day ahead inc hosp,2020-12-12,06,quantile,0.25,1726.4
2020-11-23,20 day ahead inc hosp,2020-12-13,06,quantile,0.25,1787.2
2020-11-23,21 day ahead inc hosp,2020-12-14,06,quantile,0.25,1849.7
2020-11-23,22 day ahead inc hosp,2020-12-15,06,quantile,0.25,1914
2020-11-23,23 day ahead inc hosp,2020-12-16,06,quantile,0.25,1979.9
2020-11-23,24 day ahead inc hosp,2020-12-17,06,quantile,0.25,2047.7
2020-11-23,25 day ahead inc hosp,2020-12-18,06,quantile,0.25,2117.2
2020-11-23,26 day ahead inc hosp,2020-12-19,06,quantile,0.25,2188.4
2020-11-23,27 day ahead inc hosp,2020-12-20,06,quantile,0.25,2261.4
2020-11-23,28 day ahead inc hosp,2020-12-21,06,quantile,0.25,2336.2
2020-11-23,1 day ahead inc hosp,2020-11-24,06,quantile,0.3,901.1
2020-11-23,2 day ahead inc hosp,2020-11-25,06,quantile,0.3,935.9
2020-11-23,3 day ahead inc hosp,2020-11-26,06,quantile,0.3,971.8
2020-11-23,4 day ahead inc hosp,2020-11-27,06,quantile,0.3,1008.9
2020-11-23,5 day ahead inc hosp,2020-11-28,06,quantile,0.3,1047.3
2020-11-23,6 day ahead inc hosp,2020-11-29,06,quantile,0.3,1086.9
2020-11-23,7 day ahead inc hosp,2020-11-30,06,quantile,0.3,1127.9
2020-11-23,8 day ahead inc hosp,2020-12-01,06,quantile,0.3,1170.2
2020-11-23,9 day ahead inc hosp,2020-12-02,06,quantile,0.3,1213.9
2020-11-23,10 day ahead inc hosp,2020-12-03,06,quantile,0.3,1259
2020-11-23,11 day ahead inc hosp,2020-12-04,06,quantile,0.3,1305.6
2020-11-23,12 day ahead inc hosp,2020-12-05,06,quantile,0.3,1353.7
2020-11-23,13 day ahead inc hosp,2020-12-06,06,quantile,0.3,1403.2
2020-11-23,14 day ahead inc hosp,2020-12-07,06,quantile,0.3,1454.4
2020-11-23,15 day ahead inc hosp,2020-12-08,06,quantile,0.3,1507.1
2020-11-23,16 day ahead inc hosp,2020-12-09,06,quantile,0.3,1561.3
2020-11-23,17 day ahead inc hosp,2020-12-10,06,quantile,0.3,1617.3
2020-11-23,18 day ahead inc hosp,2020-12-11,06,quantile,0.3,1674.8
2020-11-23,19 day ahead inc hosp,2020-12-12,06,quantile,0.3,1734.1
2020-11-23,20 day ahead inc hosp,2020-12-13,06,quantile,0.3,1795
2020-11-23,21 day ahead inc hosp,2020-12-14,06,quantile,0.3,1857.6
2020-11-23,22 day ahead inc hosp,2020-12-15,06,quantile,0.3,1922
2020-11-23,23 day ahead inc hosp,2020-12-16,06,quantile,0.3,1988.1
2020-11-23,24 day ahead inc hosp,2020-12-17,06,quantile,0.3,2056
2020-11-23,25 day ahead inc hosp,2020-12-18,06,quantile,0.3,2125.6
2020-11-23,26 day ahead inc hosp,2020-12-19,06,quantile,0.3,2197
2020-11-23,27 day ahead inc hosp,2020-12-20,06,quantile,0.3,2270.2
2020-11-23,28 day ahead inc hosp,2020-12-21,06,quantile,0.3,2345.1
2020-11-23,1 day ahead inc hosp,2020-11-24,06,quantile,0.35,906.5
2020-11-23,2 day ahead inc hosp,2020-11-25,06,quantile,0.35,941.4
2020-11-23,3 day ahead inc hosp,2020-11-26,06,quantile,0.35,977.4
2020-11-23,4 day ahead inc hosp,2020-11-27,06,quantile,0.35,1014.6
2020-11-23,5 day ahead inc hosp,2020-11-28,06,quantile,0.35,1053
2020-11-23,6 day ahead inc hosp,2020-11-29,06,quantile,0.35,1092.7
2020-11-23,7 day ahead inc hosp,2020-11-30,06,quantile,0.35,1133.8
2020-11-23,8 day ahead inc hosp,2020-12-01,06,quantile,0.35,1176.2
2020-11-23,9 day ahead inc hosp,2020-12-02,06,quantile,0.35,1220
2020-11-23,10 day ahead inc hosp,2020-12-03,06,quantile,0.35,1265.2
2020-11-23,11 day ahead inc hosp,2020-12-04,06,quantile,0.35,1311.9
2020-11-23,12 day ahead inc hosp,2020-12-05,06,quantile,0.35,1360
2020-11-23,13 day ahead inc hosp,2020-12-06,06,quantile,0.35,1409.7
2020-11-23,14 day ahead inc hosp,2020-12-07,06,quantile,0.35,1460.9
2020-11-23,15 day ahead inc hosp,2020-12-08,06,quantile,0.35,1513.7
2020-11-23,16 day ahead inc hosp,2020-12-09,06,quantile,0.35,1568.1
2020-11-23,17 day ahead inc hosp,2020-12-10,06,quantile,0.35,1624.1
2020-11-23,18 day ahead inc hosp,2020-12-11,06,quantile,0.35,1681.8
2020-11-23,19 day ahead inc hosp,2020-12-12,06,quantile,0.35,1741.2
2020-11-23,20 day ahead inc hosp,2020-12-13,06,quantile,0.35,1802.2
2020-11-23,21 day ahead inc hosp,2020-12-14,06,quantile,0.35,1865
2020-11-23,22 day ahead inc hosp,2020-12-15,06,quantile,0.35,1929.5
2020-11-23,23 day ahead inc hosp,2020-12-16,06,quantile,0.35,1995.7
2020-11-23,24 day ahead inc hosp,2020-12-17,06,quantile,0.35,2063.7
2020-11-23,25 day ahead inc hosp,2020-12-18,06,quantile,0.35,2133.4
2020-11-23,26 day ahead inc hosp,2020-12-19,06,quantile,0.35,2205
2020-11-23,27 day ahead inc hosp,2020-12-20,06,quantile,0.35,2278.3
2020-11-23,28 day ahead inc hosp,2020-12-21,06,quantile,0.35,2353.3
2020-11-23,1 day ahead inc hosp,2020-11-24,06,quantile,0.4,911.7
2020-11-23,2 day ahead inc hosp,2020-11-25,06,quantile,0.4,946.6
2020-11-23,3 day ahead inc hosp,2020-11-26,06,quantile,0.4,982.7
2020-11-23,4 day ahead inc hosp,2020-11-27,06,quantile,0.4,1019.9
2020-11-23,5 day ahead inc hosp,2020-11-28,06,quantile,0.4,1058.4
2020-11-23,6 day ahead inc hosp,2020-11-29,06,quantile,0.4,1098.2
2020-11-23,7 day ahead inc hosp,2020-11-30,06,quantile,0.4,1139.4
2020-11-23,8 day ahead inc hosp,2020-12-01,06,quantile,0.4,1181.9
2020-11-23,9 day ahead inc hosp,2020-12-02,06,quantile,0.4,1225.7
2020-11-23,10 day ahead inc hosp,2020-12-03,06,quantile,0.4,1271
2020-11-23,11 day ahead inc hosp,2020-12-04,06,quantile,0.4,1317.8
2020-11-23,12 day ahead inc hosp,2020-12-05,06,quantile,0.4,1366.1
2020-11-23,13 day ahead inc hosp,2020-12-06,06,quantile,0.4,1415.8
2020-11-23,14 day ahead inc hosp,2020-12-07,06,quantile,0.4,1467.1
2020-11-23,15 day ahead inc hosp,2020-12-08,06,quantile,0.4,1520
2020-11-23,16 day ahead inc hosp,2020-12-09,06,quantile,0.4,1574.5
2020-11-23,17 day ahead inc hosp,2020-12-10,06,quantile,0.4,1630.7
2020-11-23,18 day ahead inc hosp,2020-12-11,06,quantile,0.4,1688.5
2020-11-23,19 day ahead inc hosp,2020-12-12,06,quantile,0.4,1747.9
2020-11-23,20 day ahead inc hosp,2020-12-13,06,quantile,0.4,1809.1
2020-11-23,21 day ahead inc hosp,2020-12-14,06,quantile,0.4,1871.9
2020-11-23,22 day ahead inc hosp,2020-12-15,06,quantile,0.4,1936.5
2020-11-23,23 day ahead inc hosp,2020-12-16,06,quantile,0.4,2002.9
2020-11-23,24 day ahead inc hosp,2020-12-17,06,quantile,0.4,2071
2020-11-23,25 day ahead inc hosp,2020-12-18,06,quantile,0.4,2140.9
2020-11-23,26 day ahead inc hosp,2020-12-19,06,quantile,0.4,2212.5
2020-11-23,27 day ahead inc hosp,2020-12-20,06,quantile,0.4,2285.9
2020-11-23,28 day ahead inc hosp,2020-12-21,06,quantile,0.4,2361.1
2020-11-23,1 day ahead inc hosp,2020-11-24,06,quantile,0.45,916.6
2020-11-23,2 day ahead inc hosp,2020-11-25,06,quantile,0.45,951.6
2020-11-23,3 day ahead inc hosp,2020-11-26,06,quantile,0.45,987.8
2020-11-23,4 day ahead inc hosp,2020-11-27,06,quantile,0.45,1025.1
2020-11-23,5 day ahead inc hosp,2020-11-28,06,quantile,0.45,1063.7
2020-11-23,6 day ahead inc hosp,2020-11-29,06,quantile,0.45,1103.6
2020-11-23,7 day ahead inc hosp,2020-11-30,06,quantile,0.45,1144.8
2020-11-23,8 day ahead inc hosp,2020-12-01,06,quantile,0.45,1187.3
2020-11-23,9 day ahead inc hosp,2020-12-02,06,quantile,0.45,1231.3
2020-11-23,10 day ahead inc hosp,2020-12-03,06,quantile,0.45,1276.7
2020-11-23,11 day ahead inc hosp,2020-12-04,06,quantile,0.45,1323.5
2020-11-23,12 day ahead inc hosp,2020-12-05,06,quantile,0.45,1371.9
2020-11-23,13 day ahead inc hosp,2020-12-06,06,quantile,0.45,1421.8
2020-11-23,14 day ahead inc hosp,2020-12-07,06,quantile,0.45,1473.2
2020-11-23,15 day ahead inc hosp,2020-12-08,06,quantile,0.45,1526.2
2020-11-23,16 day ahead inc hosp,2020-12-09,06,quantile,0.45,1580.8
2020-11-23,17 day ahead inc hosp,2020-12-10,06,quantile,0.45,1637
2020-11-23,18 day ahead inc hosp,2020-12-11,06,quantile,0.45,1694.9
2020-11-23,19 day ahead inc hosp,2020-12-12,06,quantile,0.45,1754.4
2020-11-23,20 day ahead inc hosp,2020-12-13,06,quantile,0.45,1815.7
2020-11-23,21 day ahead inc hosp,2020-12-14,06,quantile,0.45,1878.7
2020-11-23,22 day ahead inc hosp,2020-12-15,06,quantile,0.45,1943.4
2020-11-23,23 day ahead inc hosp,2020-12-16,06,quantile,0.45,2009.9
2020-11-23,24 day ahead inc hosp,2020-12-17,06,quantile,0.45,2078.1
2020-11-23,25 day ahead inc hosp,2020-12-18,06,quantile,0.45,2148.1
2020-11-23,26 day ahead inc hosp,2020-12-19,06,quantile,0.45,2219.8
2020-11-23,27 day ahead inc hosp,2020-12-20,06,quantile,0.45,2293.4
2020-11-23,28 day ahead inc hosp,2020-12-21,06,quantile,0.45,2368.7
2020-11-23,1 day ahead inc hosp,2020-11-24,06,quantile,0.5,921.5
2020-11-23,2 day ahead inc hosp,2020-11-25,06,quantile,0.5,956.6
2020-11-23,3 day ahead inc hosp,2020-11-26,06,quantile,0.5,992.8
2020-11-23,4 day ahead inc hosp,2020-11-27,06,quantile,0.5,1030.2
2020-11-23,5 day ahead inc hosp,2020-11-28,06,quantile,0.5,1068.9
2020-11-23,6 day ahead inc hosp,2020-11-29,06,quantile,0.5,1108.8
2020-11-23,7 day ahead inc hosp,2020-11-30,06,quantile,0.5,1150.1
2020-11-23,8 day ahead inc hosp,2020-12-01,06,quantile,0.5,1192.7
2020-11-23,9 day ahead inc hosp,2020-12-02,06,quantile,0.5,1236.8
2020-11-23,10 day ahead inc hosp,2020-12-03,06,quantile,0.5,1282.3
2020-11-23,11 day ahead inc hosp,2020-12-04,06,quantile,0.5,1329.2
2020-11-23,12 day ahead inc hosp,2020-12-05,06,quantile,0.5,1377.6
2020-11-23,13 day ahead inc hosp,2020-12-06,06,quantile,0.5,1427.6
2020-11-23,14 day ahead inc hosp,2020-12-07,06,quantile,0.5,1479.1
2020-11-23,15 day ahead inc hosp,2020-12-08,06,quantile,0.5,1532.2
2020-11-23,16 day ahead inc hosp,2020-12-09,06,quantile,0.5,1586.9
2020-11-23,17 day ahead inc hosp,2020-12-10,06,quantile,0.5,1643.2
2020-11-23,18 day ahead inc hosp,2020-12-11,06,quantile,0.5,1701.2
2020-11-23,19 day ahead inc hosp,2020-12-12,06,quantile,0.5,1760.9
2020-11-23,20 day ahead inc hosp,2020-12-13,06,quantile,0.5,1822.2
2020-11-23,21 day ahead inc hosp,2020-12-14,06,quantile,0.5,1885.3
2020-11-23,22 day ahead inc hosp,2020-12-15,06,quantile,0.5,1950.1
2020-11-23,23 day ahead inc hosp,2020-12-16,06,quantile,0.5,2016.7
2020-11-23,24 day ahead inc hosp,2020-12-17,06,quantile,0.5,2085
2020-11-23,25 day ahead inc hosp,2020-12-18,06,quantile,0.5,2155.1
2020-11-23,26 day ahead inc hosp,2020-12-19,06,quantile,0.5,2227
2020-11-23,27 day ahead inc hosp,2020-12-20,06,quantile,0.5,2300.7
2020-11-23,28 day ahead inc hosp,2020-12-21,06,quantile,0.5,2376.1
2020-11-23,1 day ahead inc hosp,2020-11-24,06,quantile,0.55,926.4
2020-11-23,2 day ahead inc hosp,2020-11-25,06,quantile,0.55,961.5
2020-11-23,3 day ahead inc hosp,2020-11-26,06,quantile,0.55,997.8
2020-11-23,4 day ahead inc hosp,2020-11-27,06,quantile,0.55,1035.3
2020-11-23,5 day ahead inc hosp,2020-11-28,06,quantile,0.55,1074
2020-11-23,6 day ahead inc hosp,2020-11-29,06,quantile,0.55,1114.1
2020-11-23,7 day ahead inc hosp,2020-11-30,06,quantile,0.55,1155.4
2020-11-23,8 day ahead inc hosp,2020-12-01,06,quantile,0.55,1198.2
2020-11-23,9 day ahead inc hosp,2020-12-02,06,quantile,0.55,1242.3
2020-11-23,10 day ahead inc hosp,2020-12-03,06,quantile,0.55,1287.8
2020-11-23,11 day ahead inc hosp,2020-12-04,06,quantile,0.55,1334.9
2020-11-23,12 day ahead inc hosp,2020-12-05,06,quantile,0.55,1383.4
2020-11-23,13 day ahead inc hosp,2020-12-06,06,quantile,0.55,1433.4
2020-11-23,14 day ahead inc hosp,2020-12-07,06,quantile,0.55,1485
2020-11-23,15 day ahead inc hosp,2020-12-08,06,quantile,0.55,1538.2
2020-11-23,16 day ahead inc hosp,2020-12-09,06,quantile,0.55,1593
2020-11-23,17 day ahead inc hosp,2020-12-10,06,quantile,0.55,1649.4
2020-11-23,18 day ahead inc hosp,2020-12-11,06,quantile,0.55,1707.5
2020-11-23,19 day ahead inc hosp,2020-12-12,06,quantile,0.55,1767.3
2020-11-23,20 day ahead inc hosp,2020-12-13,06,quantile,0.55,1828.7
2020-11-23,21 day ahead inc hosp,2020-12-14,06,quantile,0.55,1891.9
2020-11-23,22 day ahead inc hosp,2020-12-15,06,quantile,0.55,1956.9
2020-11-23,23 day ahead inc hosp,2020-12-16,06,quantile,0.55,2023.6
2020-11-23,24 day ahead inc hosp,2020-12-17,06,quantile,0.55,2092
2020-11-23,25 day ahead inc hosp,2020-12-18,06,quantile,0.55,2162.2
2020-11-23,26 day ahead inc hosp,2020-12-19,06,quantile,0.55,2234.2
2020-11-23,27 day ahead inc hosp,2020-12-20,06,quantile,0.55,2308
2020-11-23,28 day ahead inc hosp,2020-12-21,06,quantile,0.55,2383.5
2020-11-23,1 day ahead inc hosp,2020-11-24,06,quantile,0.6,931.4
2020-11-23,2 day ahead inc hosp,2020-11-25,06,quantile,0.6,966.6
2020-11-23,3 day ahead inc hosp,2020-11-26,06,quantile,0.6,1002.9
2020-11-23,4 day ahead inc hosp,2020-11-27,06,quantile,0.6,1040.5
2020-11-23,5 day ahead inc hosp,2020-11-28,06,quantile,0.6,1079.3
2020-11-23,6 day ahead inc hosp,2020-11-29,06,quantile,0.6,1119.4
2020-11-23,7 day ahead inc hosp,2020-11-30,06,quantile,0.6,1160.8
2020-11-23,8 day ahead inc hosp,2020-12-01,06,quantile,0.6,1203.6
2020-11-23,9 day ahead inc hosp,2020-12-02,06,quantile,0.6,1247.9
2020-11-23,10 day ahead inc hosp,2020-12-03,06,quantile,0.6,1293.5
2020-11-23,11 day ahead inc hosp,2020-12-04,06,quantile,0.6,1340.6
2020-11-23,12 day ahead inc hosp,2020-12-05,06,quantile,0.6,1389.2
2020-11-23,13 day ahead inc hosp,2020-12-06,06,quantile,0.6,1439.3
2020-11-23,14 day ahead inc hosp,2020-12-07,06,quantile,0.6,1491
2020-11-23,15 day ahead inc hosp,2020-12-08,06,quantile,0.6,1544.3
2020-11-23,16 day ahead inc hosp,2020-12-09,06,quantile,0.6,1599.2
2020-11-23,17 day ahead inc hosp,2020-12-10,06,quantile,0.6,1655.7
2020-11-23,18 day ahead inc hosp,2020-12-11,06,quantile,0.6,1713.9
2020-11-23,19 day ahead inc hosp,2020-12-12,06,quantile,0.6,1773.8
2020-11-23,20 day ahead inc hosp,2020-12-13,06,quantile,0.6,1835.4
2020-11-23,21 day ahead inc hosp,2020-12-14,06,quantile,0.6,1898.7
2020-11-23,22 day ahead inc hosp,2020-12-15,06,quantile,0.6,1963.7
2020-11-23,23 day ahead inc hosp,2020-12-16,06,quantile,0.6,2030.5
2020-11-23,24 day ahead inc hosp,2020-12-17,06,quantile,0.6,2099.1
2020-11-23,25 day ahead inc hosp,2020-12-18,06,quantile,0.6,2169.4
2020-11-23,26 day ahead inc hosp,2020-12-19,06,quantile,0.6,2241.5
2020-11-23,27 day ahead inc hosp,2020-12-20,06,quantile,0.6,2315.4
2020-11-23,28 day ahead inc hosp,2020-12-21,06,quantile,0.6,2391.1
2020-11-23,1 day ahead inc hosp,2020-11-24,06,quantile,0.65,936.5
2020-11-23,2 day ahead inc hosp,2020-11-25,06,quantile,0.65,971.8
2020-11-23,3 day ahead inc hosp,2020-11-26,06,quantile,0.65,1008.2
2020-11-23,4 day ahead inc hosp,2020-11-27,06,quantile,0.65,1045.8
2020-11-23,5 day ahead inc hosp,2020-11-28,06,quantile,0.65,1084.7
2020-11-23,6 day ahead inc hosp,2020-11-29,06,quantile,0.65,1124.9
2020-11-23,7 day ahead inc hosp,2020-11-30,06,quantile,0.65,1166.4
2020-11-23,8 day ahead inc hosp,2020-12-01,06,quantile,0.65,1209.3
2020-11-23,9 day ahead inc hosp,2020-12-02,06,quantile,0.65,1253.6
2020-11-23,10 day ahead inc hosp,2020-12-03,06,quantile,0.65,1299.3
2020-11-23,11 day ahead inc hosp,2020-12-04,06,quantile,0.65,1346.5
2020-11-23,12 day ahead inc hosp,2020-12-05,06,quantile,0.65,1395.2
2020-11-23,13 day ahead inc hosp,2020-12-06,06,quantile,0.65,1445.5
2020-11-23,14 day ahead inc hosp,2020-12-07,06,quantile,0.65,1497.3
2020-11-23,15 day ahead inc hosp,2020-12-08,06,quantile,0.65,1550.6
2020-11-23,16 day ahead inc hosp,2020-12-09,06,quantile,0.65,1605.6
2020-11-23,17 day ahead inc hosp,2020-12-10,06,quantile,0.65,1662.3
2020-11-23,18 day ahead inc hosp,2020-12-11,06,quantile,0.65,1720.6
2020-11-23,19 day ahead inc hosp,2020-12-12,06,quantile,0.65,1780.5
2020-11-23,20 day ahead inc hosp,2020-12-13,06,quantile,0.65,1842.2
2020-11-23,21 day ahead inc hosp,2020-12-14,06,quantile,0.65,1905.6
2020-11-23,22 day ahead inc hosp,2020-12-15,06,quantile,0.65,1970.8
2020-11-23,23 day ahead inc hosp,2020-12-16,06,quantile,0.65,2037.7
2020-11-23,24 day ahead inc hosp,2020-12-17,06,quantile,0.65,2106.4
2020-11-23,25 day ahead inc hosp,2020-12-18,06,quantile,0.65,2176.8
2020-11-23,26 day ahead inc hosp,2020-12-19,06,quantile,0.65,2249.1
2020-11-23,27 day ahead inc hosp,2020-12-20,06,quantile,0.65,2323.1
2020-11-23,28 day ahead inc hosp,2020-12-21,06,quantile,0.65,2398.9
2020-11-23,1 day ahead inc hosp,2020-11-24,06,quantile,0.7,941.9
2020-11-23,2 day ahead inc hosp,2020-11-25,06,quantile,0.7,977.2
2020-11-23,3 day ahead inc hosp,2020-11-26,06,quantile,0.7,1013.8
2020-11-23,4 day ahead inc hosp,2020-11-27,06,quantile,0.7,1051.5
2020-11-23,5 day ahead inc hosp,2020-11-28,06,quantile,0.7,1090.4
2020-11-23,6 day ahead inc hosp,2020-11-29,06,quantile,0.7,1130.7
2020-11-23,7 day ahead inc hosp,2020-11-30,06,quantile,0.7,1172.3
2020-11-23,8 day ahead inc hosp,2020-12-01,06,quantile,0.7,1215.3
2020-11-23,9 day ahead inc hosp,2020-12-02,06,quantile,0.7,1259.7
2020-11-23,10 day ahead inc hosp,2020-12-03,06,quantile,0.7,1305.5
2020-11-23,11 day ahead inc hosp,2020-12-04,06,quantile,0.7,1352.8
2020-11-23,12 day ahead inc hosp,2020-12-05,06,quantile,0.7,1401.6
2020-11-23,13 day ahead inc hosp,2020-12-06,06,quantile,0.7,1451.9
2020-11-23,14 day ahead inc hosp,2020-12-07,06,quantile,0.7,1503.8
2020-11-23,15 day ahead inc hosp,2020-12-08,06,quantile,0.7,1557.3
2020-11-23,16 day ahead inc hosp,2020-12-09,06,quantile,0.7,1612.4
2020-11-23,17 day ahead inc hosp,2020-12-10,06,quantile,0.7,1669.1
2020-11-23,18 day ahead inc hosp,2020-12-11,06,quantile,0.7,1727.5
2020-11-23,19 day ahead inc hosp,2020-12-12,06,quantile,0.7,1787.6
2020-11-23,20 day ahead inc hosp,2020-12-13,06,quantile,0.7,1849.4
2020-11-23,21 day ahead inc hosp,2020-12-14,06,quantile,0.7,1913
2020-11-23,22 day ahead inc hosp,2020-12-15,06,quantile,0.7,1978.3
2020-11-23,23 day ahead inc hosp,2020-12-16,06,quantile,0.7,2045.3
2020-11-23,24 day ahead inc hosp,2020-12-17,06,quantile,0.7,2114.1
2020-11-23,25 day ahead inc hosp,2020-12-18,06,quantile,0.7,2184.7
2020-11-23,26 day ahead inc hosp,2020-12-19,06,quantile,0.7,2257
2020-11-23,27 day ahead inc hosp,2020-12-20,06,quantile,0.7,2331.2
2020-11-23,28 day ahead inc hosp,2020-12-21,06,quantile,0.7,2407.1
2020-11-23,1 day ahead inc hosp,2020-11-24,06,quantile,0.75,947.7
2020-11-23,2 day ahead inc hosp,2020-11-25,06,quantile,0.75,983.2
2020-11-23,3 day ahead inc hosp,2020-11-26,06,quantile,0.75,1019.8
2020-11-23,4 day ahead inc hosp,2020-11-27,06,quantile,0.75,1057.6
2020-11-23,5 day ahead inc hosp,2020-11-28,06,quantile,0.75,1096.6
2020-11-23,6 day ahead inc hosp,2020-11-29,06,quantile,0.75,1137
2020-11-23,7 day ahead inc hosp,2020-11-30,06,quantile,0.75,1178.7
2020-11-23,8 day ahead inc hosp,2020-12-01,06,quantile,0.75,1221.8
2020-11-23,9 day ahead inc hosp,2020-12-02,06,quantile,0.75,1266.2
2020-11-23,10 day ahead inc hosp,2020-12-03,06,quantile,0.75,1312.2
2020-11-23,11 day ahead inc hosp,2020-12-04,06,quantile,0.75,1359.6
2020-11-23,12 day ahead inc hosp,2020-12-05,06,quantile,0.75,1408.5
2020-11-23,13 day ahead inc hosp,2020-12-06,06,quantile,0.75,1458.9
2020-11-23,14 day ahead inc hosp,2020-12-07,06,quantile,0.75,1510.9
2020-11-23,15 day ahead inc hosp,2020-12-08,06,quantile,0.75,1564.5
2020-11-23,16 day ahead inc hosp,2020-12-09,06,quantile,0.75,1619.7
2020-11-23,17 day ahead inc hosp,2020-12-10,06,quantile,0.75,1676.6
2020-11-23,18 day ahead inc hosp,2020-12-11,06,quantile,0.75,1735.1
2020-11-23,19 day ahead inc hosp,2020-12-12,06,quantile,0.75,1795.3
2020-11-23,20 day ahead inc hosp,2020-12-13,06,quantile,0.75,1857.2
2020-11-23,21 day ahead inc hosp,2020-12-14,06,quantile,0.75,1920.9
2020-11-23,22 day ahead inc hosp,2020-12-15,06,quantile,0.75,1986.3
2020-11-23,23 day ahead inc hosp,2020-12-16,06,quantile,0.75,2053.5
2020-11-23,24 day ahead inc hosp,2020-12-17,06,quantile,0.75,2122.4
2020-11-23,25 day ahead inc hosp,2020-12-18,06,quantile,0.75,2193.1
2020-11-23,26 day ahead inc hosp,2020-12-19,06,quantile,0.75,2265.6
2020-11-23,27 day ahead inc hosp,2020-12-20,06,quantile,0.75,2339.9
2020-11-23,28 day ahead inc hosp,2020-12-21,06,quantile,0.75,2416
2020-11-23,1 day ahead inc hosp,2020-11-24,06,quantile,0.8,954.2
2020-11-23,2 day ahead inc hosp,2020-11-25,06,quantile,0.8,989.8
2020-11-23,3 day ahead inc hosp,2020-11-26,06,quantile,0.8,1026.4
2020-11-23,4 day ahead inc hosp,2020-11-27,06,quantile,0.8,1064.3
2020-11-23,5 day ahead inc hosp,2020-11-28,06,quantile,0.8,1103.5
2020-11-23,6 day ahead inc hosp,2020-11-29,06,quantile,0.8,1144
2020-11-23,7 day ahead inc hosp,2020-11-30,06,quantile,0.8,1185.8
2020-11-23,8 day ahead inc hosp,2020-12-01,06,quantile,0.8,1228.9
2020-11-23,9 day ahead inc hosp,2020-12-02,06,quantile,0.8,1273.5
2020-11-23,10 day ahead inc hosp,2020-12-03,06,quantile,0.8,1319.6
2020-11-23,11 day ahead inc hosp,2020-12-04,06,quantile,0.8,1367.1
2020-11-23,12 day ahead inc hosp,2020-12-05,06,quantile,0.8,1416.1
2020-11-23,13 day ahead inc hosp,2020-12-06,06,quantile,0.8,1466.7
2020-11-23,14 day ahead inc hosp,2020-12-07,06,quantile,0.8,1518.8
2020-11-23,15 day ahead inc hosp,2020-12-08,06,quantile,0.8,1572.5
2020-11-23,16 day ahead inc hosp,2020-12-09,06,quantile,0.8,1627.8
2020-11-23,17 day ahead inc hosp,2020-12-10,06,quantile,0.8,1684.8
2020-11-23,18 day ahead inc hosp,2020-12-11,06,quantile,0.8,1743.5
2020-11-23,19 day ahead inc hosp,2020-12-12,06,quantile,0.8,1803.8
2020-11-23,20 day ahead inc hosp,2020-12-13,06,quantile,0.8,1865.9
2020-11-23,21 day ahead inc hosp,2020-12-14,06,quantile,0.8,1929.7
2020-11-23,22 day ahead inc hosp,2020-12-15,06,quantile,0.8,1995.3
2020-11-23,23 day ahead inc hosp,2020-12-16,06,quantile,0.8,2062.6
2020-11-23,24 day ahead inc hosp,2020-12-17,06,quantile,0.8,2131.7
2020-11-23,25 day ahead inc hosp,2020-12-18,06,quantile,0.8,2202.5
2020-11-23,26 day ahead inc hosp,2020-12-19,06,quantile,0.8,2275.2
2020-11-23,27 day ahead inc hosp,2020-12-20,06,quantile,0.8,2349.6
2020-11-23,28 day ahead inc hosp,2020-12-21,06,quantile,0.8,2425.9
2020-11-23,1 day ahead inc hosp,2020-11-24,06,quantile,0.85,961.8
2020-11-23,2 day ahead inc hosp,2020-11-25,06,quantile,0.85,997.4
2020-11-23,3 day ahead inc hosp,2020-11-26,06,quantile,0.85,1034.2
2020-11-23,4 day ahead inc hosp,2020-11-27,06,quantile,0.85,1072.2
2020-11-23,5 day ahead inc hosp,2020-11-28,06,quantile,0.85,1111.5
2020-11-23,6 day ahead inc hosp,2020-11-29,06,quantile,0.85,1152.1
2020-11-23,7 day ahead inc hosp,2020-11-30,06,quantile,0.85,1194
2020-11-23,8 day ahead inc hosp,2020-12-01,06,quantile,0.85,1237.3
2020-11-23,9 day ahead inc hosp,2020-12-02,06,quantile,0.85,1282
2020-11-23,10 day ahead inc hosp,2020-12-03,06,quantile,0.85,1328.2
2020-11-23,11 day ahead inc hosp,2020-12-04,06,quantile,0.85,1375.8
2020-11-23,12 day ahead inc hosp,2020-12-05,06,quantile,0.85,1425
2020-11-23,13 day ahead inc hosp,2020-12-06,06,quantile,0.85,1475.7
2020-11-23,14 day ahead inc hosp,2020-12-07,06,quantile,0.85,1528
2020-11-23,15 day ahead inc hosp,2020-12-08,06,quantile,0.85,1581.8
2020-11-23,16 day ahead inc hosp,2020-12-09,06,quantile,0.85,1637.3
2020-11-23,17 day ahead inc hosp,2020-12-10,06,quantile,0.85,1694.5
2020-11-23,18 day ahead inc hosp,2020-12-11,06,quantile,0.85,1753.3
2020-11-23,19 day ahead inc hosp,2020-12-12,06,quantile,0.85,1813.8
2020-11-23,20 day ahead inc hosp,2020-12-13,06,quantile,0.85,1876
2020-11-23,21 day ahead inc hosp,2020-12-14,06,quantile,0.85,1940
2020-11-23,22 day ahead inc hosp,2020-12-15,06,quantile,0.85,2005.7
2020-11-23,23 day ahead inc hosp,2020-12-16,06,quantile,0.85,2073.2
2020-11-23,24 day ahead inc hosp,2020-12-17,06,quantile,0.85,2142.5
2020-11-23,25 day ahead inc hosp,2020-12-18,06,quantile,0.85,2213.5
2020-11-23,26 day ahead inc hosp,2020-12-19,06,quantile,0.85,2286.3
2020-11-23,27 day ahead inc hosp,2020-12-20,06,quantile,0.85,2361
2020-11-23,28 day ahead inc hosp,2020-12-21,06,quantile,0.85,2437.4
2020-11-23,1 day ahead inc hosp,2020-11-24,06,quantile,0.9,971.3
2020-11-23,2 day ahead inc hosp,2020-11-25,06,quantile,0.9,1007.1
2020-11-23,3 day ahead inc hosp,2020-11-26,06,quantile,0.9,1044
2020-11-23,4 day ahead inc hosp,2020-11-27,06,quantile,0.9,1082.2
2020-11-23,5 day ahead inc hosp,2020-11-28,06,quantile,0.9,1121.6
2020-11-23,6 day ahead inc hosp,2020-11-29,06,quantile,0.9,1162.3
2020-11-23,7 day ahead inc hosp,2020-11-30,06,quantile,0.9,1204.4
2020-11-23,8 day ahead inc hosp,2020-12-01,06,quantile,0.9,1247.9
2020-11-23,9 day ahead inc hosp,2020-12-02,06,quantile,0.9,1292.7
2020-11-23,10 day ahead inc hosp,2020-12-03,06,quantile,0.9,1339.1
2020-11-23,11 day ahead inc hosp,2020-12-04,06,quantile,0.9,1386.9
2020-11-23,12 day ahead inc hosp,2020-12-05,06,quantile,0.9,1436.2
2020-11-23,13 day ahead inc hosp,2020-12-06,06,quantile,0.9,1487.1
2020-11-23,14 day ahead inc hosp,2020-12-07,06,quantile,0.9,1539.5
2020-11-23,15 day ahead inc hosp,2020-12-08,06,quantile,0.9,1593.6
2020-11-23,16 day ahead inc hosp,2020-12-09,06,quantile,0.9,1649.3
2020-11-23,17 day ahead inc hosp,2020-12-10,06,quantile,0.9,1706.6
2020-11-23,18 day ahead inc hosp,2020-12-11,06,quantile,0.9,1765.6
2020-11-23,19 day ahead inc hosp,2020-12-12,06,quantile,0.9,1826.3
2020-11-23,20 day ahead inc hosp,2020-12-13,06,quantile,0.9,1888.7
2020-11-23,21 day ahead inc hosp,2020-12-14,06,quantile,0.9,1952.9
2020-11-23,22 day ahead inc hosp,2020-12-15,06,quantile,0.9,2018.9
2020-11-23,23 day ahead inc hosp,2020-12-16,06,quantile,0.9,2086.6
2020-11-23,24 day ahead inc hosp,2020-12-17,06,quantile,0.9,2156
2020-11-23,25 day ahead inc hosp,2020-12-18,06,quantile,0.9,2227.3
2020-11-23,26 day ahead inc hosp,2020-12-19,06,quantile,0.9,2300.4
2020-11-23,27 day ahead inc hosp,2020-12-20,06,quantile,0.9,2375.2
2020-11-23,28 day ahead inc hosp,2020-12-21,06,quantile,0.9,2451.9
2020-11-23,1 day ahead inc hosp,2020-11-24,06,quantile,0.95,985.5
2020-11-23,2 day ahead inc hosp,2020-11-25,06,quantile,0.95,1021.4
2020-11-23,3 day ahead inc hosp,2020-11-26,06,quantile,0.95,1058.5
2020-11-23,4 day ahead inc hosp,2020-11-27,06,quantile,0.95,1096.9
2020-11-23,5 day ahead inc hosp,2020-11-28,06,quantile,0.95,1136.5
2020-11-23,6 day ahead inc hosp,2020-11-29,06,quantile,0.95,1177.5
2020-11-23,7 day ahead inc hosp,2020-11-30,06,quantile,0.95,1219.8
2020-11-23,8 day ahead inc hosp,2020-12-01,06,quantile,0.95,1263.5
2020-11-23,9 day ahead inc hosp,2020-12-02,06,quantile,0.95,1308.6
2020-11-23,10 day ahead inc hosp,2020-12-03,06,quantile,0.95,1355.2
2020-11-23,11 day ahead inc hosp,2020-12-04,06,quantile,0.95,1403.2
2020-11-23,12 day ahead inc hosp,2020-12-05,06,quantile,0.95,1452.8
2020-11-23,13 day ahead inc hosp,2020-12-06,06,quantile,0.95,1503.9
2020-11-23,14 day ahead inc hosp,2020-12-07,06,quantile,0.95,1556.7
2020-11-23,15 day ahead inc hosp,2020-12-08,06,quantile,0.95,1611
2020-11-23,16 day ahead inc hosp,2020-12-09,06,quantile,0.95,1666.9
2020-11-23,17 day ahead inc hosp,2020-12-10,06,quantile,0.95,1724.6
2020-11-23,18 day ahead inc hosp,2020-12-11,06,quantile,0.95,1783.9
2020-11-23,19 day ahead inc hosp,2020-12-12,06,quantile,0.95,1844.9
2020-11-23,20 day ahead inc hosp,2020-12-13,06,quantile,0.95,1907.6
2020-11-23,21 day ahead inc hosp,2020-12-14,06,quantile,0.95,1972.1
2020-11-23,22 day ahead inc hosp,2020-12-15,06,quantile,0.95,2038.3
2020-11-23,23 day ahead inc hosp,2020-12-16,06,quantile,0.95,2106.4
2020-11-23,24 day ahead inc hosp,2020-12-17,06,quantile,0.95,2176.2
2020-11-23,25 day ahead inc hosp,2020-12-18,06,quantile,0.95,2247.8
2020-11-23,26 day ahead inc hosp,2020-12-19,06,quantile,0.95,2321.2
2020-11-23,27 day ahead inc hosp,2020-12-20,06,quantile,0.95,2396.4
2020-11-23,28 day ahead inc hosp,2020-12-21,06,quantile,0.95,2473.3
2020-11-23,1 day ahead inc hosp,2020-11-24,06,quantile,0.975,997.7
2020-11-23,2 day ahead inc hosp,2020-11-25,06,quantile,0.975,1033.8
2020-11-23,3 day ahead inc hosp,2020-11-26,06,quantile,0.975,1071.1
2020-11-23,4 day ahead inc hosp,2020-11-27,06,quantile,0.975,1109.7
2020-11-23,5 day ahead inc hosp,2020-11-28,06,quantile,0.975,1149.5
2020-11-23,6 day ahead inc hosp,2020-11-29,06,quantile,0.975,1190.6
2020-11-23,7 day ahead inc hosp,2020-11-30,06,quantile,0.975,1233.1
2020-11-23,8 day ahead inc hosp,2020-12-01,06,quantile,0.975,1277
2020-11-23,9 day ahead inc hosp,2020-12-02,06,quantile,0.975,1322.3
2020-11-23,10 day ahead inc hosp,2020-12-03,06,quantile,0.975,1369.1
2020-11-23,11 day ahead inc hosp,2020-12-04,06,quantile,0.975,1417.4
2020-11-23,12 day ahead inc hosp,2020-12-05,06,quantile,0.975,1467.2
2020-11-23,13 day ahead inc hosp,2020-12-06,06,quantile,0.975,1518.6
2020-11-23,14 day ahead inc hosp,2020-12-07,06,quantile,0.975,1571.5
2020-11-23,15 day ahead inc hosp,2020-12-08,06,quantile,0.975,1626.1
2020-11-23,16 day ahead inc hosp,2020-12-09,06,quantile,0.975,1682.3
2020-11-23,17 day ahead inc hosp,2020-12-10,06,quantile,0.975,1740.1
2020-11-23,18 day ahead inc hosp,2020-12-11,06,quantile,0.975,1799.7
2020-11-23,19 day ahead inc hosp,2020-12-12,06,quantile,0.975,1861
2020-11-23,20 day ahead inc hosp,2020-12-13,06,quantile,0.975,1924
2020-11-23,21 day ahead inc hosp,2020-12-14,06,quantile,0.975,1988.7
2020-11-23,22 day ahead inc hosp,2020-12-15,06,quantile,0.975,2055.2
2020-11-23,23 day ahead inc hosp,2020-12-16,06,quantile,0.975,2123.5
2020-11-23,24 day ahead inc hosp,2020-12-17,06,quantile,0.975,2193.6
2020-11-23,25 day ahead inc hosp,2020-12-18,06,quantile,0.975,2265.5
2020-11-23,26 day ahead inc hosp,2020-12-19,06,quantile,0.975,2339.2
2020-11-23,27 day ahead inc hosp,2020-12-20,06,quantile,0.975,2414.7
2020-11-23,28 day ahead inc hosp,2020-12-21,06,quantile,0.975,2492
2020-11-23,1 day ahead inc hosp,2020-11-24,06,quantile,0.99,1011.9
2020-11-23,2 day ahead inc hosp,2020-11-25,06,quantile,0.99,1048.3
2020-11-23,3 day ahead inc hosp,2020-11-26,06,quantile,0.99,1085.8
2020-11-23,4 day ahead inc hosp,2020-11-27,06,quantile,0.99,1124.5
2020-11-23,5 day ahead inc hosp,2020-11-28,06,quantile,0.99,1164.6
2020-11-23,6 day ahead inc hosp,2020-11-29,06,quantile,0.99,1205.9
2020-11-23,7 day ahead inc hosp,2020-11-30,06,quantile,0.99,1248.7
2020-11-23,8 day ahead inc hosp,2020-12-01,06,quantile,0.99,1292.8
2020-11-23,9 day ahead inc hosp,2020-12-02,06,quantile,0.99,1338.3
2020-11-23,10 day ahead inc hosp,2020-12-03,06,quantile,0.99,1385.4
2020-11-23,11 day ahead inc hosp,2020-12-04,06,quantile,0.99,1433.9
2020-11-23,12 day ahead inc hosp,2020-12-05,06,quantile,0.99,1484
2020-11-23,13 day ahead inc hosp,2020-12-06,06,quantile,0.99,1535.6
2020-11-23,14 day ahead inc hosp,2020-12-07,06,quantile,0.99,1588.8
2020-11-23,15 day ahead inc hosp,2020-12-08,06,quantile,0.99,1643.6
2020-11-23,16 day ahead inc hosp,2020-12-09,06,quantile,0.99,1700.1
2020-11-23,17 day ahead inc hosp,2020-12-10,06,quantile,0.99,1758.3
2020-11-23,18 day ahead inc hosp,2020-12-11,06,quantile,0.99,1818.1
2020-11-23,19 day ahead inc hosp,2020-12-12,06,quantile,0.99,1879.7
2020-11-23,20 day ahead inc hosp,2020-12-13,06,quantile,0.99,1943
2020-11-23,21 day ahead inc hosp,2020-12-14,06,quantile,0.99,2008
2020-11-23,22 day ahead inc hosp,2020-12-15,06,quantile,0.99,2074.9
2020-11-23,23 day ahead inc hosp,2020-12-16,06,quantile,0.99,2143.5
2020-11-23,24 day ahead inc hosp,2020-12-17,06,quantile,0.99,2213.9
2020-11-23,25 day ahead inc hosp,2020-12-18,06,quantile,0.99,2286.1
2020-11-23,26 day ahead inc hosp,2020-12-19,06,quantile,0.99,2360.2
2020-11-23,27 day ahead inc hosp,2020-12-20,06,quantile,0.99,2436
2020-11-23,28 day ahead inc hosp,2020-12-21,06,quantile,0.99,2513.6
2020-11-23,1 day ahead inc hosp,2020-11-24,06,point,NA,921.5
2020-11-23,2 day ahead inc hosp,2020-11-25,06,point,NA,956.6
2020-11-23,3 day ahead inc hosp,2020-11-26,06,point,NA,992.8
2020-11-23,4 day ahead inc hosp,2020-11-27,06,point,NA,1030.2
2020-11-23,5 day ahead inc hosp,2020-11-28,06,point,NA,1068.9
2020-11-23,6 day ahead inc hosp,2020-11-29,06,point,NA,1108.8
2020-11-23,7 day ahead inc hosp,2020-11-30,06,point,NA,1150.1
2020-11-23,8 day ahead inc hosp,2020-12-01,06,point,NA,1192.7
2020-11-23,9 day ahead inc hosp,2020-12-02,06,point,NA,1236.8
2020-11-23,10 day ahead inc hosp,2020-12-03,06,point,NA,1282.3
2020-11-23,11 day ahead inc hosp,2020-12-04,06,point,NA,1329.2
2020-11-23,12 day ahead inc hosp,2020-12-05,06,point,NA,1377.6
2020-11-23,13 day ahead inc hosp,2020-12-06,06,point,NA,1427.6
2020-11-23,14 day ahead inc hosp,2020-12-07,06,point,NA,1479.1
2020-11-23,15 day ahead inc hosp,2020-12-08,06,point,NA,1532.2
2020-11-23,16 day ahead inc hosp,2020-12-09,06,point,NA,1586.9
2020-11-23,17 day ahead inc hosp,2020-12-10,06,point,NA,1643.2
2020-11-23,18 day ahead inc hosp,2020-12-11,06,point,NA,1701.2
2020-11-23,19 day ahead inc hosp,2020-12-12,06,point,NA,1760.9
2020-11-23,20 day ahead inc hosp,2020-12-13,06,point,NA,1822.2
2020-11-23,21 day ahead inc hosp,2020-12-14,06,point,NA,1885.3
2020-11-23,22 day ahead inc hosp,2020-12-15,06,point,NA,1950.1
2020-11-23,23 day ahead inc hosp,2020-12-16,06,point,NA,2016.7
2020-11-23,24 day ahead inc hosp,2020-12-17,06,point,NA,2085
2020-11-23,25 day ahead inc hosp,2020-12-18,06,point,NA,2155.1
2020-11-23,26 day ahead inc hosp,2020-12-19,06,point,NA,2227
2020-11-23,27 day ahead inc hosp,2020-12-20,06,point,NA,2300.7
2020-11-23,28 day ahead inc hosp,2020-12-21,06,point,NA,2376.1
2020-11-23,1 wk ahead inc death,2020-11-28,06,quantile,0.01,452.1
2020-11-23,2 wk ahead inc death,2020-12-05,06,quantile,0.01,610
2020-11-23,3 wk ahead inc death,2020-12-12,06,quantile,0.01,822.7
2020-11-23,4 wk ahead inc death,2020-12-19,06,quantile,0.01,1097.1
2020-11-23,1 wk ahead inc death,2020-11-28,06,quantile,0.025,475.7
2020-11-23,2 wk ahead inc death,2020-12-05,06,quantile,0.025,634.2
2020-11-23,3 wk ahead inc death,2020-12-12,06,quantile,0.025,847.6
2020-11-23,4 wk ahead inc death,2020-12-19,06,quantile,0.025,1122.9
2020-11-23,1 wk ahead inc death,2020-11-28,06,quantile,0.05,496.1
2020-11-23,2 wk ahead inc death,2020-12-05,06,quantile,0.05,655
2020-11-23,3 wk ahead inc death,2020-12-12,06,quantile,0.05,869
2020-11-23,4 wk ahead inc death,2020-12-19,06,quantile,0.05,1145.1
2020-11-23,1 wk ahead inc death,2020-11-28,06,quantile,0.1,519.6
2020-11-23,2 wk ahead inc death,2020-12-05,06,quantile,0.1,679
2020-11-23,3 wk ahead inc death,2020-12-12,06,quantile,0.1,893.7
2020-11-23,4 wk ahead inc death,2020-12-19,06,quantile,0.1,1170.7
2020-11-23,1 wk ahead inc death,2020-11-28,06,quantile,0.15,535.5
2020-11-23,2 wk ahead inc death,2020-12-05,06,quantile,0.15,695.2
2020-11-23,3 wk ahead inc death,2020-12-12,06,quantile,0.15,910.3
2020-11-23,4 wk ahead inc death,2020-12-19,06,quantile,0.15,1188
2020-11-23,1 wk ahead inc death,2020-11-28,06,quantile,0.2,548
2020-11-23,2 wk ahead inc death,2020-12-05,06,quantile,0.2,708
2020-11-23,3 wk ahead inc death,2020-12-12,06,quantile,0.2,923.6
2020-11-23,4 wk ahead inc death,2020-12-19,06,quantile,0.2,1201.7
2020-11-23,1 wk ahead inc death,2020-11-28,06,quantile,0.25,558.9
2020-11-23,2 wk ahead inc death,2020-12-05,06,quantile,0.25,719
2020-11-23,3 wk ahead inc death,2020-12-12,06,quantile,0.25,934.9
2020-11-23,4 wk ahead inc death,2020-12-19,06,quantile,0.25,1213.5
2020-11-23,1 wk ahead inc death,2020-11-28,06,quantile,0.3,568.6
2020-11-23,2 wk ahead inc death,2020-12-05,06,quantile,0.3,729
2020-11-23,3 wk ahead inc death,2020-12-12,06,quantile,0.3,945.1
2020-11-23,4 wk ahead inc death,2020-12-19,06,quantile,0.3,1224.1
2020-11-23,1 wk ahead inc death,2020-11-28,06,quantile,0.35,577.5
2020-11-23,2 wk ahead inc death,2020-12-05,06,quantile,0.35,738.1
2020-11-23,3 wk ahead inc death,2020-12-12,06,quantile,0.35,954.6
2020-11-23,4 wk ahead inc death,2020-12-19,06,quantile,0.35,1233.9
2020-11-23,1 wk ahead inc death,2020-11-28,06,quantile,0.4,586.1
2020-11-23,2 wk ahead inc death,2020-12-05,06,quantile,0.4,746.8
2020-11-23,3 wk ahead inc death,2020-12-12,06,quantile,0.4,963.5
2020-11-23,4 wk ahead inc death,2020-12-19,06,quantile,0.4,1243.2
2020-11-23,1 wk ahead inc death,2020-11-28,06,quantile,0.45,594.3
2020-11-23,2 wk ahead inc death,2020-12-05,06,quantile,0.45,755.3
2020-11-23,3 wk ahead inc death,2020-12-12,06,quantile,0.45,972.2
2020-11-23,4 wk ahead inc death,2020-12-19,06,quantile,0.45,1252.2
2020-11-23,1 wk ahead inc death,2020-11-28,06,quantile,0.5,602.5
2020-11-23,2 wk ahead inc death,2020-12-05,06,quantile,0.5,763.6
2020-11-23,3 wk ahead inc death,2020-12-12,06,quantile,0.5,980.7
2020-11-23,4 wk ahead inc death,2020-12-19,06,quantile,0.5,1261
2020-11-23,1 wk ahead inc death,2020-11-28,06,quantile,0.55,610.6
2020-11-23,2 wk ahead inc death,2020-12-05,06,quantile,0.55,771.9
2020-11-23,3 wk ahead inc death,2020-12-12,06,quantile,0.55,989.3
2020-11-23,4 wk ahead inc death,2020-12-19,06,quantile,0.55,1269.9
2020-11-23,1 wk ahead inc death,2020-11-28,06,quantile,0.6,618.8
2020-11-23,2 wk ahead inc death,2020-12-05,06,quantile,0.6,780.3
2020-11-23,3 wk ahead inc death,2020-12-12,06,quantile,0.6,998
2020-11-23,4 wk ahead inc death,2020-12-19,06,quantile,0.6,1278.9
2020-11-23,1 wk ahead inc death,2020-11-28,06,quantile,0.65,627.4
2020-11-23,2 wk ahead inc death,2020-12-05,06,quantile,0.65,789
2020-11-23,3 wk ahead inc death,2020-12-12,06,quantile,0.65,1006.9
2020-11-23,4 wk ahead inc death,2020-12-19,06,quantile,0.65,1288.2
2020-11-23,1 wk ahead inc death,2020-11-28,06,quantile,0.7,636.4
2020-11-23,2 wk ahead inc death,2020-12-05,06,quantile,0.7,798.2
2020-11-23,3 wk ahead inc death,2020-12-12,06,quantile,0.7,1016.4
2020-11-23,4 wk ahead inc death,2020-12-19,06,quantile,0.7,1298
2020-11-23,1 wk ahead inc death,2020-11-28,06,quantile,0.75,646.1
2020-11-23,2 wk ahead inc death,2020-12-05,06,quantile,0.75,808.1
2020-11-23,3 wk ahead inc death,2020-12-12,06,quantile,0.75,1026.6
2020-11-23,4 wk ahead inc death,2020-12-19,06,quantile,0.75,1308.6
2020-11-23,1 wk ahead inc death,2020-11-28,06,quantile,0.8,656.9
2020-11-23,2 wk ahead inc death,2020-12-05,06,quantile,0.8,819.1
2020-11-23,3 wk ahead inc death,2020-12-12,06,quantile,0.8,1037.9
2020-11-23,4 wk ahead inc death,2020-12-19,06,quantile,0.8,1320.3
2020-11-23,1 wk ahead inc death,2020-11-28,06,quantile,0.85,669.5
2020-11-23,2 wk ahead inc death,2020-12-05,06,quantile,0.85,832
2020-11-23,3 wk ahead inc death,2020-12-12,06,quantile,0.85,1051.2
2020-11-23,4 wk ahead inc death,2020-12-19,06,quantile,0.85,1334.1
2020-11-23,1 wk ahead inc death,2020-11-28,06,quantile,0.9,685.3
2020-11-23,2 wk ahead inc death,2020-12-05,06,quantile,0.9,848.2
2020-11-23,3 wk ahead inc death,2020-12-12,06,quantile,0.9,1067.8
2020-11-23,4 wk ahead inc death,2020-12-19,06,quantile,0.9,1351.3
2020-11-23,1 wk ahead inc death,2020-11-28,06,quantile,0.95,708.8
2020-11-23,2 wk ahead inc death,2020-12-05,06,quantile,0.95,872.2
2020-11-23,3 wk ahead inc death,2020-12-12,06,quantile,0.95,1092.5
2020-11-23,4 wk ahead inc death,2020-12-19,06,quantile,0.95,1376.9
2020-11-23,1 wk ahead inc death,2020-11-28,06,quantile,0.975,729.2
2020-11-23,2 wk ahead inc death,2020-12-05,06,quantile,0.975,893
2020-11-23,3 wk ahead inc death,2020-12-12,06,quantile,0.975,1113.9
2020-11-23,4 wk ahead inc death,2020-12-19,06,quantile,0.975,1399.2
2020-11-23,1 wk ahead inc death,2020-11-28,06,quantile,0.99,752.9
2020-11-23,2 wk ahead inc death,2020-12-05,06,quantile,0.99,917.1
2020-11-23,3 wk ahead inc death,2020-12-12,06,quantile,0.99,1138.8
2020-11-23,4 wk ahead inc death,2020-12-19,06,quantile,0.99,1425
2020-11-23,1 wk ahead inc death,2020-11-28,06,point,NA,602.5
2020-11-23,2 wk ahead inc death,2020-12-05,06,point,NA,763.6
2020-11-23,3 wk ahead inc death,2020-12-12,06,point,NA,980.7
2020-11-23,4 wk ahead inc death,2020-12-19,06,point,NA,1261
