forecast_date,target,target_end_date,location,type,quantile,value
2020-12-21,1 wk ahead inc case,2020-12-26,06,quantile,0.025,272986
2020-12-21,2 wk ahead inc case,2021-01-02,06,quantile,0.025,301054
2020-12-21,3 wk ahead inc case,2021-01-09,06,quantile,0.025,325298
2020-12-21,4 wk ahead inc case,2021-01-16,06,quantile,0.025,344483
2020-12-21,1 wk ahead inc case,2020-12-26,06,quantile,0.1,281384
2020-12-21,2 wk ahead inc case,2021-01-02,06,quantile,0.1,309854
2020-12-21,3 wk ahead inc case,2021-01-09,06,quantile,0.1,334427
2020-12-21,4 wk ahead inc case,2021-01-16,06,quantile,0.1,353856
2020-12-21,1 wk ahead inc case,2020-12-26,06,quantile,0.25,288899
2020-12-21,2 wk ahead inc case,2021-01-02,06,quantile,0.25,317728
2020-12-21,3 wk ahead inc case,2021-01-09,06,quantile,0.25,342595
2020-12-21,4 wk ahead inc case,2021-01-16,06,quantile,0.25,362243
2020-12-21,1 wk ahead inc case,2020-12-26,06,quantile,0.5,297248
2020-12-21,2 wk ahead inc case,2021-01-02,06,quantile,0.5,326476
2020-12-21,3 wk ahead inc case,2021-01-09,06,quantile,0.5,351670
2020-12-21,4 wk ahead inc case,2021-01-16,06,quantile,0.5,371562
2020-12-21,1 wk ahead inc case,2020-12-26,06,quantile,0.75,305598
2020-12-21,2 wk ahead inc case,2021-01-02,06,quantile,0.75,335225
2020-12-21,3 wk ahead inc case,2021-01-09,06,quantile,0.75,360745
2020-12-21,4 wk ahead inc case,2021-01-16,06,quantile,0.75,380881
2020-12-21,1 wk ahead inc case,2020-12-26,06,quantile,0.9,313112
2020-12-21,2 wk ahead inc case,2021-01-02,06,quantile,0.9,343099
2020-12-21,3 wk ahead inc case,2021-01-09,06,quantile,0.9,368914
2020-12-21,4 wk ahead inc case,2021-01-16,06,quantile,0.9,389269
2020-12-21,1 wk ahead inc case,2020-12-26,06,quantile,0.975,321510
2020-12-21,2 wk ahead inc case,2021-01-02,06,quantile,0.975,351898
2020-12-21,3 wk ahead inc case,2021-01-09,06,quantile,0.975,378042
2020-12-21,4 wk ahead inc case,2021-01-16,06,quantile,0.975,398642
2020-12-21,1 wk ahead inc case,2020-12-26,06,point,NA,297248
2020-12-21,2 wk ahead inc case,2021-01-02,06,point,NA,326476
2020-12-21,3 wk ahead inc case,2021-01-09,06,point,NA,351670
2020-12-21,4 wk ahead inc case,2021-01-16,06,point,NA,371562
2020-12-21,1 day ahead inc hosp,2020-12-22,06,quantile,0.01,2277
2020-12-21,2 day ahead inc hosp,2020-12-23,06,quantile,0.01,2311
2020-12-21,3 day ahead inc hosp,2020-12-24,06,quantile,0.01,2345
2020-12-21,4 day ahead inc hosp,2020-12-25,06,quantile,0.01,2379
2020-12-21,5 day ahead inc hosp,2020-12-26,06,quantile,0.01,2412
2020-12-21,6 day ahead inc hosp,2020-12-27,06,quantile,0.01,2444
2020-12-21,7 day ahead inc hosp,2020-12-28,06,quantile,0.01,2476
2020-12-21,8 day ahead inc hosp,2020-12-29,06,quantile,0.01,2508
2020-12-21,9 day ahead inc hosp,2020-12-30,06,quantile,0.01,2539
2020-12-21,10 day ahead inc hosp,2020-12-31,06,quantile,0.01,2569
2020-12-21,11 day ahead inc hosp,2021-01-01,06,quantile,0.01,2598
2020-12-21,12 day ahead inc hosp,2021-01-02,06,quantile,0.01,2627
2020-12-21,13 day ahead inc hosp,2021-01-03,06,quantile,0.01,2655
2020-12-21,14 day ahead inc hosp,2021-01-04,06,quantile,0.01,2683
2020-12-21,15 day ahead inc hosp,2021-01-05,06,quantile,0.01,2709
2020-12-21,16 day ahead inc hosp,2021-01-06,06,quantile,0.01,2735
2020-12-21,17 day ahead inc hosp,2021-01-07,06,quantile,0.01,2759
2020-12-21,18 day ahead inc hosp,2021-01-08,06,quantile,0.01,2783
2020-12-21,19 day ahead inc hosp,2021-01-09,06,quantile,0.01,2806
2020-12-21,20 day ahead inc hosp,2021-01-10,06,quantile,0.01,2828
2020-12-21,21 day ahead inc hosp,2021-01-11,06,quantile,0.01,2849
2020-12-21,22 day ahead inc hosp,2021-01-12,06,quantile,0.01,2868
2020-12-21,23 day ahead inc hosp,2021-01-13,06,quantile,0.01,2887
2020-12-21,24 day ahead inc hosp,2021-01-14,06,quantile,0.01,2904
2020-12-21,25 day ahead inc hosp,2021-01-15,06,quantile,0.01,2920
2020-12-21,26 day ahead inc hosp,2021-01-16,06,quantile,0.01,2936
2020-12-21,27 day ahead inc hosp,2021-01-17,06,quantile,0.01,2949
2020-12-21,28 day ahead inc hosp,2021-01-18,06,quantile,0.01,2962
2020-12-21,1 day ahead inc hosp,2020-12-22,06,quantile,0.025,2300
2020-12-21,2 day ahead inc hosp,2020-12-23,06,quantile,0.025,2334
2020-12-21,3 day ahead inc hosp,2020-12-24,06,quantile,0.025,2369
2020-12-21,4 day ahead inc hosp,2020-12-25,06,quantile,0.025,2402
2020-12-21,5 day ahead inc hosp,2020-12-26,06,quantile,0.025,2435
2020-12-21,6 day ahead inc hosp,2020-12-27,06,quantile,0.025,2468
2020-12-21,7 day ahead inc hosp,2020-12-28,06,quantile,0.025,2500
2020-12-21,8 day ahead inc hosp,2020-12-29,06,quantile,0.025,2532
2020-12-21,9 day ahead inc hosp,2020-12-30,06,quantile,0.025,2563
2020-12-21,10 day ahead inc hosp,2020-12-31,06,quantile,0.025,2593
2020-12-21,11 day ahead inc hosp,2021-01-01,06,quantile,0.025,2623
2020-12-21,12 day ahead inc hosp,2021-01-02,06,quantile,0.025,2651
2020-12-21,13 day ahead inc hosp,2021-01-03,06,quantile,0.025,2680
2020-12-21,14 day ahead inc hosp,2021-01-04,06,quantile,0.025,2707
2020-12-21,15 day ahead inc hosp,2021-01-05,06,quantile,0.025,2734
2020-12-21,16 day ahead inc hosp,2021-01-06,06,quantile,0.025,2759
2020-12-21,17 day ahead inc hosp,2021-01-07,06,quantile,0.025,2784
2020-12-21,18 day ahead inc hosp,2021-01-08,06,quantile,0.025,2808
2020-12-21,19 day ahead inc hosp,2021-01-09,06,quantile,0.025,2831
2020-12-21,20 day ahead inc hosp,2021-01-10,06,quantile,0.025,2853
2020-12-21,21 day ahead inc hosp,2021-01-11,06,quantile,0.025,2873
2020-12-21,22 day ahead inc hosp,2021-01-12,06,quantile,0.025,2893
2020-12-21,23 day ahead inc hosp,2021-01-13,06,quantile,0.025,2912
2020-12-21,24 day ahead inc hosp,2021-01-14,06,quantile,0.025,2929
2020-12-21,25 day ahead inc hosp,2021-01-15,06,quantile,0.025,2946
2020-12-21,26 day ahead inc hosp,2021-01-16,06,quantile,0.025,2961
2020-12-21,27 day ahead inc hosp,2021-01-17,06,quantile,0.025,2975
2020-12-21,28 day ahead inc hosp,2021-01-18,06,quantile,0.025,2987
2020-12-21,1 day ahead inc hosp,2020-12-22,06,quantile,0.05,2320
2020-12-21,2 day ahead inc hosp,2020-12-23,06,quantile,0.05,2354
2020-12-21,3 day ahead inc hosp,2020-12-24,06,quantile,0.05,2389
2020-12-21,4 day ahead inc hosp,2020-12-25,06,quantile,0.05,2422
2020-12-21,5 day ahead inc hosp,2020-12-26,06,quantile,0.05,2456
2020-12-21,6 day ahead inc hosp,2020-12-27,06,quantile,0.05,2488
2020-12-21,7 day ahead inc hosp,2020-12-28,06,quantile,0.05,2521
2020-12-21,8 day ahead inc hosp,2020-12-29,06,quantile,0.05,2552
2020-12-21,9 day ahead inc hosp,2020-12-30,06,quantile,0.05,2583
2020-12-21,10 day ahead inc hosp,2020-12-31,06,quantile,0.05,2614
2020-12-21,11 day ahead inc hosp,2021-01-01,06,quantile,0.05,2643
2020-12-21,12 day ahead inc hosp,2021-01-02,06,quantile,0.05,2672
2020-12-21,13 day ahead inc hosp,2021-01-03,06,quantile,0.05,2701
2020-12-21,14 day ahead inc hosp,2021-01-04,06,quantile,0.05,2728
2020-12-21,15 day ahead inc hosp,2021-01-05,06,quantile,0.05,2755
2020-12-21,16 day ahead inc hosp,2021-01-06,06,quantile,0.05,2780
2020-12-21,17 day ahead inc hosp,2021-01-07,06,quantile,0.05,2805
2020-12-21,18 day ahead inc hosp,2021-01-08,06,quantile,0.05,2829
2020-12-21,19 day ahead inc hosp,2021-01-09,06,quantile,0.05,2852
2020-12-21,20 day ahead inc hosp,2021-01-10,06,quantile,0.05,2874
2020-12-21,21 day ahead inc hosp,2021-01-11,06,quantile,0.05,2895
2020-12-21,22 day ahead inc hosp,2021-01-12,06,quantile,0.05,2915
2020-12-21,23 day ahead inc hosp,2021-01-13,06,quantile,0.05,2933
2020-12-21,24 day ahead inc hosp,2021-01-14,06,quantile,0.05,2951
2020-12-21,25 day ahead inc hosp,2021-01-15,06,quantile,0.05,2967
2020-12-21,26 day ahead inc hosp,2021-01-16,06,quantile,0.05,2982
2020-12-21,27 day ahead inc hosp,2021-01-17,06,quantile,0.05,2996
2020-12-21,28 day ahead inc hosp,2021-01-18,06,quantile,0.05,3009
2020-12-21,1 day ahead inc hosp,2020-12-22,06,quantile,0.1,2342
2020-12-21,2 day ahead inc hosp,2020-12-23,06,quantile,0.1,2377
2020-12-21,3 day ahead inc hosp,2020-12-24,06,quantile,0.1,2412
2020-12-21,4 day ahead inc hosp,2020-12-25,06,quantile,0.1,2446
2020-12-21,5 day ahead inc hosp,2020-12-26,06,quantile,0.1,2479
2020-12-21,6 day ahead inc hosp,2020-12-27,06,quantile,0.1,2512
2020-12-21,7 day ahead inc hosp,2020-12-28,06,quantile,0.1,2544
2020-12-21,8 day ahead inc hosp,2020-12-29,06,quantile,0.1,2576
2020-12-21,9 day ahead inc hosp,2020-12-30,06,quantile,0.1,2607
2020-12-21,10 day ahead inc hosp,2020-12-31,06,quantile,0.1,2637
2020-12-21,11 day ahead inc hosp,2021-01-01,06,quantile,0.1,2667
2020-12-21,12 day ahead inc hosp,2021-01-02,06,quantile,0.1,2696
2020-12-21,13 day ahead inc hosp,2021-01-03,06,quantile,0.1,2725
2020-12-21,14 day ahead inc hosp,2021-01-04,06,quantile,0.1,2752
2020-12-21,15 day ahead inc hosp,2021-01-05,06,quantile,0.1,2779
2020-12-21,16 day ahead inc hosp,2021-01-06,06,quantile,0.1,2805
2020-12-21,17 day ahead inc hosp,2021-01-07,06,quantile,0.1,2830
2020-12-21,18 day ahead inc hosp,2021-01-08,06,quantile,0.1,2854
2020-12-21,19 day ahead inc hosp,2021-01-09,06,quantile,0.1,2877
2020-12-21,20 day ahead inc hosp,2021-01-10,06,quantile,0.1,2899
2020-12-21,21 day ahead inc hosp,2021-01-11,06,quantile,0.1,2919
2020-12-21,22 day ahead inc hosp,2021-01-12,06,quantile,0.1,2939
2020-12-21,23 day ahead inc hosp,2021-01-13,06,quantile,0.1,2958
2020-12-21,24 day ahead inc hosp,2021-01-14,06,quantile,0.1,2976
2020-12-21,25 day ahead inc hosp,2021-01-15,06,quantile,0.1,2992
2020-12-21,26 day ahead inc hosp,2021-01-16,06,quantile,0.1,3007
2020-12-21,27 day ahead inc hosp,2021-01-17,06,quantile,0.1,3021
2020-12-21,28 day ahead inc hosp,2021-01-18,06,quantile,0.1,3034
2020-12-21,1 day ahead inc hosp,2020-12-22,06,quantile,0.15,2358
2020-12-21,2 day ahead inc hosp,2020-12-23,06,quantile,0.15,2393
2020-12-21,3 day ahead inc hosp,2020-12-24,06,quantile,0.15,2427
2020-12-21,4 day ahead inc hosp,2020-12-25,06,quantile,0.15,2461
2020-12-21,5 day ahead inc hosp,2020-12-26,06,quantile,0.15,2495
2020-12-21,6 day ahead inc hosp,2020-12-27,06,quantile,0.15,2528
2020-12-21,7 day ahead inc hosp,2020-12-28,06,quantile,0.15,2560
2020-12-21,8 day ahead inc hosp,2020-12-29,06,quantile,0.15,2592
2020-12-21,9 day ahead inc hosp,2020-12-30,06,quantile,0.15,2623
2020-12-21,10 day ahead inc hosp,2020-12-31,06,quantile,0.15,2653
2020-12-21,11 day ahead inc hosp,2021-01-01,06,quantile,0.15,2683
2020-12-21,12 day ahead inc hosp,2021-01-02,06,quantile,0.15,2712
2020-12-21,13 day ahead inc hosp,2021-01-03,06,quantile,0.15,2741
2020-12-21,14 day ahead inc hosp,2021-01-04,06,quantile,0.15,2768
2020-12-21,15 day ahead inc hosp,2021-01-05,06,quantile,0.15,2795
2020-12-21,16 day ahead inc hosp,2021-01-06,06,quantile,0.15,2821
2020-12-21,17 day ahead inc hosp,2021-01-07,06,quantile,0.15,2846
2020-12-21,18 day ahead inc hosp,2021-01-08,06,quantile,0.15,2870
2020-12-21,19 day ahead inc hosp,2021-01-09,06,quantile,0.15,2893
2020-12-21,20 day ahead inc hosp,2021-01-10,06,quantile,0.15,2915
2020-12-21,21 day ahead inc hosp,2021-01-11,06,quantile,0.15,2936
2020-12-21,22 day ahead inc hosp,2021-01-12,06,quantile,0.15,2956
2020-12-21,23 day ahead inc hosp,2021-01-13,06,quantile,0.15,2975
2020-12-21,24 day ahead inc hosp,2021-01-14,06,quantile,0.15,2992
2020-12-21,25 day ahead inc hosp,2021-01-15,06,quantile,0.15,3009
2020-12-21,26 day ahead inc hosp,2021-01-16,06,quantile,0.15,3024
2020-12-21,27 day ahead inc hosp,2021-01-17,06,quantile,0.15,3038
2020-12-21,28 day ahead inc hosp,2021-01-18,06,quantile,0.15,3051
2020-12-21,1 day ahead inc hosp,2020-12-22,06,quantile,0.2,2370
2020-12-21,2 day ahead inc hosp,2020-12-23,06,quantile,0.2,2405
2020-12-21,3 day ahead inc hosp,2020-12-24,06,quantile,0.2,2440
2020-12-21,4 day ahead inc hosp,2020-12-25,06,quantile,0.2,2474
2020-12-21,5 day ahead inc hosp,2020-12-26,06,quantile,0.2,2507
2020-12-21,6 day ahead inc hosp,2020-12-27,06,quantile,0.2,2540
2020-12-21,7 day ahead inc hosp,2020-12-28,06,quantile,0.2,2573
2020-12-21,8 day ahead inc hosp,2020-12-29,06,quantile,0.2,2604
2020-12-21,9 day ahead inc hosp,2020-12-30,06,quantile,0.2,2636
2020-12-21,10 day ahead inc hosp,2020-12-31,06,quantile,0.2,2666
2020-12-21,11 day ahead inc hosp,2021-01-01,06,quantile,0.2,2696
2020-12-21,12 day ahead inc hosp,2021-01-02,06,quantile,0.2,2725
2020-12-21,13 day ahead inc hosp,2021-01-03,06,quantile,0.2,2754
2020-12-21,14 day ahead inc hosp,2021-01-04,06,quantile,0.2,2781
2020-12-21,15 day ahead inc hosp,2021-01-05,06,quantile,0.2,2808
2020-12-21,16 day ahead inc hosp,2021-01-06,06,quantile,0.2,2834
2020-12-21,17 day ahead inc hosp,2021-01-07,06,quantile,0.2,2859
2020-12-21,18 day ahead inc hosp,2021-01-08,06,quantile,0.2,2883
2020-12-21,19 day ahead inc hosp,2021-01-09,06,quantile,0.2,2906
2020-12-21,20 day ahead inc hosp,2021-01-10,06,quantile,0.2,2928
2020-12-21,21 day ahead inc hosp,2021-01-11,06,quantile,0.2,2949
2020-12-21,22 day ahead inc hosp,2021-01-12,06,quantile,0.2,2969
2020-12-21,23 day ahead inc hosp,2021-01-13,06,quantile,0.2,2988
2020-12-21,24 day ahead inc hosp,2021-01-14,06,quantile,0.2,3006
2020-12-21,25 day ahead inc hosp,2021-01-15,06,quantile,0.2,3022
2020-12-21,26 day ahead inc hosp,2021-01-16,06,quantile,0.2,3037
2020-12-21,27 day ahead inc hosp,2021-01-17,06,quantile,0.2,3051
2020-12-21,28 day ahead inc hosp,2021-01-18,06,quantile,0.2,3064
2020-12-21,1 day ahead inc hosp,2020-12-22,06,quantile,0.25,2381
2020-12-21,2 day ahead inc hosp,2020-12-23,06,quantile,0.25,2416
2020-12-21,3 day ahead inc hosp,2020-12-24,06,quantile,0.25,2450
2020-12-21,4 day ahead inc hosp,2020-12-25,06,quantile,0.25,2484
2020-12-21,5 day ahead inc hosp,2020-12-26,06,quantile,0.25,2518
2020-12-21,6 day ahead inc hosp,2020-12-27,06,quantile,0.25,2551
2020-12-21,7 day ahead inc hosp,2020-12-28,06,quantile,0.25,2583
2020-12-21,8 day ahead inc hosp,2020-12-29,06,quantile,0.25,2615
2020-12-21,9 day ahead inc hosp,2020-12-30,06,quantile,0.25,2647
2020-12-21,10 day ahead inc hosp,2020-12-31,06,quantile,0.25,2677
2020-12-21,11 day ahead inc hosp,2021-01-01,06,quantile,0.25,2707
2020-12-21,12 day ahead inc hosp,2021-01-02,06,quantile,0.25,2736
2020-12-21,13 day ahead inc hosp,2021-01-03,06,quantile,0.25,2765
2020-12-21,14 day ahead inc hosp,2021-01-04,06,quantile,0.25,2793
2020-12-21,15 day ahead inc hosp,2021-01-05,06,quantile,0.25,2819
2020-12-21,16 day ahead inc hosp,2021-01-06,06,quantile,0.25,2845
2020-12-21,17 day ahead inc hosp,2021-01-07,06,quantile,0.25,2870
2020-12-21,18 day ahead inc hosp,2021-01-08,06,quantile,0.25,2895
2020-12-21,19 day ahead inc hosp,2021-01-09,06,quantile,0.25,2918
2020-12-21,20 day ahead inc hosp,2021-01-10,06,quantile,0.25,2940
2020-12-21,21 day ahead inc hosp,2021-01-11,06,quantile,0.25,2961
2020-12-21,22 day ahead inc hosp,2021-01-12,06,quantile,0.25,2981
2020-12-21,23 day ahead inc hosp,2021-01-13,06,quantile,0.25,2999
2020-12-21,24 day ahead inc hosp,2021-01-14,06,quantile,0.25,3017
2020-12-21,25 day ahead inc hosp,2021-01-15,06,quantile,0.25,3034
2020-12-21,26 day ahead inc hosp,2021-01-16,06,quantile,0.25,3049
2020-12-21,27 day ahead inc hosp,2021-01-17,06,quantile,0.25,3063
2020-12-21,28 day ahead inc hosp,2021-01-18,06,quantile,0.25,3076
2020-12-21,1 day ahead inc hosp,2020-12-22,06,quantile,0.3,2390
2020-12-21,2 day ahead inc hosp,2020-12-23,06,quantile,0.3,2425
2020-12-21,3 day ahead inc hosp,2020-12-24,06,quantile,0.3,2460
2020-12-21,4 day ahead inc hosp,2020-12-25,06,quantile,0.3,2494
2020-12-21,5 day ahead inc hosp,2020-12-26,06,quantile,0.3,2527
2020-12-21,6 day ahead inc hosp,2020-12-27,06,quantile,0.3,2561
2020-12-21,7 day ahead inc hosp,2020-12-28,06,quantile,0.3,2593
2020-12-21,8 day ahead inc hosp,2020-12-29,06,quantile,0.3,2625
2020-12-21,9 day ahead inc hosp,2020-12-30,06,quantile,0.3,2656
2020-12-21,10 day ahead inc hosp,2020-12-31,06,quantile,0.3,2687
2020-12-21,11 day ahead inc hosp,2021-01-01,06,quantile,0.3,2717
2020-12-21,12 day ahead inc hosp,2021-01-02,06,quantile,0.3,2746
2020-12-21,13 day ahead inc hosp,2021-01-03,06,quantile,0.3,2775
2020-12-21,14 day ahead inc hosp,2021-01-04,06,quantile,0.3,2803
2020-12-21,15 day ahead inc hosp,2021-01-05,06,quantile,0.3,2829
2020-12-21,16 day ahead inc hosp,2021-01-06,06,quantile,0.3,2855
2020-12-21,17 day ahead inc hosp,2021-01-07,06,quantile,0.3,2881
2020-12-21,18 day ahead inc hosp,2021-01-08,06,quantile,0.3,2905
2020-12-21,19 day ahead inc hosp,2021-01-09,06,quantile,0.3,2928
2020-12-21,20 day ahead inc hosp,2021-01-10,06,quantile,0.3,2950
2020-12-21,21 day ahead inc hosp,2021-01-11,06,quantile,0.3,2971
2020-12-21,22 day ahead inc hosp,2021-01-12,06,quantile,0.3,2991
2020-12-21,23 day ahead inc hosp,2021-01-13,06,quantile,0.3,3010
2020-12-21,24 day ahead inc hosp,2021-01-14,06,quantile,0.3,3027
2020-12-21,25 day ahead inc hosp,2021-01-15,06,quantile,0.3,3044
2020-12-21,26 day ahead inc hosp,2021-01-16,06,quantile,0.3,3059
2020-12-21,27 day ahead inc hosp,2021-01-17,06,quantile,0.3,3073
2020-12-21,28 day ahead inc hosp,2021-01-18,06,quantile,0.3,3086
2020-12-21,1 day ahead inc hosp,2020-12-22,06,quantile,0.35,2399
2020-12-21,2 day ahead inc hosp,2020-12-23,06,quantile,0.35,2434
2020-12-21,3 day ahead inc hosp,2020-12-24,06,quantile,0.35,2469
2020-12-21,4 day ahead inc hosp,2020-12-25,06,quantile,0.35,2503
2020-12-21,5 day ahead inc hosp,2020-12-26,06,quantile,0.35,2536
2020-12-21,6 day ahead inc hosp,2020-12-27,06,quantile,0.35,2570
2020-12-21,7 day ahead inc hosp,2020-12-28,06,quantile,0.35,2602
2020-12-21,8 day ahead inc hosp,2020-12-29,06,quantile,0.35,2634
2020-12-21,9 day ahead inc hosp,2020-12-30,06,quantile,0.35,2665
2020-12-21,10 day ahead inc hosp,2020-12-31,06,quantile,0.35,2696
2020-12-21,11 day ahead inc hosp,2021-01-01,06,quantile,0.35,2726
2020-12-21,12 day ahead inc hosp,2021-01-02,06,quantile,0.35,2756
2020-12-21,13 day ahead inc hosp,2021-01-03,06,quantile,0.35,2784
2020-12-21,14 day ahead inc hosp,2021-01-04,06,quantile,0.35,2812
2020-12-21,15 day ahead inc hosp,2021-01-05,06,quantile,0.35,2839
2020-12-21,16 day ahead inc hosp,2021-01-06,06,quantile,0.35,2865
2020-12-21,17 day ahead inc hosp,2021-01-07,06,quantile,0.35,2890
2020-12-21,18 day ahead inc hosp,2021-01-08,06,quantile,0.35,2914
2020-12-21,19 day ahead inc hosp,2021-01-09,06,quantile,0.35,2937
2020-12-21,20 day ahead inc hosp,2021-01-10,06,quantile,0.35,2959
2020-12-21,21 day ahead inc hosp,2021-01-11,06,quantile,0.35,2980
2020-12-21,22 day ahead inc hosp,2021-01-12,06,quantile,0.35,3000
2020-12-21,23 day ahead inc hosp,2021-01-13,06,quantile,0.35,3019
2020-12-21,24 day ahead inc hosp,2021-01-14,06,quantile,0.35,3037
2020-12-21,25 day ahead inc hosp,2021-01-15,06,quantile,0.35,3053
2020-12-21,26 day ahead inc hosp,2021-01-16,06,quantile,0.35,3069
2020-12-21,27 day ahead inc hosp,2021-01-17,06,quantile,0.35,3083
2020-12-21,28 day ahead inc hosp,2021-01-18,06,quantile,0.35,3095
2020-12-21,1 day ahead inc hosp,2020-12-22,06,quantile,0.4,2407
2020-12-21,2 day ahead inc hosp,2020-12-23,06,quantile,0.4,2442
2020-12-21,3 day ahead inc hosp,2020-12-24,06,quantile,0.4,2477
2020-12-21,4 day ahead inc hosp,2020-12-25,06,quantile,0.4,2511
2020-12-21,5 day ahead inc hosp,2020-12-26,06,quantile,0.4,2545
2020-12-21,6 day ahead inc hosp,2020-12-27,06,quantile,0.4,2578
2020-12-21,7 day ahead inc hosp,2020-12-28,06,quantile,0.4,2611
2020-12-21,8 day ahead inc hosp,2020-12-29,06,quantile,0.4,2643
2020-12-21,9 day ahead inc hosp,2020-12-30,06,quantile,0.4,2674
2020-12-21,10 day ahead inc hosp,2020-12-31,06,quantile,0.4,2705
2020-12-21,11 day ahead inc hosp,2021-01-01,06,quantile,0.4,2735
2020-12-21,12 day ahead inc hosp,2021-01-02,06,quantile,0.4,2764
2020-12-21,13 day ahead inc hosp,2021-01-03,06,quantile,0.4,2793
2020-12-21,14 day ahead inc hosp,2021-01-04,06,quantile,0.4,2821
2020-12-21,15 day ahead inc hosp,2021-01-05,06,quantile,0.4,2848
2020-12-21,16 day ahead inc hosp,2021-01-06,06,quantile,0.4,2874
2020-12-21,17 day ahead inc hosp,2021-01-07,06,quantile,0.4,2899
2020-12-21,18 day ahead inc hosp,2021-01-08,06,quantile,0.4,2923
2020-12-21,19 day ahead inc hosp,2021-01-09,06,quantile,0.4,2946
2020-12-21,20 day ahead inc hosp,2021-01-10,06,quantile,0.4,2968
2020-12-21,21 day ahead inc hosp,2021-01-11,06,quantile,0.4,2989
2020-12-21,22 day ahead inc hosp,2021-01-12,06,quantile,0.4,3009
2020-12-21,23 day ahead inc hosp,2021-01-13,06,quantile,0.4,3028
2020-12-21,24 day ahead inc hosp,2021-01-14,06,quantile,0.4,3046
2020-12-21,25 day ahead inc hosp,2021-01-15,06,quantile,0.4,3062
2020-12-21,26 day ahead inc hosp,2021-01-16,06,quantile,0.4,3078
2020-12-21,27 day ahead inc hosp,2021-01-17,06,quantile,0.4,3092
2020-12-21,28 day ahead inc hosp,2021-01-18,06,quantile,0.4,3105
2020-12-21,1 day ahead inc hosp,2020-12-22,06,quantile,0.45,2415
2020-12-21,2 day ahead inc hosp,2020-12-23,06,quantile,0.45,2450
2020-12-21,3 day ahead inc hosp,2020-12-24,06,quantile,0.45,2485
2020-12-21,4 day ahead inc hosp,2020-12-25,06,quantile,0.45,2519
2020-12-21,5 day ahead inc hosp,2020-12-26,06,quantile,0.45,2553
2020-12-21,6 day ahead inc hosp,2020-12-27,06,quantile,0.45,2586
2020-12-21,7 day ahead inc hosp,2020-12-28,06,quantile,0.45,2619
2020-12-21,8 day ahead inc hosp,2020-12-29,06,quantile,0.45,2651
2020-12-21,9 day ahead inc hosp,2020-12-30,06,quantile,0.45,2682
2020-12-21,10 day ahead inc hosp,2020-12-31,06,quantile,0.45,2713
2020-12-21,11 day ahead inc hosp,2021-01-01,06,quantile,0.45,2743
2020-12-21,12 day ahead inc hosp,2021-01-02,06,quantile,0.45,2773
2020-12-21,13 day ahead inc hosp,2021-01-03,06,quantile,0.45,2801
2020-12-21,14 day ahead inc hosp,2021-01-04,06,quantile,0.45,2829
2020-12-21,15 day ahead inc hosp,2021-01-05,06,quantile,0.45,2856
2020-12-21,16 day ahead inc hosp,2021-01-06,06,quantile,0.45,2882
2020-12-21,17 day ahead inc hosp,2021-01-07,06,quantile,0.45,2907
2020-12-21,18 day ahead inc hosp,2021-01-08,06,quantile,0.45,2931
2020-12-21,19 day ahead inc hosp,2021-01-09,06,quantile,0.45,2955
2020-12-21,20 day ahead inc hosp,2021-01-10,06,quantile,0.45,2977
2020-12-21,21 day ahead inc hosp,2021-01-11,06,quantile,0.45,2998
2020-12-21,22 day ahead inc hosp,2021-01-12,06,quantile,0.45,3018
2020-12-21,23 day ahead inc hosp,2021-01-13,06,quantile,0.45,3037
2020-12-21,24 day ahead inc hosp,2021-01-14,06,quantile,0.45,3055
2020-12-21,25 day ahead inc hosp,2021-01-15,06,quantile,0.45,3071
2020-12-21,26 day ahead inc hosp,2021-01-16,06,quantile,0.45,3086
2020-12-21,27 day ahead inc hosp,2021-01-17,06,quantile,0.45,3100
2020-12-21,28 day ahead inc hosp,2021-01-18,06,quantile,0.45,3113
2020-12-21,1 day ahead inc hosp,2020-12-22,06,quantile,0.5,2423
2020-12-21,2 day ahead inc hosp,2020-12-23,06,quantile,0.5,2458
2020-12-21,3 day ahead inc hosp,2020-12-24,06,quantile,0.5,2493
2020-12-21,4 day ahead inc hosp,2020-12-25,06,quantile,0.5,2527
2020-12-21,5 day ahead inc hosp,2020-12-26,06,quantile,0.5,2561
2020-12-21,6 day ahead inc hosp,2020-12-27,06,quantile,0.5,2594
2020-12-21,7 day ahead inc hosp,2020-12-28,06,quantile,0.5,2627
2020-12-21,8 day ahead inc hosp,2020-12-29,06,quantile,0.5,2659
2020-12-21,9 day ahead inc hosp,2020-12-30,06,quantile,0.5,2691
2020-12-21,10 day ahead inc hosp,2020-12-31,06,quantile,0.5,2721
2020-12-21,11 day ahead inc hosp,2021-01-01,06,quantile,0.5,2752
2020-12-21,12 day ahead inc hosp,2021-01-02,06,quantile,0.5,2781
2020-12-21,13 day ahead inc hosp,2021-01-03,06,quantile,0.5,2810
2020-12-21,14 day ahead inc hosp,2021-01-04,06,quantile,0.5,2837
2020-12-21,15 day ahead inc hosp,2021-01-05,06,quantile,0.5,2864
2020-12-21,16 day ahead inc hosp,2021-01-06,06,quantile,0.5,2891
2020-12-21,17 day ahead inc hosp,2021-01-07,06,quantile,0.5,2916
2020-12-21,18 day ahead inc hosp,2021-01-08,06,quantile,0.5,2940
2020-12-21,19 day ahead inc hosp,2021-01-09,06,quantile,0.5,2963
2020-12-21,20 day ahead inc hosp,2021-01-10,06,quantile,0.5,2985
2020-12-21,21 day ahead inc hosp,2021-01-11,06,quantile,0.5,3007
2020-12-21,22 day ahead inc hosp,2021-01-12,06,quantile,0.5,3027
2020-12-21,23 day ahead inc hosp,2021-01-13,06,quantile,0.5,3045
2020-12-21,24 day ahead inc hosp,2021-01-14,06,quantile,0.5,3063
2020-12-21,25 day ahead inc hosp,2021-01-15,06,quantile,0.5,3080
2020-12-21,26 day ahead inc hosp,2021-01-16,06,quantile,0.5,3095
2020-12-21,27 day ahead inc hosp,2021-01-17,06,quantile,0.5,3109
2020-12-21,28 day ahead inc hosp,2021-01-18,06,quantile,0.5,3122
2020-12-21,1 day ahead inc hosp,2020-12-22,06,quantile,0.55,2431
2020-12-21,2 day ahead inc hosp,2020-12-23,06,quantile,0.55,2466
2020-12-21,3 day ahead inc hosp,2020-12-24,06,quantile,0.55,2501
2020-12-21,4 day ahead inc hosp,2020-12-25,06,quantile,0.55,2535
2020-12-21,5 day ahead inc hosp,2020-12-26,06,quantile,0.55,2569
2020-12-21,6 day ahead inc hosp,2020-12-27,06,quantile,0.55,2602
2020-12-21,7 day ahead inc hosp,2020-12-28,06,quantile,0.55,2635
2020-12-21,8 day ahead inc hosp,2020-12-29,06,quantile,0.55,2667
2020-12-21,9 day ahead inc hosp,2020-12-30,06,quantile,0.55,2699
2020-12-21,10 day ahead inc hosp,2020-12-31,06,quantile,0.55,2730
2020-12-21,11 day ahead inc hosp,2021-01-01,06,quantile,0.55,2760
2020-12-21,12 day ahead inc hosp,2021-01-02,06,quantile,0.55,2789
2020-12-21,13 day ahead inc hosp,2021-01-03,06,quantile,0.55,2818
2020-12-21,14 day ahead inc hosp,2021-01-04,06,quantile,0.55,2846
2020-12-21,15 day ahead inc hosp,2021-01-05,06,quantile,0.55,2873
2020-12-21,16 day ahead inc hosp,2021-01-06,06,quantile,0.55,2899
2020-12-21,17 day ahead inc hosp,2021-01-07,06,quantile,0.55,2924
2020-12-21,18 day ahead inc hosp,2021-01-08,06,quantile,0.55,2948
2020-12-21,19 day ahead inc hosp,2021-01-09,06,quantile,0.55,2972
2020-12-21,20 day ahead inc hosp,2021-01-10,06,quantile,0.55,2994
2020-12-21,21 day ahead inc hosp,2021-01-11,06,quantile,0.55,3015
2020-12-21,22 day ahead inc hosp,2021-01-12,06,quantile,0.55,3035
2020-12-21,23 day ahead inc hosp,2021-01-13,06,quantile,0.55,3054
2020-12-21,24 day ahead inc hosp,2021-01-14,06,quantile,0.55,3072
2020-12-21,25 day ahead inc hosp,2021-01-15,06,quantile,0.55,3088
2020-12-21,26 day ahead inc hosp,2021-01-16,06,quantile,0.55,3104
2020-12-21,27 day ahead inc hosp,2021-01-17,06,quantile,0.55,3118
2020-12-21,28 day ahead inc hosp,2021-01-18,06,quantile,0.55,3131
2020-12-21,1 day ahead inc hosp,2020-12-22,06,quantile,0.6,2439
2020-12-21,2 day ahead inc hosp,2020-12-23,06,quantile,0.6,2474
2020-12-21,3 day ahead inc hosp,2020-12-24,06,quantile,0.6,2509
2020-12-21,4 day ahead inc hosp,2020-12-25,06,quantile,0.6,2544
2020-12-21,5 day ahead inc hosp,2020-12-26,06,quantile,0.6,2577
2020-12-21,6 day ahead inc hosp,2020-12-27,06,quantile,0.6,2611
2020-12-21,7 day ahead inc hosp,2020-12-28,06,quantile,0.6,2643
2020-12-21,8 day ahead inc hosp,2020-12-29,06,quantile,0.6,2676
2020-12-21,9 day ahead inc hosp,2020-12-30,06,quantile,0.6,2707
2020-12-21,10 day ahead inc hosp,2020-12-31,06,quantile,0.6,2738
2020-12-21,11 day ahead inc hosp,2021-01-01,06,quantile,0.6,2768
2020-12-21,12 day ahead inc hosp,2021-01-02,06,quantile,0.6,2798
2020-12-21,13 day ahead inc hosp,2021-01-03,06,quantile,0.6,2826
2020-12-21,14 day ahead inc hosp,2021-01-04,06,quantile,0.6,2854
2020-12-21,15 day ahead inc hosp,2021-01-05,06,quantile,0.6,2881
2020-12-21,16 day ahead inc hosp,2021-01-06,06,quantile,0.6,2908
2020-12-21,17 day ahead inc hosp,2021-01-07,06,quantile,0.6,2933
2020-12-21,18 day ahead inc hosp,2021-01-08,06,quantile,0.6,2957
2020-12-21,19 day ahead inc hosp,2021-01-09,06,quantile,0.6,2980
2020-12-21,20 day ahead inc hosp,2021-01-10,06,quantile,0.6,3003
2020-12-21,21 day ahead inc hosp,2021-01-11,06,quantile,0.6,3024
2020-12-21,22 day ahead inc hosp,2021-01-12,06,quantile,0.6,3044
2020-12-21,23 day ahead inc hosp,2021-01-13,06,quantile,0.6,3063
2020-12-21,24 day ahead inc hosp,2021-01-14,06,quantile,0.6,3080
2020-12-21,25 day ahead inc hosp,2021-01-15,06,quantile,0.6,3097
2020-12-21,26 day ahead inc hosp,2021-01-16,06,quantile,0.6,3112
2020-12-21,27 day ahead inc hosp,2021-01-17,06,quantile,0.6,3127
2020-12-21,28 day ahead inc hosp,2021-01-18,06,quantile,0.6,3139
2020-12-21,1 day ahead inc hosp,2020-12-22,06,quantile,0.65,2447
2020-12-21,2 day ahead inc hosp,2020-12-23,06,quantile,0.65,2483
2020-12-21,3 day ahead inc hosp,2020-12-24,06,quantile,0.65,2518
2020-12-21,4 day ahead inc hosp,2020-12-25,06,quantile,0.65,2552
2020-12-21,5 day ahead inc hosp,2020-12-26,06,quantile,0.65,2586
2020-12-21,6 day ahead inc hosp,2020-12-27,06,quantile,0.65,2619
2020-12-21,7 day ahead inc hosp,2020-12-28,06,quantile,0.65,2652
2020-12-21,8 day ahead inc hosp,2020-12-29,06,quantile,0.65,2684
2020-12-21,9 day ahead inc hosp,2020-12-30,06,quantile,0.65,2716
2020-12-21,10 day ahead inc hosp,2020-12-31,06,quantile,0.65,2747
2020-12-21,11 day ahead inc hosp,2021-01-01,06,quantile,0.65,2777
2020-12-21,12 day ahead inc hosp,2021-01-02,06,quantile,0.65,2806
2020-12-21,13 day ahead inc hosp,2021-01-03,06,quantile,0.65,2835
2020-12-21,14 day ahead inc hosp,2021-01-04,06,quantile,0.65,2863
2020-12-21,15 day ahead inc hosp,2021-01-05,06,quantile,0.65,2890
2020-12-21,16 day ahead inc hosp,2021-01-06,06,quantile,0.65,2916
2020-12-21,17 day ahead inc hosp,2021-01-07,06,quantile,0.65,2942
2020-12-21,18 day ahead inc hosp,2021-01-08,06,quantile,0.65,2966
2020-12-21,19 day ahead inc hosp,2021-01-09,06,quantile,0.65,2989
2020-12-21,20 day ahead inc hosp,2021-01-10,06,quantile,0.65,3011
2020-12-21,21 day ahead inc hosp,2021-01-11,06,quantile,0.65,3033
2020-12-21,22 day ahead inc hosp,2021-01-12,06,quantile,0.65,3053
2020-12-21,23 day ahead inc hosp,2021-01-13,06,quantile,0.65,3072
2020-12-21,24 day ahead inc hosp,2021-01-14,06,quantile,0.65,3089
2020-12-21,25 day ahead inc hosp,2021-01-15,06,quantile,0.65,3106
2020-12-21,26 day ahead inc hosp,2021-01-16,06,quantile,0.65,3121
2020-12-21,27 day ahead inc hosp,2021-01-17,06,quantile,0.65,3136
2020-12-21,28 day ahead inc hosp,2021-01-18,06,quantile,0.65,3148
2020-12-21,1 day ahead inc hosp,2020-12-22,06,quantile,0.7,2456
2020-12-21,2 day ahead inc hosp,2020-12-23,06,quantile,0.7,2491
2020-12-21,3 day ahead inc hosp,2020-12-24,06,quantile,0.7,2526
2020-12-21,4 day ahead inc hosp,2020-12-25,06,quantile,0.7,2561
2020-12-21,5 day ahead inc hosp,2020-12-26,06,quantile,0.7,2595
2020-12-21,6 day ahead inc hosp,2020-12-27,06,quantile,0.7,2628
2020-12-21,7 day ahead inc hosp,2020-12-28,06,quantile,0.7,2661
2020-12-21,8 day ahead inc hosp,2020-12-29,06,quantile,0.7,2693
2020-12-21,9 day ahead inc hosp,2020-12-30,06,quantile,0.7,2725
2020-12-21,10 day ahead inc hosp,2020-12-31,06,quantile,0.7,2756
2020-12-21,11 day ahead inc hosp,2021-01-01,06,quantile,0.7,2786
2020-12-21,12 day ahead inc hosp,2021-01-02,06,quantile,0.7,2816
2020-12-21,13 day ahead inc hosp,2021-01-03,06,quantile,0.7,2844
2020-12-21,14 day ahead inc hosp,2021-01-04,06,quantile,0.7,2872
2020-12-21,15 day ahead inc hosp,2021-01-05,06,quantile,0.7,2899
2020-12-21,16 day ahead inc hosp,2021-01-06,06,quantile,0.7,2926
2020-12-21,17 day ahead inc hosp,2021-01-07,06,quantile,0.7,2951
2020-12-21,18 day ahead inc hosp,2021-01-08,06,quantile,0.7,2975
2020-12-21,19 day ahead inc hosp,2021-01-09,06,quantile,0.7,2999
2020-12-21,20 day ahead inc hosp,2021-01-10,06,quantile,0.7,3021
2020-12-21,21 day ahead inc hosp,2021-01-11,06,quantile,0.7,3042
2020-12-21,22 day ahead inc hosp,2021-01-12,06,quantile,0.7,3062
2020-12-21,23 day ahead inc hosp,2021-01-13,06,quantile,0.7,3081
2020-12-21,24 day ahead inc hosp,2021-01-14,06,quantile,0.7,3099
2020-12-21,25 day ahead inc hosp,2021-01-15,06,quantile,0.7,3116
2020-12-21,26 day ahead inc hosp,2021-01-16,06,quantile,0.7,3131
2020-12-21,27 day ahead inc hosp,2021-01-17,06,quantile,0.7,3145
2020-12-21,28 day ahead inc hosp,2021-01-18,06,quantile,0.7,3158
2020-12-21,1 day ahead inc hosp,2020-12-22,06,quantile,0.75,2465
2020-12-21,2 day ahead inc hosp,2020-12-23,06,quantile,0.75,2501
2020-12-21,3 day ahead inc hosp,2020-12-24,06,quantile,0.75,2536
2020-12-21,4 day ahead inc hosp,2020-12-25,06,quantile,0.75,2570
2020-12-21,5 day ahead inc hosp,2020-12-26,06,quantile,0.75,2604
2020-12-21,6 day ahead inc hosp,2020-12-27,06,quantile,0.75,2638
2020-12-21,7 day ahead inc hosp,2020-12-28,06,quantile,0.75,2671
2020-12-21,8 day ahead inc hosp,2020-12-29,06,quantile,0.75,2703
2020-12-21,9 day ahead inc hosp,2020-12-30,06,quantile,0.75,2735
2020-12-21,10 day ahead inc hosp,2020-12-31,06,quantile,0.75,2766
2020-12-21,11 day ahead inc hosp,2021-01-01,06,quantile,0.75,2796
2020-12-21,12 day ahead inc hosp,2021-01-02,06,quantile,0.75,2826
2020-12-21,13 day ahead inc hosp,2021-01-03,06,quantile,0.75,2854
2020-12-21,14 day ahead inc hosp,2021-01-04,06,quantile,0.75,2882
2020-12-21,15 day ahead inc hosp,2021-01-05,06,quantile,0.75,2909
2020-12-21,16 day ahead inc hosp,2021-01-06,06,quantile,0.75,2936
2020-12-21,17 day ahead inc hosp,2021-01-07,06,quantile,0.75,2961
2020-12-21,18 day ahead inc hosp,2021-01-08,06,quantile,0.75,2985
2020-12-21,19 day ahead inc hosp,2021-01-09,06,quantile,0.75,3009
2020-12-21,20 day ahead inc hosp,2021-01-10,06,quantile,0.75,3031
2020-12-21,21 day ahead inc hosp,2021-01-11,06,quantile,0.75,3052
2020-12-21,22 day ahead inc hosp,2021-01-12,06,quantile,0.75,3072
2020-12-21,23 day ahead inc hosp,2021-01-13,06,quantile,0.75,3091
2020-12-21,24 day ahead inc hosp,2021-01-14,06,quantile,0.75,3109
2020-12-21,25 day ahead inc hosp,2021-01-15,06,quantile,0.75,3126
2020-12-21,26 day ahead inc hosp,2021-01-16,06,quantile,0.75,3141
2020-12-21,27 day ahead inc hosp,2021-01-17,06,quantile,0.75,3155
2020-12-21,28 day ahead inc hosp,2021-01-18,06,quantile,0.75,3168
2020-12-21,1 day ahead inc hosp,2020-12-22,06,quantile,0.8,2476
2020-12-21,2 day ahead inc hosp,2020-12-23,06,quantile,0.8,2512
2020-12-21,3 day ahead inc hosp,2020-12-24,06,quantile,0.8,2547
2020-12-21,4 day ahead inc hosp,2020-12-25,06,quantile,0.8,2581
2020-12-21,5 day ahead inc hosp,2020-12-26,06,quantile,0.8,2615
2020-12-21,6 day ahead inc hosp,2020-12-27,06,quantile,0.8,2649
2020-12-21,7 day ahead inc hosp,2020-12-28,06,quantile,0.8,2681
2020-12-21,8 day ahead inc hosp,2020-12-29,06,quantile,0.8,2714
2020-12-21,9 day ahead inc hosp,2020-12-30,06,quantile,0.8,2746
2020-12-21,10 day ahead inc hosp,2020-12-31,06,quantile,0.8,2777
2020-12-21,11 day ahead inc hosp,2021-01-01,06,quantile,0.8,2807
2020-12-21,12 day ahead inc hosp,2021-01-02,06,quantile,0.8,2837
2020-12-21,13 day ahead inc hosp,2021-01-03,06,quantile,0.8,2865
2020-12-21,14 day ahead inc hosp,2021-01-04,06,quantile,0.8,2893
2020-12-21,15 day ahead inc hosp,2021-01-05,06,quantile,0.8,2921
2020-12-21,16 day ahead inc hosp,2021-01-06,06,quantile,0.8,2947
2020-12-21,17 day ahead inc hosp,2021-01-07,06,quantile,0.8,2972
2020-12-21,18 day ahead inc hosp,2021-01-08,06,quantile,0.8,2997
2020-12-21,19 day ahead inc hosp,2021-01-09,06,quantile,0.8,3020
2020-12-21,20 day ahead inc hosp,2021-01-10,06,quantile,0.8,3042
2020-12-21,21 day ahead inc hosp,2021-01-11,06,quantile,0.8,3064
2020-12-21,22 day ahead inc hosp,2021-01-12,06,quantile,0.8,3084
2020-12-21,23 day ahead inc hosp,2021-01-13,06,quantile,0.8,3103
2020-12-21,24 day ahead inc hosp,2021-01-14,06,quantile,0.8,3121
2020-12-21,25 day ahead inc hosp,2021-01-15,06,quantile,0.8,3137
2020-12-21,26 day ahead inc hosp,2021-01-16,06,quantile,0.8,3153
2020-12-21,27 day ahead inc hosp,2021-01-17,06,quantile,0.8,3167
2020-12-21,28 day ahead inc hosp,2021-01-18,06,quantile,0.8,3180
2020-12-21,1 day ahead inc hosp,2020-12-22,06,quantile,0.85,2488
2020-12-21,2 day ahead inc hosp,2020-12-23,06,quantile,0.85,2524
2020-12-21,3 day ahead inc hosp,2020-12-24,06,quantile,0.85,2559
2020-12-21,4 day ahead inc hosp,2020-12-25,06,quantile,0.85,2594
2020-12-21,5 day ahead inc hosp,2020-12-26,06,quantile,0.85,2628
2020-12-21,6 day ahead inc hosp,2020-12-27,06,quantile,0.85,2661
2020-12-21,7 day ahead inc hosp,2020-12-28,06,quantile,0.85,2694
2020-12-21,8 day ahead inc hosp,2020-12-29,06,quantile,0.85,2726
2020-12-21,9 day ahead inc hosp,2020-12-30,06,quantile,0.85,2758
2020-12-21,10 day ahead inc hosp,2020-12-31,06,quantile,0.85,2789
2020-12-21,11 day ahead inc hosp,2021-01-01,06,quantile,0.85,2820
2020-12-21,12 day ahead inc hosp,2021-01-02,06,quantile,0.85,2849
2020-12-21,13 day ahead inc hosp,2021-01-03,06,quantile,0.85,2878
2020-12-21,14 day ahead inc hosp,2021-01-04,06,quantile,0.85,2906
2020-12-21,15 day ahead inc hosp,2021-01-05,06,quantile,0.85,2934
2020-12-21,16 day ahead inc hosp,2021-01-06,06,quantile,0.85,2960
2020-12-21,17 day ahead inc hosp,2021-01-07,06,quantile,0.85,2985
2020-12-21,18 day ahead inc hosp,2021-01-08,06,quantile,0.85,3010
2020-12-21,19 day ahead inc hosp,2021-01-09,06,quantile,0.85,3033
2020-12-21,20 day ahead inc hosp,2021-01-10,06,quantile,0.85,3056
2020-12-21,21 day ahead inc hosp,2021-01-11,06,quantile,0.85,3077
2020-12-21,22 day ahead inc hosp,2021-01-12,06,quantile,0.85,3097
2020-12-21,23 day ahead inc hosp,2021-01-13,06,quantile,0.85,3116
2020-12-21,24 day ahead inc hosp,2021-01-14,06,quantile,0.85,3134
2020-12-21,25 day ahead inc hosp,2021-01-15,06,quantile,0.85,3151
2020-12-21,26 day ahead inc hosp,2021-01-16,06,quantile,0.85,3166
2020-12-21,27 day ahead inc hosp,2021-01-17,06,quantile,0.85,3180
2020-12-21,28 day ahead inc hosp,2021-01-18,06,quantile,0.85,3193
2020-12-21,1 day ahead inc hosp,2020-12-22,06,quantile,0.9,2504
2020-12-21,2 day ahead inc hosp,2020-12-23,06,quantile,0.9,2539
2020-12-21,3 day ahead inc hosp,2020-12-24,06,quantile,0.9,2575
2020-12-21,4 day ahead inc hosp,2020-12-25,06,quantile,0.9,2609
2020-12-21,5 day ahead inc hosp,2020-12-26,06,quantile,0.9,2643
2020-12-21,6 day ahead inc hosp,2020-12-27,06,quantile,0.9,2677
2020-12-21,7 day ahead inc hosp,2020-12-28,06,quantile,0.9,2710
2020-12-21,8 day ahead inc hosp,2020-12-29,06,quantile,0.9,2742
2020-12-21,9 day ahead inc hosp,2020-12-30,06,quantile,0.9,2774
2020-12-21,10 day ahead inc hosp,2020-12-31,06,quantile,0.9,2805
2020-12-21,11 day ahead inc hosp,2021-01-01,06,quantile,0.9,2836
2020-12-21,12 day ahead inc hosp,2021-01-02,06,quantile,0.9,2866
2020-12-21,13 day ahead inc hosp,2021-01-03,06,quantile,0.9,2895
2020-12-21,14 day ahead inc hosp,2021-01-04,06,quantile,0.9,2923
2020-12-21,15 day ahead inc hosp,2021-01-05,06,quantile,0.9,2950
2020-12-21,16 day ahead inc hosp,2021-01-06,06,quantile,0.9,2976
2020-12-21,17 day ahead inc hosp,2021-01-07,06,quantile,0.9,3002
2020-12-21,18 day ahead inc hosp,2021-01-08,06,quantile,0.9,3026
2020-12-21,19 day ahead inc hosp,2021-01-09,06,quantile,0.9,3050
2020-12-21,20 day ahead inc hosp,2021-01-10,06,quantile,0.9,3072
2020-12-21,21 day ahead inc hosp,2021-01-11,06,quantile,0.9,3094
2020-12-21,22 day ahead inc hosp,2021-01-12,06,quantile,0.9,3114
2020-12-21,23 day ahead inc hosp,2021-01-13,06,quantile,0.9,3133
2020-12-21,24 day ahead inc hosp,2021-01-14,06,quantile,0.9,3151
2020-12-21,25 day ahead inc hosp,2021-01-15,06,quantile,0.9,3167
2020-12-21,26 day ahead inc hosp,2021-01-16,06,quantile,0.9,3183
2020-12-21,27 day ahead inc hosp,2021-01-17,06,quantile,0.9,3197
2020-12-21,28 day ahead inc hosp,2021-01-18,06,quantile,0.9,3210
2020-12-21,1 day ahead inc hosp,2020-12-22,06,quantile,0.95,2526
2020-12-21,2 day ahead inc hosp,2020-12-23,06,quantile,0.95,2562
2020-12-21,3 day ahead inc hosp,2020-12-24,06,quantile,0.95,2598
2020-12-21,4 day ahead inc hosp,2020-12-25,06,quantile,0.95,2632
2020-12-21,5 day ahead inc hosp,2020-12-26,06,quantile,0.95,2667
2020-12-21,6 day ahead inc hosp,2020-12-27,06,quantile,0.95,2700
2020-12-21,7 day ahead inc hosp,2020-12-28,06,quantile,0.95,2733
2020-12-21,8 day ahead inc hosp,2020-12-29,06,quantile,0.95,2766
2020-12-21,9 day ahead inc hosp,2020-12-30,06,quantile,0.95,2798
2020-12-21,10 day ahead inc hosp,2020-12-31,06,quantile,0.95,2829
2020-12-21,11 day ahead inc hosp,2021-01-01,06,quantile,0.95,2860
2020-12-21,12 day ahead inc hosp,2021-01-02,06,quantile,0.95,2890
2020-12-21,13 day ahead inc hosp,2021-01-03,06,quantile,0.95,2919
2020-12-21,14 day ahead inc hosp,2021-01-04,06,quantile,0.95,2947
2020-12-21,15 day ahead inc hosp,2021-01-05,06,quantile,0.95,2974
2020-12-21,16 day ahead inc hosp,2021-01-06,06,quantile,0.95,3001
2020-12-21,17 day ahead inc hosp,2021-01-07,06,quantile,0.95,3026
2020-12-21,18 day ahead inc hosp,2021-01-08,06,quantile,0.95,3051
2020-12-21,19 day ahead inc hosp,2021-01-09,06,quantile,0.95,3074
2020-12-21,20 day ahead inc hosp,2021-01-10,06,quantile,0.95,3097
2020-12-21,21 day ahead inc hosp,2021-01-11,06,quantile,0.95,3118
2020-12-21,22 day ahead inc hosp,2021-01-12,06,quantile,0.95,3138
2020-12-21,23 day ahead inc hosp,2021-01-13,06,quantile,0.95,3158
2020-12-21,24 day ahead inc hosp,2021-01-14,06,quantile,0.95,3176
2020-12-21,25 day ahead inc hosp,2021-01-15,06,quantile,0.95,3192
2020-12-21,26 day ahead inc hosp,2021-01-16,06,quantile,0.95,3208
2020-12-21,27 day ahead inc hosp,2021-01-17,06,quantile,0.95,3222
2020-12-21,28 day ahead inc hosp,2021-01-18,06,quantile,0.95,3235
2020-12-21,1 day ahead inc hosp,2020-12-22,06,quantile,0.975,2546
2020-12-21,2 day ahead inc hosp,2020-12-23,06,quantile,0.975,2582
2020-12-21,3 day ahead inc hosp,2020-12-24,06,quantile,0.975,2618
2020-12-21,4 day ahead inc hosp,2020-12-25,06,quantile,0.975,2652
2020-12-21,5 day ahead inc hosp,2020-12-26,06,quantile,0.975,2687
2020-12-21,6 day ahead inc hosp,2020-12-27,06,quantile,0.975,2721
2020-12-21,7 day ahead inc hosp,2020-12-28,06,quantile,0.975,2754
2020-12-21,8 day ahead inc hosp,2020-12-29,06,quantile,0.975,2787
2020-12-21,9 day ahead inc hosp,2020-12-30,06,quantile,0.975,2819
2020-12-21,10 day ahead inc hosp,2020-12-31,06,quantile,0.975,2850
2020-12-21,11 day ahead inc hosp,2021-01-01,06,quantile,0.975,2881
2020-12-21,12 day ahead inc hosp,2021-01-02,06,quantile,0.975,2910
2020-12-21,13 day ahead inc hosp,2021-01-03,06,quantile,0.975,2940
2020-12-21,14 day ahead inc hosp,2021-01-04,06,quantile,0.975,2968
2020-12-21,15 day ahead inc hosp,2021-01-05,06,quantile,0.975,2995
2020-12-21,16 day ahead inc hosp,2021-01-06,06,quantile,0.975,3022
2020-12-21,17 day ahead inc hosp,2021-01-07,06,quantile,0.975,3047
2020-12-21,18 day ahead inc hosp,2021-01-08,06,quantile,0.975,3072
2020-12-21,19 day ahead inc hosp,2021-01-09,06,quantile,0.975,3096
2020-12-21,20 day ahead inc hosp,2021-01-10,06,quantile,0.975,3118
2020-12-21,21 day ahead inc hosp,2021-01-11,06,quantile,0.975,3140
2020-12-21,22 day ahead inc hosp,2021-01-12,06,quantile,0.975,3160
2020-12-21,23 day ahead inc hosp,2021-01-13,06,quantile,0.975,3179
2020-12-21,24 day ahead inc hosp,2021-01-14,06,quantile,0.975,3197
2020-12-21,25 day ahead inc hosp,2021-01-15,06,quantile,0.975,3214
2020-12-21,26 day ahead inc hosp,2021-01-16,06,quantile,0.975,3229
2020-12-21,27 day ahead inc hosp,2021-01-17,06,quantile,0.975,3244
2020-12-21,28 day ahead inc hosp,2021-01-18,06,quantile,0.975,3257
2020-12-21,1 day ahead inc hosp,2020-12-22,06,quantile,0.99,2569
2020-12-21,2 day ahead inc hosp,2020-12-23,06,quantile,0.99,2605
2020-12-21,3 day ahead inc hosp,2020-12-24,06,quantile,0.99,2641
2020-12-21,4 day ahead inc hosp,2020-12-25,06,quantile,0.99,2676
2020-12-21,5 day ahead inc hosp,2020-12-26,06,quantile,0.99,2710
2020-12-21,6 day ahead inc hosp,2020-12-27,06,quantile,0.99,2744
2020-12-21,7 day ahead inc hosp,2020-12-28,06,quantile,0.99,2778
2020-12-21,8 day ahead inc hosp,2020-12-29,06,quantile,0.99,2810
2020-12-21,9 day ahead inc hosp,2020-12-30,06,quantile,0.99,2842
2020-12-21,10 day ahead inc hosp,2020-12-31,06,quantile,0.99,2874
2020-12-21,11 day ahead inc hosp,2021-01-01,06,quantile,0.99,2905
2020-12-21,12 day ahead inc hosp,2021-01-02,06,quantile,0.99,2935
2020-12-21,13 day ahead inc hosp,2021-01-03,06,quantile,0.99,2964
2020-12-21,14 day ahead inc hosp,2021-01-04,06,quantile,0.99,2992
2020-12-21,15 day ahead inc hosp,2021-01-05,06,quantile,0.99,3020
2020-12-21,16 day ahead inc hosp,2021-01-06,06,quantile,0.99,3046
2020-12-21,17 day ahead inc hosp,2021-01-07,06,quantile,0.99,3072
2020-12-21,18 day ahead inc hosp,2021-01-08,06,quantile,0.99,3097
2020-12-21,19 day ahead inc hosp,2021-01-09,06,quantile,0.99,3120
2020-12-21,20 day ahead inc hosp,2021-01-10,06,quantile,0.99,3143
2020-12-21,21 day ahead inc hosp,2021-01-11,06,quantile,0.99,3164
2020-12-21,22 day ahead inc hosp,2021-01-12,06,quantile,0.99,3185
2020-12-21,23 day ahead inc hosp,2021-01-13,06,quantile,0.99,3204
2020-12-21,24 day ahead inc hosp,2021-01-14,06,quantile,0.99,3222
2020-12-21,25 day ahead inc hosp,2021-01-15,06,quantile,0.99,3239
2020-12-21,26 day ahead inc hosp,2021-01-16,06,quantile,0.99,3254
2020-12-21,27 day ahead inc hosp,2021-01-17,06,quantile,0.99,3269
2020-12-21,28 day ahead inc hosp,2021-01-18,06,quantile,0.99,3282
2020-12-21,1 day ahead inc hosp,2020-12-22,06,point,NA,2423
2020-12-21,2 day ahead inc hosp,2020-12-23,06,point,NA,2458
2020-12-21,3 day ahead inc hosp,2020-12-24,06,point,NA,2493
2020-12-21,4 day ahead inc hosp,2020-12-25,06,point,NA,2527
2020-12-21,5 day ahead inc hosp,2020-12-26,06,point,NA,2561
2020-12-21,6 day ahead inc hosp,2020-12-27,06,point,NA,2594
2020-12-21,7 day ahead inc hosp,2020-12-28,06,point,NA,2627
2020-12-21,8 day ahead inc hosp,2020-12-29,06,point,NA,2659
2020-12-21,9 day ahead inc hosp,2020-12-30,06,point,NA,2691
2020-12-21,10 day ahead inc hosp,2020-12-31,06,point,NA,2721
2020-12-21,11 day ahead inc hosp,2021-01-01,06,point,NA,2752
2020-12-21,12 day ahead inc hosp,2021-01-02,06,point,NA,2781
2020-12-21,13 day ahead inc hosp,2021-01-03,06,point,NA,2810
2020-12-21,14 day ahead inc hosp,2021-01-04,06,point,NA,2837
2020-12-21,15 day ahead inc hosp,2021-01-05,06,point,NA,2864
2020-12-21,16 day ahead inc hosp,2021-01-06,06,point,NA,2891
2020-12-21,17 day ahead inc hosp,2021-01-07,06,point,NA,2916
2020-12-21,18 day ahead inc hosp,2021-01-08,06,point,NA,2940
2020-12-21,19 day ahead inc hosp,2021-01-09,06,point,NA,2963
2020-12-21,20 day ahead inc hosp,2021-01-10,06,point,NA,2985
2020-12-21,21 day ahead inc hosp,2021-01-11,06,point,NA,3007
2020-12-21,22 day ahead inc hosp,2021-01-12,06,point,NA,3027
2020-12-21,23 day ahead inc hosp,2021-01-13,06,point,NA,3045
2020-12-21,24 day ahead inc hosp,2021-01-14,06,point,NA,3063
2020-12-21,25 day ahead inc hosp,2021-01-15,06,point,NA,3080
2020-12-21,26 day ahead inc hosp,2021-01-16,06,point,NA,3095
2020-12-21,27 day ahead inc hosp,2021-01-17,06,point,NA,3109
2020-12-21,28 day ahead inc hosp,2021-01-18,06,point,NA,3122
2020-12-21,1 wk ahead inc death,2020-12-26,06,quantile,0.01,1622
2020-12-21,2 wk ahead inc death,2021-01-02,06,quantile,0.01,2013
2020-12-21,3 wk ahead inc death,2021-01-09,06,quantile,0.01,2380
2020-12-21,4 wk ahead inc death,2021-01-16,06,quantile,0.01,2710
2020-12-21,1 wk ahead inc death,2020-12-26,06,quantile,0.025,1650
2020-12-21,2 wk ahead inc death,2021-01-02,06,quantile,0.025,2042
2020-12-21,3 wk ahead inc death,2021-01-09,06,quantile,0.025,2410
2020-12-21,4 wk ahead inc death,2021-01-16,06,quantile,0.025,2741
2020-12-21,1 wk ahead inc death,2020-12-26,06,quantile,0.05,1674
2020-12-21,2 wk ahead inc death,2021-01-02,06,quantile,0.05,2067
2020-12-21,3 wk ahead inc death,2021-01-09,06,quantile,0.05,2436
2020-12-21,4 wk ahead inc death,2021-01-16,06,quantile,0.05,2768
2020-12-21,1 wk ahead inc death,2020-12-26,06,quantile,0.1,1702
2020-12-21,2 wk ahead inc death,2021-01-02,06,quantile,0.1,2096
2020-12-21,3 wk ahead inc death,2021-01-09,06,quantile,0.1,2466
2020-12-21,4 wk ahead inc death,2021-01-16,06,quantile,0.1,2799
2020-12-21,1 wk ahead inc death,2020-12-26,06,quantile,0.15,1721
2020-12-21,2 wk ahead inc death,2021-01-02,06,quantile,0.15,2115
2020-12-21,3 wk ahead inc death,2021-01-09,06,quantile,0.15,2486
2020-12-21,4 wk ahead inc death,2021-01-16,06,quantile,0.15,2819
2020-12-21,1 wk ahead inc death,2020-12-26,06,quantile,0.2,1736
2020-12-21,2 wk ahead inc death,2021-01-02,06,quantile,0.2,2131
2020-12-21,3 wk ahead inc death,2021-01-09,06,quantile,0.2,2502
2020-12-21,4 wk ahead inc death,2021-01-16,06,quantile,0.2,2836
2020-12-21,1 wk ahead inc death,2020-12-26,06,quantile,0.25,1748
2020-12-21,2 wk ahead inc death,2021-01-02,06,quantile,0.25,2144
2020-12-21,3 wk ahead inc death,2021-01-09,06,quantile,0.25,2516
2020-12-21,4 wk ahead inc death,2021-01-16,06,quantile,0.25,2850
2020-12-21,1 wk ahead inc death,2020-12-26,06,quantile,0.3,1760
2020-12-21,2 wk ahead inc death,2021-01-02,06,quantile,0.3,2156
2020-12-21,3 wk ahead inc death,2021-01-09,06,quantile,0.3,2528
2020-12-21,4 wk ahead inc death,2021-01-16,06,quantile,0.3,2863
2020-12-21,1 wk ahead inc death,2020-12-26,06,quantile,0.35,1770
2020-12-21,2 wk ahead inc death,2021-01-02,06,quantile,0.35,2167
2020-12-21,3 wk ahead inc death,2021-01-09,06,quantile,0.35,2539
2020-12-21,4 wk ahead inc death,2021-01-16,06,quantile,0.35,2875
2020-12-21,1 wk ahead inc death,2020-12-26,06,quantile,0.4,1780
2020-12-21,2 wk ahead inc death,2021-01-02,06,quantile,0.4,2177
2020-12-21,3 wk ahead inc death,2021-01-09,06,quantile,0.4,2550
2020-12-21,4 wk ahead inc death,2021-01-16,06,quantile,0.4,2886
2020-12-21,1 wk ahead inc death,2020-12-26,06,quantile,0.45,1790
2020-12-21,2 wk ahead inc death,2021-01-02,06,quantile,0.45,2187
2020-12-21,3 wk ahead inc death,2021-01-09,06,quantile,0.45,2561
2020-12-21,4 wk ahead inc death,2021-01-16,06,quantile,0.45,2896
2020-12-21,1 wk ahead inc death,2020-12-26,06,quantile,0.5,1800
2020-12-21,2 wk ahead inc death,2021-01-02,06,quantile,0.5,2197
2020-12-21,3 wk ahead inc death,2021-01-09,06,quantile,0.5,2571
2020-12-21,4 wk ahead inc death,2021-01-16,06,quantile,0.5,2907
2020-12-21,1 wk ahead inc death,2020-12-26,06,quantile,0.55,1809
2020-12-21,2 wk ahead inc death,2021-01-02,06,quantile,0.55,2207
2020-12-21,3 wk ahead inc death,2021-01-09,06,quantile,0.55,2581
2020-12-21,4 wk ahead inc death,2021-01-16,06,quantile,0.55,2918
2020-12-21,1 wk ahead inc death,2020-12-26,06,quantile,0.6,1819
2020-12-21,2 wk ahead inc death,2021-01-02,06,quantile,0.6,2217
2020-12-21,3 wk ahead inc death,2021-01-09,06,quantile,0.6,2592
2020-12-21,4 wk ahead inc death,2021-01-16,06,quantile,0.6,2928
2020-12-21,1 wk ahead inc death,2020-12-26,06,quantile,0.65,1829
2020-12-21,2 wk ahead inc death,2021-01-02,06,quantile,0.65,2228
2020-12-21,3 wk ahead inc death,2021-01-09,06,quantile,0.65,2603
2020-12-21,4 wk ahead inc death,2021-01-16,06,quantile,0.65,2940
2020-12-21,1 wk ahead inc death,2020-12-26,06,quantile,0.7,1840
2020-12-21,2 wk ahead inc death,2021-01-02,06,quantile,0.7,2239
2020-12-21,3 wk ahead inc death,2021-01-09,06,quantile,0.7,2614
2020-12-21,4 wk ahead inc death,2021-01-16,06,quantile,0.7,2951
2020-12-21,1 wk ahead inc death,2020-12-26,06,quantile,0.75,1851
2020-12-21,2 wk ahead inc death,2021-01-02,06,quantile,0.75,2251
2020-12-21,3 wk ahead inc death,2021-01-09,06,quantile,0.75,2626
2020-12-21,4 wk ahead inc death,2021-01-16,06,quantile,0.75,2964
2020-12-21,1 wk ahead inc death,2020-12-26,06,quantile,0.8,1864
2020-12-21,2 wk ahead inc death,2021-01-02,06,quantile,0.8,2264
2020-12-21,3 wk ahead inc death,2021-01-09,06,quantile,0.8,2640
2020-12-21,4 wk ahead inc death,2021-01-16,06,quantile,0.8,2978
2020-12-21,1 wk ahead inc death,2020-12-26,06,quantile,0.85,1879
2020-12-21,2 wk ahead inc death,2021-01-02,06,quantile,0.85,2279
2020-12-21,3 wk ahead inc death,2021-01-09,06,quantile,0.85,2656
2020-12-21,4 wk ahead inc death,2021-01-16,06,quantile,0.85,2995
2020-12-21,1 wk ahead inc death,2020-12-26,06,quantile,0.9,1898
2020-12-21,2 wk ahead inc death,2021-01-02,06,quantile,0.9,2299
2020-12-21,3 wk ahead inc death,2021-01-09,06,quantile,0.9,2676
2020-12-21,4 wk ahead inc death,2021-01-16,06,quantile,0.9,3015
2020-12-21,1 wk ahead inc death,2020-12-26,06,quantile,0.95,1925
2020-12-21,2 wk ahead inc death,2021-01-02,06,quantile,0.95,2328
2020-12-21,3 wk ahead inc death,2021-01-09,06,quantile,0.95,2706
2020-12-21,4 wk ahead inc death,2021-01-16,06,quantile,0.95,3046
2020-12-21,1 wk ahead inc death,2020-12-26,06,quantile,0.975,1949
2020-12-21,2 wk ahead inc death,2021-01-02,06,quantile,0.975,2353
2020-12-21,3 wk ahead inc death,2021-01-09,06,quantile,0.975,2732
2020-12-21,4 wk ahead inc death,2021-01-16,06,quantile,0.975,3073
2020-12-21,1 wk ahead inc death,2020-12-26,06,quantile,0.99,1977
2020-12-21,2 wk ahead inc death,2021-01-02,06,quantile,0.99,2382
2020-12-21,3 wk ahead inc death,2021-01-09,06,quantile,0.99,2762
2020-12-21,4 wk ahead inc death,2021-01-16,06,quantile,0.99,3104
2020-12-21,1 wk ahead inc death,2020-12-26,06,point,NA,1800
2020-12-21,2 wk ahead inc death,2021-01-02,06,point,NA,2197
2020-12-21,3 wk ahead inc death,2021-01-09,06,point,NA,2571
2020-12-21,4 wk ahead inc death,2021-01-16,06,point,NA,2907
