forecast_date,target,target_end_date,location,type,quantile,value
2021-05-17,1 wk ahead inc case,2021-05-22,06,quantile,0.025,5083
2021-05-17,2 wk ahead inc case,2021-05-29,06,quantile,0.025,3362
2021-05-17,3 wk ahead inc case,2021-06-05,06,quantile,0.025,2239
2021-05-17,4 wk ahead inc case,2021-06-12,06,quantile,0.025,1377
2021-05-17,1 wk ahead inc case,2021-05-22,06,quantile,0.1,6382
2021-05-17,2 wk ahead inc case,2021-05-29,06,quantile,0.1,4616
2021-05-17,3 wk ahead inc case,2021-06-05,06,quantile,0.1,3344
2021-05-17,4 wk ahead inc case,2021-06-12,06,quantile,0.1,2344
2021-05-17,1 wk ahead inc case,2021-05-22,06,quantile,0.25,7544
2021-05-17,2 wk ahead inc case,2021-05-29,06,quantile,0.25,5738
2021-05-17,3 wk ahead inc case,2021-06-05,06,quantile,0.25,4332
2021-05-17,4 wk ahead inc case,2021-06-12,06,quantile,0.25,3209
2021-05-17,1 wk ahead inc case,2021-05-22,06,quantile,0.5,8835
2021-05-17,2 wk ahead inc case,2021-05-29,06,quantile,0.5,6985
2021-05-17,3 wk ahead inc case,2021-06-05,06,quantile,0.5,5431
2021-05-17,4 wk ahead inc case,2021-06-12,06,quantile,0.5,4171
2021-05-17,1 wk ahead inc case,2021-05-22,06,quantile,0.75,10125
2021-05-17,2 wk ahead inc case,2021-05-29,06,quantile,0.75,8231
2021-05-17,3 wk ahead inc case,2021-06-05,06,quantile,0.75,6529
2021-05-17,4 wk ahead inc case,2021-06-12,06,quantile,0.75,5133
2021-05-17,1 wk ahead inc case,2021-05-22,06,quantile,0.9,11287
2021-05-17,2 wk ahead inc case,2021-05-29,06,quantile,0.9,9353
2021-05-17,3 wk ahead inc case,2021-06-05,06,quantile,0.9,7517
2021-05-17,4 wk ahead inc case,2021-06-12,06,quantile,0.9,5998
2021-05-17,1 wk ahead inc case,2021-05-22,06,quantile,0.975,12586
2021-05-17,2 wk ahead inc case,2021-05-29,06,quantile,0.975,10607
2021-05-17,3 wk ahead inc case,2021-06-05,06,quantile,0.975,8622
2021-05-17,4 wk ahead inc case,2021-06-12,06,quantile,0.975,6965
2021-05-17,1 wk ahead inc case,2021-05-22,06,point,NA,8835
2021-05-17,2 wk ahead inc case,2021-05-29,06,point,NA,6985
2021-05-17,3 wk ahead inc case,2021-06-05,06,point,NA,5431
2021-05-17,4 wk ahead inc case,2021-06-12,06,point,NA,4171
2021-05-17,1 day ahead inc hosp,2021-05-18,06,quantile,0.01,37.117
2021-05-17,2 day ahead inc hosp,2021-05-19,06,quantile,0.01,31.971
2021-05-17,3 day ahead inc hosp,2021-05-20,06,quantile,0.01,26.902
2021-05-17,4 day ahead inc hosp,2021-05-21,06,quantile,0.01,21.929
2021-05-17,5 day ahead inc hosp,2021-05-22,06,quantile,0.01,17.066
2021-05-17,6 day ahead inc hosp,2021-05-23,06,quantile,0.01,12.32
2021-05-17,7 day ahead inc hosp,2021-05-24,06,quantile,0.01,7.693
2021-05-17,8 day ahead inc hosp,2021-05-25,06,quantile,0.01,3.188
2021-05-17,9 day ahead inc hosp,2021-05-26,06,quantile,0.01,0
2021-05-17,10 day ahead inc hosp,2021-05-27,06,quantile,0.01,0
2021-05-17,11 day ahead inc hosp,2021-05-28,06,quantile,0.01,0
2021-05-17,12 day ahead inc hosp,2021-05-29,06,quantile,0.01,0
2021-05-17,13 day ahead inc hosp,2021-05-30,06,quantile,0.01,0
2021-05-17,14 day ahead inc hosp,2021-05-31,06,quantile,0.01,0
2021-05-17,15 day ahead inc hosp,2021-06-01,06,quantile,0.01,0
2021-05-17,16 day ahead inc hosp,2021-06-02,06,quantile,0.01,0
2021-05-17,17 day ahead inc hosp,2021-06-03,06,quantile,0.01,0
2021-05-17,18 day ahead inc hosp,2021-06-04,06,quantile,0.01,0
2021-05-17,19 day ahead inc hosp,2021-06-05,06,quantile,0.01,0
2021-05-17,20 day ahead inc hosp,2021-06-06,06,quantile,0.01,0
2021-05-17,21 day ahead inc hosp,2021-06-07,06,quantile,0.01,0
2021-05-17,22 day ahead inc hosp,2021-06-08,06,quantile,0.01,0
2021-05-17,23 day ahead inc hosp,2021-06-09,06,quantile,0.01,0
2021-05-17,24 day ahead inc hosp,2021-06-10,06,quantile,0.01,0
2021-05-17,25 day ahead inc hosp,2021-06-11,06,quantile,0.01,0
2021-05-17,26 day ahead inc hosp,2021-06-12,06,quantile,0.01,0
2021-05-17,27 day ahead inc hosp,2021-06-13,06,quantile,0.01,0
2021-05-17,28 day ahead inc hosp,2021-06-14,06,quantile,0.01,0
2021-05-17,1 day ahead inc hosp,2021-05-18,06,quantile,0.025,57.152
2021-05-17,2 day ahead inc hosp,2021-05-19,06,quantile,0.025,51.987
2021-05-17,3 day ahead inc hosp,2021-05-20,06,quantile,0.025,46.898
2021-05-17,4 day ahead inc hosp,2021-05-21,06,quantile,0.025,41.907
2021-05-17,5 day ahead inc hosp,2021-05-22,06,quantile,0.025,37.025
2021-05-17,6 day ahead inc hosp,2021-05-23,06,quantile,0.025,32.26
2021-05-17,7 day ahead inc hosp,2021-05-24,06,quantile,0.025,27.616
2021-05-17,8 day ahead inc hosp,2021-05-25,06,quantile,0.025,23.094
2021-05-17,9 day ahead inc hosp,2021-05-26,06,quantile,0.025,18.694
2021-05-17,10 day ahead inc hosp,2021-05-27,06,quantile,0.025,14.414
2021-05-17,11 day ahead inc hosp,2021-05-28,06,quantile,0.025,10.255
2021-05-17,12 day ahead inc hosp,2021-05-29,06,quantile,0.025,6.214
2021-05-17,13 day ahead inc hosp,2021-05-30,06,quantile,0.025,2.289
2021-05-17,14 day ahead inc hosp,2021-05-31,06,quantile,0.025,0
2021-05-17,15 day ahead inc hosp,2021-06-01,06,quantile,0.025,0
2021-05-17,16 day ahead inc hosp,2021-06-02,06,quantile,0.025,0
2021-05-17,17 day ahead inc hosp,2021-06-03,06,quantile,0.025,0
2021-05-17,18 day ahead inc hosp,2021-06-04,06,quantile,0.025,0
2021-05-17,19 day ahead inc hosp,2021-06-05,06,quantile,0.025,0
2021-05-17,20 day ahead inc hosp,2021-06-06,06,quantile,0.025,0
2021-05-17,21 day ahead inc hosp,2021-06-07,06,quantile,0.025,0
2021-05-17,22 day ahead inc hosp,2021-06-08,06,quantile,0.025,0
2021-05-17,23 day ahead inc hosp,2021-06-09,06,quantile,0.025,0
2021-05-17,24 day ahead inc hosp,2021-06-10,06,quantile,0.025,0
2021-05-17,25 day ahead inc hosp,2021-06-11,06,quantile,0.025,0
2021-05-17,26 day ahead inc hosp,2021-06-12,06,quantile,0.025,0
2021-05-17,27 day ahead inc hosp,2021-06-13,06,quantile,0.025,0
2021-05-17,28 day ahead inc hosp,2021-06-14,06,quantile,0.025,0
2021-05-17,1 day ahead inc hosp,2021-05-18,06,quantile,0.05,74.384
2021-05-17,2 day ahead inc hosp,2021-05-19,06,quantile,0.05,69.201
2021-05-17,3 day ahead inc hosp,2021-05-20,06,quantile,0.05,64.096
2021-05-17,4 day ahead inc hosp,2021-05-21,06,quantile,0.05,59.088
2021-05-17,5 day ahead inc hosp,2021-05-22,06,quantile,0.05,54.191
2021-05-17,6 day ahead inc hosp,2021-05-23,06,quantile,0.05,49.411
2021-05-17,7 day ahead inc hosp,2021-05-24,06,quantile,0.05,44.751
2021-05-17,8 day ahead inc hosp,2021-05-25,06,quantile,0.05,40.214
2021-05-17,9 day ahead inc hosp,2021-05-26,06,quantile,0.05,35.799
2021-05-17,10 day ahead inc hosp,2021-05-27,06,quantile,0.05,31.506
2021-05-17,11 day ahead inc hosp,2021-05-28,06,quantile,0.05,27.333
2021-05-17,12 day ahead inc hosp,2021-05-29,06,quantile,0.05,23.279
2021-05-17,13 day ahead inc hosp,2021-05-30,06,quantile,0.05,19.342
2021-05-17,14 day ahead inc hosp,2021-05-31,06,quantile,0.05,15.519
2021-05-17,15 day ahead inc hosp,2021-06-01,06,quantile,0.05,11.809
2021-05-17,16 day ahead inc hosp,2021-06-02,06,quantile,0.05,8.209
2021-05-17,17 day ahead inc hosp,2021-06-03,06,quantile,0.05,4.718
2021-05-17,18 day ahead inc hosp,2021-06-04,06,quantile,0.05,1.333
2021-05-17,19 day ahead inc hosp,2021-06-05,06,quantile,0.05,0
2021-05-17,20 day ahead inc hosp,2021-06-06,06,quantile,0.05,0
2021-05-17,21 day ahead inc hosp,2021-06-07,06,quantile,0.05,0
2021-05-17,22 day ahead inc hosp,2021-06-08,06,quantile,0.05,0
2021-05-17,23 day ahead inc hosp,2021-06-09,06,quantile,0.05,0
2021-05-17,24 day ahead inc hosp,2021-06-10,06,quantile,0.05,0
2021-05-17,25 day ahead inc hosp,2021-06-11,06,quantile,0.05,0
2021-05-17,26 day ahead inc hosp,2021-06-12,06,quantile,0.05,0
2021-05-17,27 day ahead inc hosp,2021-06-13,06,quantile,0.05,0
2021-05-17,28 day ahead inc hosp,2021-06-14,06,quantile,0.05,0
2021-05-17,1 day ahead inc hosp,2021-05-18,06,quantile,0.1,94.251
2021-05-17,2 day ahead inc hosp,2021-05-19,06,quantile,0.1,89.049
2021-05-17,3 day ahead inc hosp,2021-05-20,06,quantile,0.1,83.924
2021-05-17,4 day ahead inc hosp,2021-05-21,06,quantile,0.1,78.897
2021-05-17,5 day ahead inc hosp,2021-05-22,06,quantile,0.1,73.982
2021-05-17,6 day ahead inc hosp,2021-05-23,06,quantile,0.1,69.183
2021-05-17,7 day ahead inc hosp,2021-05-24,06,quantile,0.1,64.507
2021-05-17,8 day ahead inc hosp,2021-05-25,06,quantile,0.1,59.952
2021-05-17,9 day ahead inc hosp,2021-05-26,06,quantile,0.1,55.521
2021-05-17,10 day ahead inc hosp,2021-05-27,06,quantile,0.1,51.212
2021-05-17,11 day ahead inc hosp,2021-05-28,06,quantile,0.1,47.023
2021-05-17,12 day ahead inc hosp,2021-05-29,06,quantile,0.1,42.954
2021-05-17,13 day ahead inc hosp,2021-05-30,06,quantile,0.1,39.002
2021-05-17,14 day ahead inc hosp,2021-05-31,06,quantile,0.1,35.165
2021-05-17,15 day ahead inc hosp,2021-06-01,06,quantile,0.1,31.441
2021-05-17,16 day ahead inc hosp,2021-06-02,06,quantile,0.1,27.828
2021-05-17,17 day ahead inc hosp,2021-06-03,06,quantile,0.1,24.323
2021-05-17,18 day ahead inc hosp,2021-06-04,06,quantile,0.1,20.926
2021-05-17,19 day ahead inc hosp,2021-06-05,06,quantile,0.1,17.632
2021-05-17,20 day ahead inc hosp,2021-06-06,06,quantile,0.1,14.44
2021-05-17,21 day ahead inc hosp,2021-06-07,06,quantile,0.1,11.348
2021-05-17,22 day ahead inc hosp,2021-06-08,06,quantile,0.1,8.354
2021-05-17,23 day ahead inc hosp,2021-06-09,06,quantile,0.1,5.455
2021-05-17,24 day ahead inc hosp,2021-06-10,06,quantile,0.1,2.649
2021-05-17,25 day ahead inc hosp,2021-06-11,06,quantile,0.1,0
2021-05-17,26 day ahead inc hosp,2021-06-12,06,quantile,0.1,0
2021-05-17,27 day ahead inc hosp,2021-06-13,06,quantile,0.1,0
2021-05-17,28 day ahead inc hosp,2021-06-14,06,quantile,0.1,0
2021-05-17,1 day ahead inc hosp,2021-05-18,06,quantile,0.15,107.654
2021-05-17,2 day ahead inc hosp,2021-05-19,06,quantile,0.15,102.44
2021-05-17,3 day ahead inc hosp,2021-05-20,06,quantile,0.15,97.302
2021-05-17,4 day ahead inc hosp,2021-05-21,06,quantile,0.15,92.263
2021-05-17,5 day ahead inc hosp,2021-05-22,06,quantile,0.15,87.334
2021-05-17,6 day ahead inc hosp,2021-05-23,06,quantile,0.15,82.524
2021-05-17,7 day ahead inc hosp,2021-05-24,06,quantile,0.15,77.835
2021-05-17,8 day ahead inc hosp,2021-05-25,06,quantile,0.15,73.27
2021-05-17,9 day ahead inc hosp,2021-05-26,06,quantile,0.15,68.827
2021-05-17,10 day ahead inc hosp,2021-05-27,06,quantile,0.15,64.507
2021-05-17,11 day ahead inc hosp,2021-05-28,06,quantile,0.15,60.308
2021-05-17,12 day ahead inc hosp,2021-05-29,06,quantile,0.15,56.228
2021-05-17,13 day ahead inc hosp,2021-05-30,06,quantile,0.15,52.266
2021-05-17,14 day ahead inc hosp,2021-05-31,06,quantile,0.15,48.42
2021-05-17,15 day ahead inc hosp,2021-06-01,06,quantile,0.15,44.686
2021-05-17,16 day ahead inc hosp,2021-06-02,06,quantile,0.15,41.064
2021-05-17,17 day ahead inc hosp,2021-06-03,06,quantile,0.15,37.551
2021-05-17,18 day ahead inc hosp,2021-06-04,06,quantile,0.15,34.145
2021-05-17,19 day ahead inc hosp,2021-06-05,06,quantile,0.15,30.843
2021-05-17,20 day ahead inc hosp,2021-06-06,06,quantile,0.15,27.643
2021-05-17,21 day ahead inc hosp,2021-06-07,06,quantile,0.15,24.543
2021-05-17,22 day ahead inc hosp,2021-06-08,06,quantile,0.15,21.541
2021-05-17,23 day ahead inc hosp,2021-06-09,06,quantile,0.15,18.635
2021-05-17,24 day ahead inc hosp,2021-06-10,06,quantile,0.15,15.822
2021-05-17,25 day ahead inc hosp,2021-06-11,06,quantile,0.15,13.1
2021-05-17,26 day ahead inc hosp,2021-06-12,06,quantile,0.15,10.467
2021-05-17,27 day ahead inc hosp,2021-06-13,06,quantile,0.15,7.921
2021-05-17,28 day ahead inc hosp,2021-06-14,06,quantile,0.15,5.459
2021-05-17,1 day ahead inc hosp,2021-05-18,06,quantile,0.2,118.308
2021-05-17,2 day ahead inc hosp,2021-05-19,06,quantile,0.2,113.082
2021-05-17,3 day ahead inc hosp,2021-05-20,06,quantile,0.2,107.934
2021-05-17,4 day ahead inc hosp,2021-05-21,06,quantile,0.2,102.885
2021-05-17,5 day ahead inc hosp,2021-05-22,06,quantile,0.2,97.947
2021-05-17,6 day ahead inc hosp,2021-05-23,06,quantile,0.2,93.127
2021-05-17,7 day ahead inc hosp,2021-05-24,06,quantile,0.2,88.429
2021-05-17,8 day ahead inc hosp,2021-05-25,06,quantile,0.2,83.854
2021-05-17,9 day ahead inc hosp,2021-05-26,06,quantile,0.2,79.403
2021-05-17,10 day ahead inc hosp,2021-05-27,06,quantile,0.2,75.074
2021-05-17,11 day ahead inc hosp,2021-05-28,06,quantile,0.2,70.866
2021-05-17,12 day ahead inc hosp,2021-05-29,06,quantile,0.2,66.779
2021-05-17,13 day ahead inc hosp,2021-05-30,06,quantile,0.2,62.808
2021-05-17,14 day ahead inc hosp,2021-05-31,06,quantile,0.2,58.954
2021-05-17,15 day ahead inc hosp,2021-06-01,06,quantile,0.2,55.213
2021-05-17,16 day ahead inc hosp,2021-06-02,06,quantile,0.2,51.584
2021-05-17,17 day ahead inc hosp,2021-06-03,06,quantile,0.2,48.064
2021-05-17,18 day ahead inc hosp,2021-06-04,06,quantile,0.2,44.651
2021-05-17,19 day ahead inc hosp,2021-06-05,06,quantile,0.2,41.342
2021-05-17,20 day ahead inc hosp,2021-06-06,06,quantile,0.2,38.136
2021-05-17,21 day ahead inc hosp,2021-06-07,06,quantile,0.2,35.03
2021-05-17,22 day ahead inc hosp,2021-06-08,06,quantile,0.2,32.022
2021-05-17,23 day ahead inc hosp,2021-06-09,06,quantile,0.2,29.11
2021-05-17,24 day ahead inc hosp,2021-06-10,06,quantile,0.2,26.292
2021-05-17,25 day ahead inc hosp,2021-06-11,06,quantile,0.2,23.564
2021-05-17,26 day ahead inc hosp,2021-06-12,06,quantile,0.2,20.926
2021-05-17,27 day ahead inc hosp,2021-06-13,06,quantile,0.2,18.375
2021-05-17,28 day ahead inc hosp,2021-06-14,06,quantile,0.2,15.908
2021-05-17,1 day ahead inc hosp,2021-05-18,06,quantile,0.25,127.447
2021-05-17,2 day ahead inc hosp,2021-05-19,06,quantile,0.25,122.213
2021-05-17,3 day ahead inc hosp,2021-05-20,06,quantile,0.25,117.056
2021-05-17,4 day ahead inc hosp,2021-05-21,06,quantile,0.25,111.998
2021-05-17,5 day ahead inc hosp,2021-05-22,06,quantile,0.25,107.051
2021-05-17,6 day ahead inc hosp,2021-05-23,06,quantile,0.25,102.223
2021-05-17,7 day ahead inc hosp,2021-05-24,06,quantile,0.25,97.517
2021-05-17,8 day ahead inc hosp,2021-05-25,06,quantile,0.25,92.934
2021-05-17,9 day ahead inc hosp,2021-05-26,06,quantile,0.25,88.475
2021-05-17,10 day ahead inc hosp,2021-05-27,06,quantile,0.25,84.139
2021-05-17,11 day ahead inc hosp,2021-05-28,06,quantile,0.25,79.924
2021-05-17,12 day ahead inc hosp,2021-05-29,06,quantile,0.25,75.83
2021-05-17,13 day ahead inc hosp,2021-05-30,06,quantile,0.25,71.853
2021-05-17,14 day ahead inc hosp,2021-05-31,06,quantile,0.25,67.992
2021-05-17,15 day ahead inc hosp,2021-06-01,06,quantile,0.25,64.245
2021-05-17,16 day ahead inc hosp,2021-06-02,06,quantile,0.25,60.609
2021-05-17,17 day ahead inc hosp,2021-06-03,06,quantile,0.25,57.083
2021-05-17,18 day ahead inc hosp,2021-06-04,06,quantile,0.25,53.664
2021-05-17,19 day ahead inc hosp,2021-06-05,06,quantile,0.25,50.35
2021-05-17,20 day ahead inc hosp,2021-06-06,06,quantile,0.25,47.138
2021-05-17,21 day ahead inc hosp,2021-06-07,06,quantile,0.25,44.027
2021-05-17,22 day ahead inc hosp,2021-06-08,06,quantile,0.25,41.014
2021-05-17,23 day ahead inc hosp,2021-06-09,06,quantile,0.25,38.097
2021-05-17,24 day ahead inc hosp,2021-06-10,06,quantile,0.25,35.273
2021-05-17,25 day ahead inc hosp,2021-06-11,06,quantile,0.25,32.541
2021-05-17,26 day ahead inc hosp,2021-06-12,06,quantile,0.25,29.899
2021-05-17,27 day ahead inc hosp,2021-06-13,06,quantile,0.25,27.343
2021-05-17,28 day ahead inc hosp,2021-06-14,06,quantile,0.25,24.872
2021-05-17,1 day ahead inc hosp,2021-05-18,06,quantile,0.3,135.654
2021-05-17,2 day ahead inc hosp,2021-05-19,06,quantile,0.3,130.412
2021-05-17,3 day ahead inc hosp,2021-05-20,06,quantile,0.3,125.247
2021-05-17,4 day ahead inc hosp,2021-05-21,06,quantile,0.3,120.182
2021-05-17,5 day ahead inc hosp,2021-05-22,06,quantile,0.3,115.227
2021-05-17,6 day ahead inc hosp,2021-05-23,06,quantile,0.3,110.392
2021-05-17,7 day ahead inc hosp,2021-05-24,06,quantile,0.3,105.678
2021-05-17,8 day ahead inc hosp,2021-05-25,06,quantile,0.3,101.089
2021-05-17,9 day ahead inc hosp,2021-05-26,06,quantile,0.3,96.623
2021-05-17,10 day ahead inc hosp,2021-05-27,06,quantile,0.3,92.28
2021-05-17,11 day ahead inc hosp,2021-05-28,06,quantile,0.3,88.059
2021-05-17,12 day ahead inc hosp,2021-05-29,06,quantile,0.3,83.958
2021-05-17,13 day ahead inc hosp,2021-05-30,06,quantile,0.3,79.975
2021-05-17,14 day ahead inc hosp,2021-05-31,06,quantile,0.3,76.108
2021-05-17,15 day ahead inc hosp,2021-06-01,06,quantile,0.3,72.355
2021-05-17,16 day ahead inc hosp,2021-06-02,06,quantile,0.3,68.714
2021-05-17,17 day ahead inc hosp,2021-06-03,06,quantile,0.3,65.182
2021-05-17,18 day ahead inc hosp,2021-06-04,06,quantile,0.3,61.758
2021-05-17,19 day ahead inc hosp,2021-06-05,06,quantile,0.3,58.439
2021-05-17,20 day ahead inc hosp,2021-06-06,06,quantile,0.3,55.222
2021-05-17,21 day ahead inc hosp,2021-06-07,06,quantile,0.3,52.106
2021-05-17,22 day ahead inc hosp,2021-06-08,06,quantile,0.3,49.089
2021-05-17,23 day ahead inc hosp,2021-06-09,06,quantile,0.3,46.167
2021-05-17,24 day ahead inc hosp,2021-06-10,06,quantile,0.3,43.34
2021-05-17,25 day ahead inc hosp,2021-06-11,06,quantile,0.3,40.603
2021-05-17,26 day ahead inc hosp,2021-06-12,06,quantile,0.3,37.957
2021-05-17,27 day ahead inc hosp,2021-06-13,06,quantile,0.3,35.397
2021-05-17,28 day ahead inc hosp,2021-06-14,06,quantile,0.3,32.922
2021-05-17,1 day ahead inc hosp,2021-05-18,06,quantile,0.35,143.26
2021-05-17,2 day ahead inc hosp,2021-05-19,06,quantile,0.35,138.01
2021-05-17,3 day ahead inc hosp,2021-05-20,06,quantile,0.35,132.838
2021-05-17,4 day ahead inc hosp,2021-05-21,06,quantile,0.35,127.765
2021-05-17,5 day ahead inc hosp,2021-05-22,06,quantile,0.35,122.804
2021-05-17,6 day ahead inc hosp,2021-05-23,06,quantile,0.35,117.961
2021-05-17,7 day ahead inc hosp,2021-05-24,06,quantile,0.35,113.241
2021-05-17,8 day ahead inc hosp,2021-05-25,06,quantile,0.35,108.645
2021-05-17,9 day ahead inc hosp,2021-05-26,06,quantile,0.35,104.173
2021-05-17,10 day ahead inc hosp,2021-05-27,06,quantile,0.35,99.824
2021-05-17,11 day ahead inc hosp,2021-05-28,06,quantile,0.35,95.597
2021-05-17,12 day ahead inc hosp,2021-05-29,06,quantile,0.35,91.49
2021-05-17,13 day ahead inc hosp,2021-05-30,06,quantile,0.35,87.501
2021-05-17,14 day ahead inc hosp,2021-05-31,06,quantile,0.35,83.629
2021-05-17,15 day ahead inc hosp,2021-06-01,06,quantile,0.35,79.871
2021-05-17,16 day ahead inc hosp,2021-06-02,06,quantile,0.35,76.224
2021-05-17,17 day ahead inc hosp,2021-06-03,06,quantile,0.35,72.688
2021-05-17,18 day ahead inc hosp,2021-06-04,06,quantile,0.35,69.259
2021-05-17,19 day ahead inc hosp,2021-06-05,06,quantile,0.35,65.935
2021-05-17,20 day ahead inc hosp,2021-06-06,06,quantile,0.35,62.714
2021-05-17,21 day ahead inc hosp,2021-06-07,06,quantile,0.35,59.593
2021-05-17,22 day ahead inc hosp,2021-06-08,06,quantile,0.35,56.571
2021-05-17,23 day ahead inc hosp,2021-06-09,06,quantile,0.35,53.646
2021-05-17,24 day ahead inc hosp,2021-06-10,06,quantile,0.35,50.814
2021-05-17,25 day ahead inc hosp,2021-06-11,06,quantile,0.35,48.074
2021-05-17,26 day ahead inc hosp,2021-06-12,06,quantile,0.35,45.423
2021-05-17,27 day ahead inc hosp,2021-06-13,06,quantile,0.35,42.86
2021-05-17,28 day ahead inc hosp,2021-06-14,06,quantile,0.35,40.382
2021-05-17,1 day ahead inc hosp,2021-05-18,06,quantile,0.4,150.477
2021-05-17,2 day ahead inc hosp,2021-05-19,06,quantile,0.4,145.22
2021-05-17,3 day ahead inc hosp,2021-05-20,06,quantile,0.4,140.041
2021-05-17,4 day ahead inc hosp,2021-05-21,06,quantile,0.4,134.961
2021-05-17,5 day ahead inc hosp,2021-05-22,06,quantile,0.4,129.993
2021-05-17,6 day ahead inc hosp,2021-05-23,06,quantile,0.4,125.144
2021-05-17,7 day ahead inc hosp,2021-05-24,06,quantile,0.4,120.418
2021-05-17,8 day ahead inc hosp,2021-05-25,06,quantile,0.4,115.815
2021-05-17,9 day ahead inc hosp,2021-05-26,06,quantile,0.4,111.337
2021-05-17,10 day ahead inc hosp,2021-05-27,06,quantile,0.4,106.982
2021-05-17,11 day ahead inc hosp,2021-05-28,06,quantile,0.4,102.749
2021-05-17,12 day ahead inc hosp,2021-05-29,06,quantile,0.4,98.637
2021-05-17,13 day ahead inc hosp,2021-05-30,06,quantile,0.4,94.643
2021-05-17,14 day ahead inc hosp,2021-05-31,06,quantile,0.4,90.765
2021-05-17,15 day ahead inc hosp,2021-06-01,06,quantile,0.4,87.002
2021-05-17,16 day ahead inc hosp,2021-06-02,06,quantile,0.4,83.351
2021-05-17,17 day ahead inc hosp,2021-06-03,06,quantile,0.4,79.809
2021-05-17,18 day ahead inc hosp,2021-06-04,06,quantile,0.4,76.376
2021-05-17,19 day ahead inc hosp,2021-06-05,06,quantile,0.4,73.047
2021-05-17,20 day ahead inc hosp,2021-06-06,06,quantile,0.4,69.822
2021-05-17,21 day ahead inc hosp,2021-06-07,06,quantile,0.4,66.698
2021-05-17,22 day ahead inc hosp,2021-06-08,06,quantile,0.4,63.672
2021-05-17,23 day ahead inc hosp,2021-06-09,06,quantile,0.4,60.742
2021-05-17,24 day ahead inc hosp,2021-06-10,06,quantile,0.4,57.906
2021-05-17,25 day ahead inc hosp,2021-06-11,06,quantile,0.4,55.163
2021-05-17,26 day ahead inc hosp,2021-06-12,06,quantile,0.4,52.509
2021-05-17,27 day ahead inc hosp,2021-06-13,06,quantile,0.4,49.942
2021-05-17,28 day ahead inc hosp,2021-06-14,06,quantile,0.4,47.461
2021-05-17,1 day ahead inc hosp,2021-05-18,06,quantile,0.45,157.459
2021-05-17,2 day ahead inc hosp,2021-05-19,06,quantile,0.45,152.195
2021-05-17,3 day ahead inc hosp,2021-05-20,06,quantile,0.45,147.009
2021-05-17,4 day ahead inc hosp,2021-05-21,06,quantile,0.45,141.923
2021-05-17,5 day ahead inc hosp,2021-05-22,06,quantile,0.45,136.949
2021-05-17,6 day ahead inc hosp,2021-05-23,06,quantile,0.45,132.093
2021-05-17,7 day ahead inc hosp,2021-05-24,06,quantile,0.45,127.361
2021-05-17,8 day ahead inc hosp,2021-05-25,06,quantile,0.45,122.752
2021-05-17,9 day ahead inc hosp,2021-05-26,06,quantile,0.45,118.268
2021-05-17,10 day ahead inc hosp,2021-05-27,06,quantile,0.45,113.908
2021-05-17,11 day ahead inc hosp,2021-05-28,06,quantile,0.45,109.67
2021-05-17,12 day ahead inc hosp,2021-05-29,06,quantile,0.45,105.552
2021-05-17,13 day ahead inc hosp,2021-05-30,06,quantile,0.45,101.553
2021-05-17,14 day ahead inc hosp,2021-05-31,06,quantile,0.45,97.67
2021-05-17,15 day ahead inc hosp,2021-06-01,06,quantile,0.45,93.902
2021-05-17,16 day ahead inc hosp,2021-06-02,06,quantile,0.45,90.246
2021-05-17,17 day ahead inc hosp,2021-06-03,06,quantile,0.45,86.7
2021-05-17,18 day ahead inc hosp,2021-06-04,06,quantile,0.45,83.262
2021-05-17,19 day ahead inc hosp,2021-06-05,06,quantile,0.45,79.929
2021-05-17,20 day ahead inc hosp,2021-06-06,06,quantile,0.45,76.7
2021-05-17,21 day ahead inc hosp,2021-06-07,06,quantile,0.45,73.571
2021-05-17,22 day ahead inc hosp,2021-06-08,06,quantile,0.45,70.541
2021-05-17,23 day ahead inc hosp,2021-06-09,06,quantile,0.45,67.608
2021-05-17,24 day ahead inc hosp,2021-06-10,06,quantile,0.45,64.768
2021-05-17,25 day ahead inc hosp,2021-06-11,06,quantile,0.45,62.021
2021-05-17,26 day ahead inc hosp,2021-06-12,06,quantile,0.45,59.364
2021-05-17,27 day ahead inc hosp,2021-06-13,06,quantile,0.45,56.794
2021-05-17,28 day ahead inc hosp,2021-06-14,06,quantile,0.45,54.309
2021-05-17,1 day ahead inc hosp,2021-05-18,06,quantile,0.5,164.33
2021-05-17,2 day ahead inc hosp,2021-05-19,06,quantile,0.5,159.06
2021-05-17,3 day ahead inc hosp,2021-05-20,06,quantile,0.5,153.868
2021-05-17,4 day ahead inc hosp,2021-05-21,06,quantile,0.5,148.775
2021-05-17,5 day ahead inc hosp,2021-05-22,06,quantile,0.5,143.794
2021-05-17,6 day ahead inc hosp,2021-05-23,06,quantile,0.5,138.933
2021-05-17,7 day ahead inc hosp,2021-05-24,06,quantile,0.5,134.194
2021-05-17,8 day ahead inc hosp,2021-05-25,06,quantile,0.5,129.58
2021-05-17,9 day ahead inc hosp,2021-05-26,06,quantile,0.5,125.09
2021-05-17,10 day ahead inc hosp,2021-05-27,06,quantile,0.5,120.724
2021-05-17,11 day ahead inc hosp,2021-05-28,06,quantile,0.5,116.48
2021-05-17,12 day ahead inc hosp,2021-05-29,06,quantile,0.5,112.357
2021-05-17,13 day ahead inc hosp,2021-05-30,06,quantile,0.5,108.353
2021-05-17,14 day ahead inc hosp,2021-05-31,06,quantile,0.5,104.465
2021-05-17,15 day ahead inc hosp,2021-06-01,06,quantile,0.5,100.692
2021-05-17,16 day ahead inc hosp,2021-06-02,06,quantile,0.5,97.032
2021-05-17,17 day ahead inc hosp,2021-06-03,06,quantile,0.5,93.481
2021-05-17,18 day ahead inc hosp,2021-06-04,06,quantile,0.5,90.039
2021-05-17,19 day ahead inc hosp,2021-06-05,06,quantile,0.5,86.702
2021-05-17,20 day ahead inc hosp,2021-06-06,06,quantile,0.5,83.468
2021-05-17,21 day ahead inc hosp,2021-06-07,06,quantile,0.5,80.335
2021-05-17,22 day ahead inc hosp,2021-06-08,06,quantile,0.5,77.302
2021-05-17,23 day ahead inc hosp,2021-06-09,06,quantile,0.5,74.365
2021-05-17,24 day ahead inc hosp,2021-06-10,06,quantile,0.5,71.522
2021-05-17,25 day ahead inc hosp,2021-06-11,06,quantile,0.5,68.771
2021-05-17,26 day ahead inc hosp,2021-06-12,06,quantile,0.5,66.11
2021-05-17,27 day ahead inc hosp,2021-06-13,06,quantile,0.5,63.537
2021-05-17,28 day ahead inc hosp,2021-06-14,06,quantile,0.5,61.049
2021-05-17,1 day ahead inc hosp,2021-05-18,06,quantile,0.55,171.202
2021-05-17,2 day ahead inc hosp,2021-05-19,06,quantile,0.55,165.925
2021-05-17,3 day ahead inc hosp,2021-05-20,06,quantile,0.55,160.726
2021-05-17,4 day ahead inc hosp,2021-05-21,06,quantile,0.55,155.627
2021-05-17,5 day ahead inc hosp,2021-05-22,06,quantile,0.55,150.639
2021-05-17,6 day ahead inc hosp,2021-05-23,06,quantile,0.55,145.772
2021-05-17,7 day ahead inc hosp,2021-05-24,06,quantile,0.55,141.027
2021-05-17,8 day ahead inc hosp,2021-05-25,06,quantile,0.55,136.407
2021-05-17,9 day ahead inc hosp,2021-05-26,06,quantile,0.55,131.911
2021-05-17,10 day ahead inc hosp,2021-05-27,06,quantile,0.55,127.54
2021-05-17,11 day ahead inc hosp,2021-05-28,06,quantile,0.55,123.291
2021-05-17,12 day ahead inc hosp,2021-05-29,06,quantile,0.55,119.162
2021-05-17,13 day ahead inc hosp,2021-05-30,06,quantile,0.55,115.153
2021-05-17,14 day ahead inc hosp,2021-05-31,06,quantile,0.55,111.26
2021-05-17,15 day ahead inc hosp,2021-06-01,06,quantile,0.55,107.483
2021-05-17,16 day ahead inc hosp,2021-06-02,06,quantile,0.55,103.817
2021-05-17,17 day ahead inc hosp,2021-06-03,06,quantile,0.55,100.262
2021-05-17,18 day ahead inc hosp,2021-06-04,06,quantile,0.55,96.815
2021-05-17,19 day ahead inc hosp,2021-06-05,06,quantile,0.55,93.474
2021-05-17,20 day ahead inc hosp,2021-06-06,06,quantile,0.55,90.236
2021-05-17,21 day ahead inc hosp,2021-06-07,06,quantile,0.55,87.1
2021-05-17,22 day ahead inc hosp,2021-06-08,06,quantile,0.55,84.062
2021-05-17,23 day ahead inc hosp,2021-06-09,06,quantile,0.55,81.121
2021-05-17,24 day ahead inc hosp,2021-06-10,06,quantile,0.55,78.275
2021-05-17,25 day ahead inc hosp,2021-06-11,06,quantile,0.55,75.521
2021-05-17,26 day ahead inc hosp,2021-06-12,06,quantile,0.55,72.856
2021-05-17,27 day ahead inc hosp,2021-06-13,06,quantile,0.55,70.28
2021-05-17,28 day ahead inc hosp,2021-06-14,06,quantile,0.55,67.789
2021-05-17,1 day ahead inc hosp,2021-05-18,06,quantile,0.6,178.184
2021-05-17,2 day ahead inc hosp,2021-05-19,06,quantile,0.6,172.9
2021-05-17,3 day ahead inc hosp,2021-05-20,06,quantile,0.6,167.695
2021-05-17,4 day ahead inc hosp,2021-05-21,06,quantile,0.6,162.589
2021-05-17,5 day ahead inc hosp,2021-05-22,06,quantile,0.6,157.595
2021-05-17,6 day ahead inc hosp,2021-05-23,06,quantile,0.6,152.721
2021-05-17,7 day ahead inc hosp,2021-05-24,06,quantile,0.6,147.97
2021-05-17,8 day ahead inc hosp,2021-05-25,06,quantile,0.6,143.344
2021-05-17,9 day ahead inc hosp,2021-05-26,06,quantile,0.6,138.843
2021-05-17,10 day ahead inc hosp,2021-05-27,06,quantile,0.6,134.465
2021-05-17,11 day ahead inc hosp,2021-05-28,06,quantile,0.6,130.211
2021-05-17,12 day ahead inc hosp,2021-05-29,06,quantile,0.6,126.077
2021-05-17,13 day ahead inc hosp,2021-05-30,06,quantile,0.6,122.063
2021-05-17,14 day ahead inc hosp,2021-05-31,06,quantile,0.6,118.165
2021-05-17,15 day ahead inc hosp,2021-06-01,06,quantile,0.6,114.382
2021-05-17,16 day ahead inc hosp,2021-06-02,06,quantile,0.6,110.712
2021-05-17,17 day ahead inc hosp,2021-06-03,06,quantile,0.6,107.153
2021-05-17,18 day ahead inc hosp,2021-06-04,06,quantile,0.6,103.701
2021-05-17,19 day ahead inc hosp,2021-06-05,06,quantile,0.6,100.356
2021-05-17,20 day ahead inc hosp,2021-06-06,06,quantile,0.6,97.114
2021-05-17,21 day ahead inc hosp,2021-06-07,06,quantile,0.6,93.973
2021-05-17,22 day ahead inc hosp,2021-06-08,06,quantile,0.6,90.932
2021-05-17,23 day ahead inc hosp,2021-06-09,06,quantile,0.6,87.987
2021-05-17,24 day ahead inc hosp,2021-06-10,06,quantile,0.6,85.137
2021-05-17,25 day ahead inc hosp,2021-06-11,06,quantile,0.6,82.379
2021-05-17,26 day ahead inc hosp,2021-06-12,06,quantile,0.6,79.712
2021-05-17,27 day ahead inc hosp,2021-06-13,06,quantile,0.6,77.132
2021-05-17,28 day ahead inc hosp,2021-06-14,06,quantile,0.6,74.638
2021-05-17,1 day ahead inc hosp,2021-05-18,06,quantile,0.65,185.401
2021-05-17,2 day ahead inc hosp,2021-05-19,06,quantile,0.65,180.11
2021-05-17,3 day ahead inc hosp,2021-05-20,06,quantile,0.65,174.897
2021-05-17,4 day ahead inc hosp,2021-05-21,06,quantile,0.65,169.785
2021-05-17,5 day ahead inc hosp,2021-05-22,06,quantile,0.65,164.784
2021-05-17,6 day ahead inc hosp,2021-05-23,06,quantile,0.65,159.904
2021-05-17,7 day ahead inc hosp,2021-05-24,06,quantile,0.65,155.147
2021-05-17,8 day ahead inc hosp,2021-05-25,06,quantile,0.65,150.514
2021-05-17,9 day ahead inc hosp,2021-05-26,06,quantile,0.65,146.007
2021-05-17,10 day ahead inc hosp,2021-05-27,06,quantile,0.65,141.624
2021-05-17,11 day ahead inc hosp,2021-05-28,06,quantile,0.65,137.363
2021-05-17,12 day ahead inc hosp,2021-05-29,06,quantile,0.65,133.224
2021-05-17,13 day ahead inc hosp,2021-05-30,06,quantile,0.65,129.204
2021-05-17,14 day ahead inc hosp,2021-05-31,06,quantile,0.65,125.301
2021-05-17,15 day ahead inc hosp,2021-06-01,06,quantile,0.65,121.514
2021-05-17,16 day ahead inc hosp,2021-06-02,06,quantile,0.65,117.839
2021-05-17,17 day ahead inc hosp,2021-06-03,06,quantile,0.65,114.275
2021-05-17,18 day ahead inc hosp,2021-06-04,06,quantile,0.65,110.819
2021-05-17,19 day ahead inc hosp,2021-06-05,06,quantile,0.65,107.469
2021-05-17,20 day ahead inc hosp,2021-06-06,06,quantile,0.65,104.222
2021-05-17,21 day ahead inc hosp,2021-06-07,06,quantile,0.65,101.078
2021-05-17,22 day ahead inc hosp,2021-06-08,06,quantile,0.65,98.032
2021-05-17,23 day ahead inc hosp,2021-06-09,06,quantile,0.65,95.083
2021-05-17,24 day ahead inc hosp,2021-06-10,06,quantile,0.65,92.23
2021-05-17,25 day ahead inc hosp,2021-06-11,06,quantile,0.65,89.468
2021-05-17,26 day ahead inc hosp,2021-06-12,06,quantile,0.65,86.797
2021-05-17,27 day ahead inc hosp,2021-06-13,06,quantile,0.65,84.214
2021-05-17,28 day ahead inc hosp,2021-06-14,06,quantile,0.65,81.716
2021-05-17,1 day ahead inc hosp,2021-05-18,06,quantile,0.7,193.007
2021-05-17,2 day ahead inc hosp,2021-05-19,06,quantile,0.7,187.708
2021-05-17,3 day ahead inc hosp,2021-05-20,06,quantile,0.7,182.488
2021-05-17,4 day ahead inc hosp,2021-05-21,06,quantile,0.7,177.368
2021-05-17,5 day ahead inc hosp,2021-05-22,06,quantile,0.7,172.361
2021-05-17,6 day ahead inc hosp,2021-05-23,06,quantile,0.7,167.473
2021-05-17,7 day ahead inc hosp,2021-05-24,06,quantile,0.7,162.709
2021-05-17,8 day ahead inc hosp,2021-05-25,06,quantile,0.7,158.071
2021-05-17,9 day ahead inc hosp,2021-05-26,06,quantile,0.7,153.557
2021-05-17,10 day ahead inc hosp,2021-05-27,06,quantile,0.7,149.168
2021-05-17,11 day ahead inc hosp,2021-05-28,06,quantile,0.7,144.901
2021-05-17,12 day ahead inc hosp,2021-05-29,06,quantile,0.7,140.756
2021-05-17,13 day ahead inc hosp,2021-05-30,06,quantile,0.7,136.731
2021-05-17,14 day ahead inc hosp,2021-05-31,06,quantile,0.7,132.822
2021-05-17,15 day ahead inc hosp,2021-06-01,06,quantile,0.7,129.029
2021-05-17,16 day ahead inc hosp,2021-06-02,06,quantile,0.7,125.349
2021-05-17,17 day ahead inc hosp,2021-06-03,06,quantile,0.7,121.78
2021-05-17,18 day ahead inc hosp,2021-06-04,06,quantile,0.7,118.319
2021-05-17,19 day ahead inc hosp,2021-06-05,06,quantile,0.7,114.964
2021-05-17,20 day ahead inc hosp,2021-06-06,06,quantile,0.7,111.714
2021-05-17,21 day ahead inc hosp,2021-06-07,06,quantile,0.7,108.564
2021-05-17,22 day ahead inc hosp,2021-06-08,06,quantile,0.7,105.515
2021-05-17,23 day ahead inc hosp,2021-06-09,06,quantile,0.7,102.562
2021-05-17,24 day ahead inc hosp,2021-06-10,06,quantile,0.7,99.704
2021-05-17,25 day ahead inc hosp,2021-06-11,06,quantile,0.7,96.939
2021-05-17,26 day ahead inc hosp,2021-06-12,06,quantile,0.7,94.264
2021-05-17,27 day ahead inc hosp,2021-06-13,06,quantile,0.7,91.677
2021-05-17,28 day ahead inc hosp,2021-06-14,06,quantile,0.7,89.176
2021-05-17,1 day ahead inc hosp,2021-05-18,06,quantile,0.75,201.214
2021-05-17,2 day ahead inc hosp,2021-05-19,06,quantile,0.75,195.907
2021-05-17,3 day ahead inc hosp,2021-05-20,06,quantile,0.75,190.68
2021-05-17,4 day ahead inc hosp,2021-05-21,06,quantile,0.75,185.552
2021-05-17,5 day ahead inc hosp,2021-05-22,06,quantile,0.75,180.537
2021-05-17,6 day ahead inc hosp,2021-05-23,06,quantile,0.75,175.642
2021-05-17,7 day ahead inc hosp,2021-05-24,06,quantile,0.75,170.871
2021-05-17,8 day ahead inc hosp,2021-05-25,06,quantile,0.75,166.225
2021-05-17,9 day ahead inc hosp,2021-05-26,06,quantile,0.75,161.704
2021-05-17,10 day ahead inc hosp,2021-05-27,06,quantile,0.75,157.308
2021-05-17,11 day ahead inc hosp,2021-05-28,06,quantile,0.75,153.036
2021-05-17,12 day ahead inc hosp,2021-05-29,06,quantile,0.75,148.884
2021-05-17,13 day ahead inc hosp,2021-05-30,06,quantile,0.75,144.853
2021-05-17,14 day ahead inc hosp,2021-05-31,06,quantile,0.75,140.938
2021-05-17,15 day ahead inc hosp,2021-06-01,06,quantile,0.75,137.14
2021-05-17,16 day ahead inc hosp,2021-06-02,06,quantile,0.75,133.454
2021-05-17,17 day ahead inc hosp,2021-06-03,06,quantile,0.75,129.879
2021-05-17,18 day ahead inc hosp,2021-06-04,06,quantile,0.75,126.413
2021-05-17,19 day ahead inc hosp,2021-06-05,06,quantile,0.75,123.053
2021-05-17,20 day ahead inc hosp,2021-06-06,06,quantile,0.75,119.798
2021-05-17,21 day ahead inc hosp,2021-06-07,06,quantile,0.75,116.644
2021-05-17,22 day ahead inc hosp,2021-06-08,06,quantile,0.75,113.589
2021-05-17,23 day ahead inc hosp,2021-06-09,06,quantile,0.75,110.632
2021-05-17,24 day ahead inc hosp,2021-06-10,06,quantile,0.75,107.77
2021-05-17,25 day ahead inc hosp,2021-06-11,06,quantile,0.75,105
2021-05-17,26 day ahead inc hosp,2021-06-12,06,quantile,0.75,102.321
2021-05-17,27 day ahead inc hosp,2021-06-13,06,quantile,0.75,99.731
2021-05-17,28 day ahead inc hosp,2021-06-14,06,quantile,0.75,97.226
2021-05-17,1 day ahead inc hosp,2021-05-18,06,quantile,0.8,210.353
2021-05-17,2 day ahead inc hosp,2021-05-19,06,quantile,0.8,205.038
2021-05-17,3 day ahead inc hosp,2021-05-20,06,quantile,0.8,199.801
2021-05-17,4 day ahead inc hosp,2021-05-21,06,quantile,0.8,194.665
2021-05-17,5 day ahead inc hosp,2021-05-22,06,quantile,0.8,189.641
2021-05-17,6 day ahead inc hosp,2021-05-23,06,quantile,0.8,184.738
2021-05-17,7 day ahead inc hosp,2021-05-24,06,quantile,0.8,179.959
2021-05-17,8 day ahead inc hosp,2021-05-25,06,quantile,0.8,175.305
2021-05-17,9 day ahead inc hosp,2021-05-26,06,quantile,0.8,170.777
2021-05-17,10 day ahead inc hosp,2021-05-27,06,quantile,0.8,166.374
2021-05-17,11 day ahead inc hosp,2021-05-28,06,quantile,0.8,162.094
2021-05-17,12 day ahead inc hosp,2021-05-29,06,quantile,0.8,157.935
2021-05-17,13 day ahead inc hosp,2021-05-30,06,quantile,0.8,153.897
2021-05-17,14 day ahead inc hosp,2021-05-31,06,quantile,0.8,149.976
2021-05-17,15 day ahead inc hosp,2021-06-01,06,quantile,0.8,146.171
2021-05-17,16 day ahead inc hosp,2021-06-02,06,quantile,0.8,142.479
2021-05-17,17 day ahead inc hosp,2021-06-03,06,quantile,0.8,138.898
2021-05-17,18 day ahead inc hosp,2021-06-04,06,quantile,0.8,135.426
2021-05-17,19 day ahead inc hosp,2021-06-05,06,quantile,0.8,132.061
2021-05-17,20 day ahead inc hosp,2021-06-06,06,quantile,0.8,128.8
2021-05-17,21 day ahead inc hosp,2021-06-07,06,quantile,0.8,125.641
2021-05-17,22 day ahead inc hosp,2021-06-08,06,quantile,0.8,122.581
2021-05-17,23 day ahead inc hosp,2021-06-09,06,quantile,0.8,119.619
2021-05-17,24 day ahead inc hosp,2021-06-10,06,quantile,0.8,116.752
2021-05-17,25 day ahead inc hosp,2021-06-11,06,quantile,0.8,113.978
2021-05-17,26 day ahead inc hosp,2021-06-12,06,quantile,0.8,111.294
2021-05-17,27 day ahead inc hosp,2021-06-13,06,quantile,0.8,108.699
2021-05-17,28 day ahead inc hosp,2021-06-14,06,quantile,0.8,106.19
2021-05-17,1 day ahead inc hosp,2021-05-18,06,quantile,0.85,221.006
2021-05-17,2 day ahead inc hosp,2021-05-19,06,quantile,0.85,215.68
2021-05-17,3 day ahead inc hosp,2021-05-20,06,quantile,0.85,210.433
2021-05-17,4 day ahead inc hosp,2021-05-21,06,quantile,0.85,205.287
2021-05-17,5 day ahead inc hosp,2021-05-22,06,quantile,0.85,200.254
2021-05-17,6 day ahead inc hosp,2021-05-23,06,quantile,0.85,195.341
2021-05-17,7 day ahead inc hosp,2021-05-24,06,quantile,0.85,190.552
2021-05-17,8 day ahead inc hosp,2021-05-25,06,quantile,0.85,185.89
2021-05-17,9 day ahead inc hosp,2021-05-26,06,quantile,0.85,181.353
2021-05-17,10 day ahead inc hosp,2021-05-27,06,quantile,0.85,176.94
2021-05-17,11 day ahead inc hosp,2021-05-28,06,quantile,0.85,172.652
2021-05-17,12 day ahead inc hosp,2021-05-29,06,quantile,0.85,168.486
2021-05-17,13 day ahead inc hosp,2021-05-30,06,quantile,0.85,164.439
2021-05-17,14 day ahead inc hosp,2021-05-31,06,quantile,0.85,160.511
2021-05-17,15 day ahead inc hosp,2021-06-01,06,quantile,0.85,156.698
2021-05-17,16 day ahead inc hosp,2021-06-02,06,quantile,0.85,152.999
2021-05-17,17 day ahead inc hosp,2021-06-03,06,quantile,0.85,149.411
2021-05-17,18 day ahead inc hosp,2021-06-04,06,quantile,0.85,145.932
2021-05-17,19 day ahead inc hosp,2021-06-05,06,quantile,0.85,142.56
2021-05-17,20 day ahead inc hosp,2021-06-06,06,quantile,0.85,139.293
2021-05-17,21 day ahead inc hosp,2021-06-07,06,quantile,0.85,136.128
2021-05-17,22 day ahead inc hosp,2021-06-08,06,quantile,0.85,133.062
2021-05-17,23 day ahead inc hosp,2021-06-09,06,quantile,0.85,130.094
2021-05-17,24 day ahead inc hosp,2021-06-10,06,quantile,0.85,127.221
2021-05-17,25 day ahead inc hosp,2021-06-11,06,quantile,0.85,124.442
2021-05-17,26 day ahead inc hosp,2021-06-12,06,quantile,0.85,121.753
2021-05-17,27 day ahead inc hosp,2021-06-13,06,quantile,0.85,119.153
2021-05-17,28 day ahead inc hosp,2021-06-14,06,quantile,0.85,116.639
2021-05-17,1 day ahead inc hosp,2021-05-18,06,quantile,0.9,234.41
2021-05-17,2 day ahead inc hosp,2021-05-19,06,quantile,0.9,229.071
2021-05-17,3 day ahead inc hosp,2021-05-20,06,quantile,0.9,223.811
2021-05-17,4 day ahead inc hosp,2021-05-21,06,quantile,0.9,218.652
2021-05-17,5 day ahead inc hosp,2021-05-22,06,quantile,0.9,213.606
2021-05-17,6 day ahead inc hosp,2021-05-23,06,quantile,0.9,208.682
2021-05-17,7 day ahead inc hosp,2021-05-24,06,quantile,0.9,203.881
2021-05-17,8 day ahead inc hosp,2021-05-25,06,quantile,0.9,199.207
2021-05-17,9 day ahead inc hosp,2021-05-26,06,quantile,0.9,194.659
2021-05-17,10 day ahead inc hosp,2021-05-27,06,quantile,0.9,190.236
2021-05-17,11 day ahead inc hosp,2021-05-28,06,quantile,0.9,185.937
2021-05-17,12 day ahead inc hosp,2021-05-29,06,quantile,0.9,181.76
2021-05-17,13 day ahead inc hosp,2021-05-30,06,quantile,0.9,177.704
2021-05-17,14 day ahead inc hosp,2021-05-31,06,quantile,0.9,173.766
2021-05-17,15 day ahead inc hosp,2021-06-01,06,quantile,0.9,169.944
2021-05-17,16 day ahead inc hosp,2021-06-02,06,quantile,0.9,166.235
2021-05-17,17 day ahead inc hosp,2021-06-03,06,quantile,0.9,162.639
2021-05-17,18 day ahead inc hosp,2021-06-04,06,quantile,0.9,159.151
2021-05-17,19 day ahead inc hosp,2021-06-05,06,quantile,0.9,155.771
2021-05-17,20 day ahead inc hosp,2021-06-06,06,quantile,0.9,152.496
2021-05-17,21 day ahead inc hosp,2021-06-07,06,quantile,0.9,149.322
2021-05-17,22 day ahead inc hosp,2021-06-08,06,quantile,0.9,146.249
2021-05-17,23 day ahead inc hosp,2021-06-09,06,quantile,0.9,143.274
2021-05-17,24 day ahead inc hosp,2021-06-10,06,quantile,0.9,140.395
2021-05-17,25 day ahead inc hosp,2021-06-11,06,quantile,0.9,137.608
2021-05-17,26 day ahead inc hosp,2021-06-12,06,quantile,0.9,134.913
2021-05-17,27 day ahead inc hosp,2021-06-13,06,quantile,0.9,132.306
2021-05-17,28 day ahead inc hosp,2021-06-14,06,quantile,0.9,129.786
2021-05-17,1 day ahead inc hosp,2021-05-18,06,quantile,0.95,254.277
2021-05-17,2 day ahead inc hosp,2021-05-19,06,quantile,0.95,248.919
2021-05-17,3 day ahead inc hosp,2021-05-20,06,quantile,0.95,243.639
2021-05-17,4 day ahead inc hosp,2021-05-21,06,quantile,0.95,238.461
2021-05-17,5 day ahead inc hosp,2021-05-22,06,quantile,0.95,233.397
2021-05-17,6 day ahead inc hosp,2021-05-23,06,quantile,0.95,228.455
2021-05-17,7 day ahead inc hosp,2021-05-24,06,quantile,0.95,223.637
2021-05-17,8 day ahead inc hosp,2021-05-25,06,quantile,0.95,218.945
2021-05-17,9 day ahead inc hosp,2021-05-26,06,quantile,0.95,214.381
2021-05-17,10 day ahead inc hosp,2021-05-27,06,quantile,0.95,209.941
2021-05-17,11 day ahead inc hosp,2021-05-28,06,quantile,0.95,205.627
2021-05-17,12 day ahead inc hosp,2021-05-29,06,quantile,0.95,201.435
2021-05-17,13 day ahead inc hosp,2021-05-30,06,quantile,0.95,197.364
2021-05-17,14 day ahead inc hosp,2021-05-31,06,quantile,0.95,193.411
2021-05-17,15 day ahead inc hosp,2021-06-01,06,quantile,0.95,189.575
2021-05-17,16 day ahead inc hosp,2021-06-02,06,quantile,0.95,185.854
2021-05-17,17 day ahead inc hosp,2021-06-03,06,quantile,0.95,182.244
2021-05-17,18 day ahead inc hosp,2021-06-04,06,quantile,0.95,178.744
2021-05-17,19 day ahead inc hosp,2021-06-05,06,quantile,0.95,175.351
2021-05-17,20 day ahead inc hosp,2021-06-06,06,quantile,0.95,172.064
2021-05-17,21 day ahead inc hosp,2021-06-07,06,quantile,0.95,168.879
2021-05-17,22 day ahead inc hosp,2021-06-08,06,quantile,0.95,165.795
2021-05-17,23 day ahead inc hosp,2021-06-09,06,quantile,0.95,162.809
2021-05-17,24 day ahead inc hosp,2021-06-10,06,quantile,0.95,159.919
2021-05-17,25 day ahead inc hosp,2021-06-11,06,quantile,0.95,157.123
2021-05-17,26 day ahead inc hosp,2021-06-12,06,quantile,0.95,154.417
2021-05-17,27 day ahead inc hosp,2021-06-13,06,quantile,0.95,151.802
2021-05-17,28 day ahead inc hosp,2021-06-14,06,quantile,0.95,149.273
2021-05-17,1 day ahead inc hosp,2021-05-18,06,quantile,0.975,271.508
2021-05-17,2 day ahead inc hosp,2021-05-19,06,quantile,0.975,266.133
2021-05-17,3 day ahead inc hosp,2021-05-20,06,quantile,0.975,260.837
2021-05-17,4 day ahead inc hosp,2021-05-21,06,quantile,0.975,255.643
2021-05-17,5 day ahead inc hosp,2021-05-22,06,quantile,0.975,250.563
2021-05-17,6 day ahead inc hosp,2021-05-23,06,quantile,0.975,245.605
2021-05-17,7 day ahead inc hosp,2021-05-24,06,quantile,0.975,240.772
2021-05-17,8 day ahead inc hosp,2021-05-25,06,quantile,0.975,236.065
2021-05-17,9 day ahead inc hosp,2021-05-26,06,quantile,0.975,231.486
2021-05-17,10 day ahead inc hosp,2021-05-27,06,quantile,0.975,227.033
2021-05-17,11 day ahead inc hosp,2021-05-28,06,quantile,0.975,222.705
2021-05-17,12 day ahead inc hosp,2021-05-29,06,quantile,0.975,218.5
2021-05-17,13 day ahead inc hosp,2021-05-30,06,quantile,0.975,214.416
2021-05-17,14 day ahead inc hosp,2021-05-31,06,quantile,0.975,210.451
2021-05-17,15 day ahead inc hosp,2021-06-01,06,quantile,0.975,206.603
2021-05-17,16 day ahead inc hosp,2021-06-02,06,quantile,0.975,202.87
2021-05-17,17 day ahead inc hosp,2021-06-03,06,quantile,0.975,199.249
2021-05-17,18 day ahead inc hosp,2021-06-04,06,quantile,0.975,195.738
2021-05-17,19 day ahead inc hosp,2021-06-05,06,quantile,0.975,192.334
2021-05-17,20 day ahead inc hosp,2021-06-06,06,quantile,0.975,189.037
2021-05-17,21 day ahead inc hosp,2021-06-07,06,quantile,0.975,185.842
2021-05-17,22 day ahead inc hosp,2021-06-08,06,quantile,0.975,182.748
2021-05-17,23 day ahead inc hosp,2021-06-09,06,quantile,0.975,179.753
2021-05-17,24 day ahead inc hosp,2021-06-10,06,quantile,0.975,176.854
2021-05-17,25 day ahead inc hosp,2021-06-11,06,quantile,0.975,174.048
2021-05-17,26 day ahead inc hosp,2021-06-12,06,quantile,0.975,171.335
2021-05-17,27 day ahead inc hosp,2021-06-13,06,quantile,0.975,168.711
2021-05-17,28 day ahead inc hosp,2021-06-14,06,quantile,0.975,166.174
2021-05-17,1 day ahead inc hosp,2021-05-18,06,quantile,0.99,291.544
2021-05-17,2 day ahead inc hosp,2021-05-19,06,quantile,0.99,286.149
2021-05-17,3 day ahead inc hosp,2021-05-20,06,quantile,0.99,280.834
2021-05-17,4 day ahead inc hosp,2021-05-21,06,quantile,0.99,275.62
2021-05-17,5 day ahead inc hosp,2021-05-22,06,quantile,0.99,270.522
2021-05-17,6 day ahead inc hosp,2021-05-23,06,quantile,0.99,265.545
2021-05-17,7 day ahead inc hosp,2021-05-24,06,quantile,0.99,260.695
2021-05-17,8 day ahead inc hosp,2021-05-25,06,quantile,0.99,255.971
2021-05-17,9 day ahead inc hosp,2021-05-26,06,quantile,0.99,251.375
2021-05-17,10 day ahead inc hosp,2021-05-27,06,quantile,0.99,246.906
2021-05-17,11 day ahead inc hosp,2021-05-28,06,quantile,0.99,242.562
2021-05-17,12 day ahead inc hosp,2021-05-29,06,quantile,0.99,238.342
2021-05-17,13 day ahead inc hosp,2021-05-30,06,quantile,0.99,234.243
2021-05-17,14 day ahead inc hosp,2021-05-31,06,quantile,0.99,230.263
2021-05-17,15 day ahead inc hosp,2021-06-01,06,quantile,0.99,226.401
2021-05-17,16 day ahead inc hosp,2021-06-02,06,quantile,0.99,222.654
2021-05-17,17 day ahead inc hosp,2021-06-03,06,quantile,0.99,219.02
2021-05-17,18 day ahead inc hosp,2021-06-04,06,quantile,0.99,215.496
2021-05-17,19 day ahead inc hosp,2021-06-05,06,quantile,0.99,212.081
2021-05-17,20 day ahead inc hosp,2021-06-06,06,quantile,0.99,208.771
2021-05-17,21 day ahead inc hosp,2021-06-07,06,quantile,0.99,205.565
2021-05-17,22 day ahead inc hosp,2021-06-08,06,quantile,0.99,202.46
2021-05-17,23 day ahead inc hosp,2021-06-09,06,quantile,0.99,199.453
2021-05-17,24 day ahead inc hosp,2021-06-10,06,quantile,0.99,196.544
2021-05-17,25 day ahead inc hosp,2021-06-11,06,quantile,0.99,193.728
2021-05-17,26 day ahead inc hosp,2021-06-12,06,quantile,0.99,191.005
2021-05-17,27 day ahead inc hosp,2021-06-13,06,quantile,0.99,188.371
2021-05-17,28 day ahead inc hosp,2021-06-14,06,quantile,0.99,185.825
2021-05-17,1 day ahead inc hosp,2021-05-18,06,point,NA,164.33
2021-05-17,2 day ahead inc hosp,2021-05-19,06,point,NA,159.06
2021-05-17,3 day ahead inc hosp,2021-05-20,06,point,NA,153.868
2021-05-17,4 day ahead inc hosp,2021-05-21,06,point,NA,148.775
2021-05-17,5 day ahead inc hosp,2021-05-22,06,point,NA,143.794
2021-05-17,6 day ahead inc hosp,2021-05-23,06,point,NA,138.933
2021-05-17,7 day ahead inc hosp,2021-05-24,06,point,NA,134.194
2021-05-17,8 day ahead inc hosp,2021-05-25,06,point,NA,129.58
2021-05-17,9 day ahead inc hosp,2021-05-26,06,point,NA,125.09
2021-05-17,10 day ahead inc hosp,2021-05-27,06,point,NA,120.724
2021-05-17,11 day ahead inc hosp,2021-05-28,06,point,NA,116.48
2021-05-17,12 day ahead inc hosp,2021-05-29,06,point,NA,112.357
2021-05-17,13 day ahead inc hosp,2021-05-30,06,point,NA,108.353
2021-05-17,14 day ahead inc hosp,2021-05-31,06,point,NA,104.465
2021-05-17,15 day ahead inc hosp,2021-06-01,06,point,NA,100.692
2021-05-17,16 day ahead inc hosp,2021-06-02,06,point,NA,97.032
2021-05-17,17 day ahead inc hosp,2021-06-03,06,point,NA,93.481
2021-05-17,18 day ahead inc hosp,2021-06-04,06,point,NA,90.039
2021-05-17,19 day ahead inc hosp,2021-06-05,06,point,NA,86.702
2021-05-17,20 day ahead inc hosp,2021-06-06,06,point,NA,83.468
2021-05-17,21 day ahead inc hosp,2021-06-07,06,point,NA,80.335
2021-05-17,22 day ahead inc hosp,2021-06-08,06,point,NA,77.302
2021-05-17,23 day ahead inc hosp,2021-06-09,06,point,NA,74.365
2021-05-17,24 day ahead inc hosp,2021-06-10,06,point,NA,71.522
2021-05-17,25 day ahead inc hosp,2021-06-11,06,point,NA,68.771
2021-05-17,26 day ahead inc hosp,2021-06-12,06,point,NA,66.11
2021-05-17,27 day ahead inc hosp,2021-06-13,06,point,NA,63.537
2021-05-17,28 day ahead inc hosp,2021-06-14,06,point,NA,61.049
2021-05-17,1 wk ahead inc death,2021-05-22,06,quantile,0.01,9.678
2021-05-17,2 wk ahead inc death,2021-05-29,06,quantile,0.01,0
2021-05-17,3 wk ahead inc death,2021-06-05,06,quantile,0.01,0
2021-05-17,4 wk ahead inc death,2021-06-12,06,quantile,0.01,0
2021-05-17,1 wk ahead inc death,2021-05-22,06,quantile,0.025,68.764
2021-05-17,2 wk ahead inc death,2021-05-29,06,quantile,0.025,6.046
2021-05-17,3 wk ahead inc death,2021-06-05,06,quantile,0.025,0
2021-05-17,4 wk ahead inc death,2021-06-12,06,quantile,0.025,0
2021-05-17,1 wk ahead inc death,2021-05-22,06,quantile,0.05,119.582
2021-05-17,2 wk ahead inc death,2021-05-29,06,quantile,0.05,60.838
2021-05-17,3 wk ahead inc death,2021-06-05,06,quantile,0.05,17.656
2021-05-17,4 wk ahead inc death,2021-06-12,06,quantile,0.05,0
2021-05-17,1 wk ahead inc death,2021-05-22,06,quantile,0.1,178.171
2021-05-17,2 wk ahead inc death,2021-05-29,06,quantile,0.1,124.01
2021-05-17,3 wk ahead inc death,2021-06-05,06,quantile,0.1,80.779
2021-05-17,4 wk ahead inc death,2021-06-12,06,quantile,0.1,35.656
2021-05-17,1 wk ahead inc death,2021-05-22,06,quantile,0.15,217.701
2021-05-17,2 wk ahead inc death,2021-05-29,06,quantile,0.15,166.632
2021-05-17,3 wk ahead inc death,2021-06-05,06,quantile,0.15,123.369
2021-05-17,4 wk ahead inc death,2021-06-12,06,quantile,0.15,78.21
2021-05-17,1 wk ahead inc death,2021-05-22,06,quantile,0.2,249.118
2021-05-17,2 wk ahead inc death,2021-05-29,06,quantile,0.2,200.506
2021-05-17,3 wk ahead inc death,2021-06-05,06,quantile,0.2,157.217
2021-05-17,4 wk ahead inc death,2021-06-12,06,quantile,0.2,112.031
2021-05-17,1 wk ahead inc death,2021-05-22,06,quantile,0.25,276.071
2021-05-17,2 wk ahead inc death,2021-05-29,06,quantile,0.25,229.567
2021-05-17,3 wk ahead inc death,2021-06-05,06,quantile,0.25,186.256
2021-05-17,4 wk ahead inc death,2021-06-12,06,quantile,0.25,141.046
2021-05-17,1 wk ahead inc death,2021-05-22,06,quantile,0.3,300.276
2021-05-17,2 wk ahead inc death,2021-05-29,06,quantile,0.3,255.665
2021-05-17,3 wk ahead inc death,2021-06-05,06,quantile,0.3,212.334
2021-05-17,4 wk ahead inc death,2021-06-12,06,quantile,0.3,167.103
2021-05-17,1 wk ahead inc death,2021-05-22,06,quantile,0.35,322.705
2021-05-17,2 wk ahead inc death,2021-05-29,06,quantile,0.35,279.848
2021-05-17,3 wk ahead inc death,2021-06-05,06,quantile,0.35,236.499
2021-05-17,4 wk ahead inc death,2021-06-12,06,quantile,0.35,191.248
2021-05-17,1 wk ahead inc death,2021-05-22,06,quantile,0.4,343.988
2021-05-17,2 wk ahead inc death,2021-05-29,06,quantile,0.4,302.796
2021-05-17,3 wk ahead inc death,2021-06-05,06,quantile,0.4,259.43
2021-05-17,4 wk ahead inc death,2021-06-12,06,quantile,0.4,214.159
2021-05-17,1 wk ahead inc death,2021-05-22,06,quantile,0.45,364.58
2021-05-17,2 wk ahead inc death,2021-05-29,06,quantile,0.45,324.998
2021-05-17,3 wk ahead inc death,2021-06-05,06,quantile,0.45,281.615
2021-05-17,4 wk ahead inc death,2021-06-12,06,quantile,0.45,236.326
2021-05-17,1 wk ahead inc death,2021-05-22,06,quantile,0.5,384.845
2021-05-17,2 wk ahead inc death,2021-05-29,06,quantile,0.5,346.849
2021-05-17,3 wk ahead inc death,2021-06-05,06,quantile,0.5,303.449
2021-05-17,4 wk ahead inc death,2021-06-12,06,quantile,0.5,258.142
2021-05-17,1 wk ahead inc death,2021-05-22,06,quantile,0.55,405.11
2021-05-17,2 wk ahead inc death,2021-05-29,06,quantile,0.55,368.699
2021-05-17,3 wk ahead inc death,2021-06-05,06,quantile,0.55,325.282
2021-05-17,4 wk ahead inc death,2021-06-12,06,quantile,0.55,279.958
2021-05-17,1 wk ahead inc death,2021-05-22,06,quantile,0.6,425.702
2021-05-17,2 wk ahead inc death,2021-05-29,06,quantile,0.6,390.901
2021-05-17,3 wk ahead inc death,2021-06-05,06,quantile,0.6,347.468
2021-05-17,4 wk ahead inc death,2021-06-12,06,quantile,0.6,302.125
2021-05-17,1 wk ahead inc death,2021-05-22,06,quantile,0.65,446.985
2021-05-17,2 wk ahead inc death,2021-05-29,06,quantile,0.65,413.849
2021-05-17,3 wk ahead inc death,2021-06-05,06,quantile,0.65,370.398
2021-05-17,4 wk ahead inc death,2021-06-12,06,quantile,0.65,325.036
2021-05-17,1 wk ahead inc death,2021-05-22,06,quantile,0.7,469.414
2021-05-17,2 wk ahead inc death,2021-05-29,06,quantile,0.7,438.032
2021-05-17,3 wk ahead inc death,2021-06-05,06,quantile,0.7,394.563
2021-05-17,4 wk ahead inc death,2021-06-12,06,quantile,0.7,349.181
2021-05-17,1 wk ahead inc death,2021-05-22,06,quantile,0.75,493.619
2021-05-17,2 wk ahead inc death,2021-05-29,06,quantile,0.75,464.13
2021-05-17,3 wk ahead inc death,2021-06-05,06,quantile,0.75,420.641
2021-05-17,4 wk ahead inc death,2021-06-12,06,quantile,0.75,375.238
2021-05-17,1 wk ahead inc death,2021-05-22,06,quantile,0.8,520.572
2021-05-17,2 wk ahead inc death,2021-05-29,06,quantile,0.8,493.191
2021-05-17,3 wk ahead inc death,2021-06-05,06,quantile,0.8,449.68
2021-05-17,4 wk ahead inc death,2021-06-12,06,quantile,0.8,404.253
2021-05-17,1 wk ahead inc death,2021-05-22,06,quantile,0.85,551.989
2021-05-17,2 wk ahead inc death,2021-05-29,06,quantile,0.85,527.066
2021-05-17,3 wk ahead inc death,2021-06-05,06,quantile,0.85,483.529
2021-05-17,4 wk ahead inc death,2021-06-12,06,quantile,0.85,438.074
2021-05-17,1 wk ahead inc death,2021-05-22,06,quantile,0.9,591.519
2021-05-17,2 wk ahead inc death,2021-05-29,06,quantile,0.9,569.687
2021-05-17,3 wk ahead inc death,2021-06-05,06,quantile,0.9,526.118
2021-05-17,4 wk ahead inc death,2021-06-12,06,quantile,0.9,480.628
2021-05-17,1 wk ahead inc death,2021-05-22,06,quantile,0.95,650.108
2021-05-17,2 wk ahead inc death,2021-05-29,06,quantile,0.95,632.859
2021-05-17,3 wk ahead inc death,2021-06-05,06,quantile,0.95,589.242
2021-05-17,4 wk ahead inc death,2021-06-12,06,quantile,0.95,543.7
2021-05-17,1 wk ahead inc death,2021-05-22,06,quantile,0.975,700.926
2021-05-17,2 wk ahead inc death,2021-05-29,06,quantile,0.975,687.651
2021-05-17,3 wk ahead inc death,2021-06-05,06,quantile,0.975,643.992
2021-05-17,4 wk ahead inc death,2021-06-12,06,quantile,0.975,598.405
2021-05-17,1 wk ahead inc death,2021-05-22,06,quantile,0.99,760.012
2021-05-17,2 wk ahead inc death,2021-05-29,06,quantile,0.99,751.358
2021-05-17,3 wk ahead inc death,2021-06-05,06,quantile,0.99,707.651
2021-05-17,4 wk ahead inc death,2021-06-12,06,quantile,0.99,662.012
2021-05-17,1 wk ahead inc death,2021-05-22,06,point,NA,384.845
2021-05-17,2 wk ahead inc death,2021-05-29,06,point,NA,346.849
2021-05-17,3 wk ahead inc death,2021-06-05,06,point,NA,303.449
2021-05-17,4 wk ahead inc death,2021-06-12,06,point,NA,258.142
