forecast_date,target,target_end_date,location,type,quantile,value
2021-05-10,1 wk ahead inc case,2021-05-15,06,quantile,0.025,6441
2021-05-10,2 wk ahead inc case,2021-05-22,06,quantile,0.025,4556
2021-05-10,3 wk ahead inc case,2021-05-29,06,quantile,0.025,3277
2021-05-10,4 wk ahead inc case,2021-06-05,06,quantile,0.025,2246
2021-05-10,1 wk ahead inc case,2021-05-15,06,quantile,0.1,7895
2021-05-10,2 wk ahead inc case,2021-05-22,06,quantile,0.1,5981
2021-05-10,3 wk ahead inc case,2021-05-29,06,quantile,0.1,4553
2021-05-10,4 wk ahead inc case,2021-06-05,06,quantile,0.1,3382
2021-05-10,1 wk ahead inc case,2021-05-15,06,quantile,0.25,9197
2021-05-10,2 wk ahead inc case,2021-05-22,06,quantile,0.25,7256
2021-05-10,3 wk ahead inc case,2021-05-29,06,quantile,0.25,5694
2021-05-10,4 wk ahead inc case,2021-06-05,06,quantile,0.25,4399
2021-05-10,1 wk ahead inc case,2021-05-15,06,quantile,0.5,10643
2021-05-10,2 wk ahead inc case,2021-05-22,06,quantile,0.5,8672
2021-05-10,3 wk ahead inc case,2021-05-29,06,quantile,0.5,6963
2021-05-10,4 wk ahead inc case,2021-06-05,06,quantile,0.5,5528
2021-05-10,1 wk ahead inc case,2021-05-15,06,quantile,0.75,12089
2021-05-10,2 wk ahead inc case,2021-05-22,06,quantile,0.75,10089
2021-05-10,3 wk ahead inc case,2021-05-29,06,quantile,0.75,8231
2021-05-10,4 wk ahead inc case,2021-06-05,06,quantile,0.75,6657
2021-05-10,1 wk ahead inc case,2021-05-15,06,quantile,0.9,13390
2021-05-10,2 wk ahead inc case,2021-05-22,06,quantile,0.9,11364
2021-05-10,3 wk ahead inc case,2021-05-29,06,quantile,0.9,9372
2021-05-10,4 wk ahead inc case,2021-06-05,06,quantile,0.9,7674
2021-05-10,1 wk ahead inc case,2021-05-15,06,quantile,0.975,14845
2021-05-10,2 wk ahead inc case,2021-05-22,06,quantile,0.975,12788
2021-05-10,3 wk ahead inc case,2021-05-29,06,quantile,0.975,10648
2021-05-10,4 wk ahead inc case,2021-06-05,06,quantile,0.975,8810
2021-05-10,1 wk ahead inc case,2021-05-15,06,point,NA,10643
2021-05-10,2 wk ahead inc case,2021-05-22,06,point,NA,8672
2021-05-10,3 wk ahead inc case,2021-05-29,06,point,NA,6963
2021-05-10,4 wk ahead inc case,2021-06-05,06,point,NA,5528
2021-05-10,1 day ahead inc hosp,2021-05-11,06,quantile,0.01,62.114
2021-05-10,2 day ahead inc hosp,2021-05-12,06,quantile,0.01,56.883
2021-05-10,3 day ahead inc hosp,2021-05-13,06,quantile,0.01,51.71
2021-05-10,4 day ahead inc hosp,2021-05-14,06,quantile,0.01,46.613
2021-05-10,5 day ahead inc hosp,2021-05-15,06,quantile,0.01,41.607
2021-05-10,6 day ahead inc hosp,2021-05-16,06,quantile,0.01,36.698
2021-05-10,7 day ahead inc hosp,2021-05-17,06,quantile,0.01,31.89
2021-05-10,8 day ahead inc hosp,2021-05-18,06,quantile,0.01,27.186
2021-05-10,9 day ahead inc hosp,2021-05-19,06,quantile,0.01,22.588
2021-05-10,10 day ahead inc hosp,2021-05-20,06,quantile,0.01,18.094
2021-05-10,11 day ahead inc hosp,2021-05-21,06,quantile,0.01,13.704
2021-05-10,12 day ahead inc hosp,2021-05-22,06,quantile,0.01,9.419
2021-05-10,13 day ahead inc hosp,2021-05-23,06,quantile,0.01,5.236
2021-05-10,14 day ahead inc hosp,2021-05-24,06,quantile,0.01,1.155
2021-05-10,15 day ahead inc hosp,2021-05-25,06,quantile,0.01,0
2021-05-10,16 day ahead inc hosp,2021-05-26,06,quantile,0.01,0
2021-05-10,17 day ahead inc hosp,2021-05-27,06,quantile,0.01,0
2021-05-10,18 day ahead inc hosp,2021-05-28,06,quantile,0.01,0
2021-05-10,19 day ahead inc hosp,2021-05-29,06,quantile,0.01,0
2021-05-10,20 day ahead inc hosp,2021-05-30,06,quantile,0.01,0
2021-05-10,21 day ahead inc hosp,2021-05-31,06,quantile,0.01,0
2021-05-10,22 day ahead inc hosp,2021-06-01,06,quantile,0.01,0
2021-05-10,23 day ahead inc hosp,2021-06-02,06,quantile,0.01,0
2021-05-10,24 day ahead inc hosp,2021-06-03,06,quantile,0.01,0
2021-05-10,25 day ahead inc hosp,2021-06-04,06,quantile,0.01,0
2021-05-10,26 day ahead inc hosp,2021-06-05,06,quantile,0.01,0
2021-05-10,27 day ahead inc hosp,2021-06-06,06,quantile,0.01,0
2021-05-10,28 day ahead inc hosp,2021-06-07,06,quantile,0.01,0
2021-05-10,1 day ahead inc hosp,2021-05-11,06,quantile,0.025,82.467
2021-05-10,2 day ahead inc hosp,2021-05-12,06,quantile,0.025,77.217
2021-05-10,3 day ahead inc hosp,2021-05-13,06,quantile,0.025,72.024
2021-05-10,4 day ahead inc hosp,2021-05-14,06,quantile,0.025,66.908
2021-05-10,5 day ahead inc hosp,2021-05-15,06,quantile,0.025,61.883
2021-05-10,6 day ahead inc hosp,2021-05-16,06,quantile,0.025,56.956
2021-05-10,7 day ahead inc hosp,2021-05-17,06,quantile,0.025,52.13
2021-05-10,8 day ahead inc hosp,2021-05-18,06,quantile,0.025,47.409
2021-05-10,9 day ahead inc hosp,2021-05-19,06,quantile,0.025,42.793
2021-05-10,10 day ahead inc hosp,2021-05-20,06,quantile,0.025,38.282
2021-05-10,11 day ahead inc hosp,2021-05-21,06,quantile,0.025,33.876
2021-05-10,12 day ahead inc hosp,2021-05-22,06,quantile,0.025,29.574
2021-05-10,13 day ahead inc hosp,2021-05-23,06,quantile,0.025,25.376
2021-05-10,14 day ahead inc hosp,2021-05-24,06,quantile,0.025,21.28
2021-05-10,15 day ahead inc hosp,2021-05-25,06,quantile,0.025,17.284
2021-05-10,16 day ahead inc hosp,2021-05-26,06,quantile,0.025,13.388
2021-05-10,17 day ahead inc hosp,2021-05-27,06,quantile,0.025,9.591
2021-05-10,18 day ahead inc hosp,2021-05-28,06,quantile,0.025,5.89
2021-05-10,19 day ahead inc hosp,2021-05-29,06,quantile,0.025,2.284
2021-05-10,20 day ahead inc hosp,2021-05-30,06,quantile,0.025,0
2021-05-10,21 day ahead inc hosp,2021-05-31,06,quantile,0.025,0
2021-05-10,22 day ahead inc hosp,2021-06-01,06,quantile,0.025,0
2021-05-10,23 day ahead inc hosp,2021-06-02,06,quantile,0.025,0
2021-05-10,24 day ahead inc hosp,2021-06-03,06,quantile,0.025,0
2021-05-10,25 day ahead inc hosp,2021-06-04,06,quantile,0.025,0
2021-05-10,26 day ahead inc hosp,2021-06-05,06,quantile,0.025,0
2021-05-10,27 day ahead inc hosp,2021-06-06,06,quantile,0.025,0
2021-05-10,28 day ahead inc hosp,2021-06-07,06,quantile,0.025,0
2021-05-10,1 day ahead inc hosp,2021-05-11,06,quantile,0.05,99.972
2021-05-10,2 day ahead inc hosp,2021-05-12,06,quantile,0.05,94.705
2021-05-10,3 day ahead inc hosp,2021-05-13,06,quantile,0.05,89.495
2021-05-10,4 day ahead inc hosp,2021-05-14,06,quantile,0.05,84.363
2021-05-10,5 day ahead inc hosp,2021-05-15,06,quantile,0.05,79.322
2021-05-10,6 day ahead inc hosp,2021-05-16,06,quantile,0.05,74.379
2021-05-10,7 day ahead inc hosp,2021-05-17,06,quantile,0.05,69.538
2021-05-10,8 day ahead inc hosp,2021-05-18,06,quantile,0.05,64.801
2021-05-10,9 day ahead inc hosp,2021-05-19,06,quantile,0.05,60.17
2021-05-10,10 day ahead inc hosp,2021-05-20,06,quantile,0.05,55.645
2021-05-10,11 day ahead inc hosp,2021-05-21,06,quantile,0.05,51.225
2021-05-10,12 day ahead inc hosp,2021-05-22,06,quantile,0.05,46.909
2021-05-10,13 day ahead inc hosp,2021-05-23,06,quantile,0.05,42.697
2021-05-10,14 day ahead inc hosp,2021-05-24,06,quantile,0.05,38.588
2021-05-10,15 day ahead inc hosp,2021-05-25,06,quantile,0.05,34.58
2021-05-10,16 day ahead inc hosp,2021-05-26,06,quantile,0.05,30.671
2021-05-10,17 day ahead inc hosp,2021-05-27,06,quantile,0.05,26.861
2021-05-10,18 day ahead inc hosp,2021-05-28,06,quantile,0.05,23.148
2021-05-10,19 day ahead inc hosp,2021-05-29,06,quantile,0.05,19.531
2021-05-10,20 day ahead inc hosp,2021-05-30,06,quantile,0.05,16.008
2021-05-10,21 day ahead inc hosp,2021-05-31,06,quantile,0.05,12.578
2021-05-10,22 day ahead inc hosp,2021-06-01,06,quantile,0.05,9.239
2021-05-10,23 day ahead inc hosp,2021-06-02,06,quantile,0.05,5.99
2021-05-10,24 day ahead inc hosp,2021-06-03,06,quantile,0.05,2.829
2021-05-10,25 day ahead inc hosp,2021-06-04,06,quantile,0.05,0
2021-05-10,26 day ahead inc hosp,2021-06-05,06,quantile,0.05,0
2021-05-10,27 day ahead inc hosp,2021-06-06,06,quantile,0.05,0
2021-05-10,28 day ahead inc hosp,2021-06-07,06,quantile,0.05,0
2021-05-10,1 day ahead inc hosp,2021-05-11,06,quantile,0.1,120.153
2021-05-10,2 day ahead inc hosp,2021-05-12,06,quantile,0.1,114.867
2021-05-10,3 day ahead inc hosp,2021-05-13,06,quantile,0.1,109.639
2021-05-10,4 day ahead inc hosp,2021-05-14,06,quantile,0.1,104.488
2021-05-10,5 day ahead inc hosp,2021-05-15,06,quantile,0.1,99.428
2021-05-10,6 day ahead inc hosp,2021-05-16,06,quantile,0.1,94.466
2021-05-10,7 day ahead inc hosp,2021-05-17,06,quantile,0.1,89.607
2021-05-10,8 day ahead inc hosp,2021-05-18,06,quantile,0.1,84.853
2021-05-10,9 day ahead inc hosp,2021-05-19,06,quantile,0.1,80.205
2021-05-10,10 day ahead inc hosp,2021-05-20,06,quantile,0.1,75.663
2021-05-10,11 day ahead inc hosp,2021-05-21,06,quantile,0.1,71.227
2021-05-10,12 day ahead inc hosp,2021-05-22,06,quantile,0.1,66.896
2021-05-10,13 day ahead inc hosp,2021-05-23,06,quantile,0.1,62.668
2021-05-10,14 day ahead inc hosp,2021-05-24,06,quantile,0.1,58.543
2021-05-10,15 day ahead inc hosp,2021-05-25,06,quantile,0.1,54.52
2021-05-10,16 day ahead inc hosp,2021-05-26,06,quantile,0.1,50.597
2021-05-10,17 day ahead inc hosp,2021-05-27,06,quantile,0.1,46.773
2021-05-10,18 day ahead inc hosp,2021-05-28,06,quantile,0.1,43.047
2021-05-10,19 day ahead inc hosp,2021-05-29,06,quantile,0.1,39.416
2021-05-10,20 day ahead inc hosp,2021-05-30,06,quantile,0.1,35.88
2021-05-10,21 day ahead inc hosp,2021-05-31,06,quantile,0.1,32.437
2021-05-10,22 day ahead inc hosp,2021-06-01,06,quantile,0.1,29.086
2021-05-10,23 day ahead inc hosp,2021-06-02,06,quantile,0.1,25.825
2021-05-10,24 day ahead inc hosp,2021-06-03,06,quantile,0.1,22.652
2021-05-10,25 day ahead inc hosp,2021-06-04,06,quantile,0.1,19.566
2021-05-10,26 day ahead inc hosp,2021-06-05,06,quantile,0.1,16.565
2021-05-10,27 day ahead inc hosp,2021-06-06,06,quantile,0.1,13.649
2021-05-10,28 day ahead inc hosp,2021-06-07,06,quantile,0.1,10.814
2021-05-10,1 day ahead inc hosp,2021-05-11,06,quantile,0.15,133.77
2021-05-10,2 day ahead inc hosp,2021-05-12,06,quantile,0.15,128.471
2021-05-10,3 day ahead inc hosp,2021-05-13,06,quantile,0.15,123.229
2021-05-10,4 day ahead inc hosp,2021-05-14,06,quantile,0.15,118.066
2021-05-10,5 day ahead inc hosp,2021-05-15,06,quantile,0.15,112.993
2021-05-10,6 day ahead inc hosp,2021-05-16,06,quantile,0.15,108.019
2021-05-10,7 day ahead inc hosp,2021-05-17,06,quantile,0.15,103.148
2021-05-10,8 day ahead inc hosp,2021-05-18,06,quantile,0.15,98.383
2021-05-10,9 day ahead inc hosp,2021-05-19,06,quantile,0.15,93.723
2021-05-10,10 day ahead inc hosp,2021-05-20,06,quantile,0.15,89.17
2021-05-10,11 day ahead inc hosp,2021-05-21,06,quantile,0.15,84.722
2021-05-10,12 day ahead inc hosp,2021-05-22,06,quantile,0.15,80.38
2021-05-10,13 day ahead inc hosp,2021-05-23,06,quantile,0.15,76.142
2021-05-10,14 day ahead inc hosp,2021-05-24,06,quantile,0.15,72.007
2021-05-10,15 day ahead inc hosp,2021-05-25,06,quantile,0.15,67.974
2021-05-10,16 day ahead inc hosp,2021-05-26,06,quantile,0.15,64.041
2021-05-10,17 day ahead inc hosp,2021-05-27,06,quantile,0.15,60.208
2021-05-10,18 day ahead inc hosp,2021-05-28,06,quantile,0.15,56.472
2021-05-10,19 day ahead inc hosp,2021-05-29,06,quantile,0.15,52.832
2021-05-10,20 day ahead inc hosp,2021-05-30,06,quantile,0.15,49.288
2021-05-10,21 day ahead inc hosp,2021-05-31,06,quantile,0.15,45.836
2021-05-10,22 day ahead inc hosp,2021-06-01,06,quantile,0.15,42.477
2021-05-10,23 day ahead inc hosp,2021-06-02,06,quantile,0.15,39.207
2021-05-10,24 day ahead inc hosp,2021-06-03,06,quantile,0.15,36.026
2021-05-10,25 day ahead inc hosp,2021-06-04,06,quantile,0.15,32.933
2021-05-10,26 day ahead inc hosp,2021-06-05,06,quantile,0.15,29.925
2021-05-10,27 day ahead inc hosp,2021-06-06,06,quantile,0.15,27.001
2021-05-10,28 day ahead inc hosp,2021-06-07,06,quantile,0.15,24.159
2021-05-10,1 day ahead inc hosp,2021-05-11,06,quantile,0.2,144.592
2021-05-10,2 day ahead inc hosp,2021-05-12,06,quantile,0.2,139.283
2021-05-10,3 day ahead inc hosp,2021-05-13,06,quantile,0.2,134.031
2021-05-10,4 day ahead inc hosp,2021-05-14,06,quantile,0.2,128.857
2021-05-10,5 day ahead inc hosp,2021-05-15,06,quantile,0.2,123.774
2021-05-10,6 day ahead inc hosp,2021-05-16,06,quantile,0.2,118.791
2021-05-10,7 day ahead inc hosp,2021-05-17,06,quantile,0.2,113.91
2021-05-10,8 day ahead inc hosp,2021-05-18,06,quantile,0.2,109.135
2021-05-10,9 day ahead inc hosp,2021-05-19,06,quantile,0.2,104.466
2021-05-10,10 day ahead inc hosp,2021-05-20,06,quantile,0.2,99.904
2021-05-10,11 day ahead inc hosp,2021-05-21,06,quantile,0.2,95.448
2021-05-10,12 day ahead inc hosp,2021-05-22,06,quantile,0.2,91.097
2021-05-10,13 day ahead inc hosp,2021-05-23,06,quantile,0.2,86.851
2021-05-10,14 day ahead inc hosp,2021-05-24,06,quantile,0.2,82.708
2021-05-10,15 day ahead inc hosp,2021-05-25,06,quantile,0.2,78.667
2021-05-10,16 day ahead inc hosp,2021-05-26,06,quantile,0.2,74.726
2021-05-10,17 day ahead inc hosp,2021-05-27,06,quantile,0.2,70.885
2021-05-10,18 day ahead inc hosp,2021-05-28,06,quantile,0.2,67.142
2021-05-10,19 day ahead inc hosp,2021-05-29,06,quantile,0.2,63.495
2021-05-10,20 day ahead inc hosp,2021-05-30,06,quantile,0.2,59.944
2021-05-10,21 day ahead inc hosp,2021-05-31,06,quantile,0.2,56.485
2021-05-10,22 day ahead inc hosp,2021-06-01,06,quantile,0.2,53.119
2021-05-10,23 day ahead inc hosp,2021-06-02,06,quantile,0.2,49.843
2021-05-10,24 day ahead inc hosp,2021-06-03,06,quantile,0.2,46.656
2021-05-10,25 day ahead inc hosp,2021-06-04,06,quantile,0.2,43.556
2021-05-10,26 day ahead inc hosp,2021-06-05,06,quantile,0.2,40.542
2021-05-10,27 day ahead inc hosp,2021-06-06,06,quantile,0.2,37.613
2021-05-10,28 day ahead inc hosp,2021-06-07,06,quantile,0.2,34.765
2021-05-10,1 day ahead inc hosp,2021-05-11,06,quantile,0.25,153.876
2021-05-10,2 day ahead inc hosp,2021-05-12,06,quantile,0.25,148.558
2021-05-10,3 day ahead inc hosp,2021-05-13,06,quantile,0.25,143.297
2021-05-10,4 day ahead inc hosp,2021-05-14,06,quantile,0.25,138.115
2021-05-10,5 day ahead inc hosp,2021-05-15,06,quantile,0.25,133.024
2021-05-10,6 day ahead inc hosp,2021-05-16,06,quantile,0.25,128.032
2021-05-10,7 day ahead inc hosp,2021-05-17,06,quantile,0.25,123.143
2021-05-10,8 day ahead inc hosp,2021-05-18,06,quantile,0.25,118.36
2021-05-10,9 day ahead inc hosp,2021-05-19,06,quantile,0.25,113.683
2021-05-10,10 day ahead inc hosp,2021-05-20,06,quantile,0.25,109.113
2021-05-10,11 day ahead inc hosp,2021-05-21,06,quantile,0.25,104.65
2021-05-10,12 day ahead inc hosp,2021-05-22,06,quantile,0.25,100.292
2021-05-10,13 day ahead inc hosp,2021-05-23,06,quantile,0.25,96.038
2021-05-10,14 day ahead inc hosp,2021-05-24,06,quantile,0.25,91.888
2021-05-10,15 day ahead inc hosp,2021-05-25,06,quantile,0.25,87.84
2021-05-10,16 day ahead inc hosp,2021-05-26,06,quantile,0.25,83.893
2021-05-10,17 day ahead inc hosp,2021-05-27,06,quantile,0.25,80.045
2021-05-10,18 day ahead inc hosp,2021-05-28,06,quantile,0.25,76.296
2021-05-10,19 day ahead inc hosp,2021-05-29,06,quantile,0.25,72.643
2021-05-10,20 day ahead inc hosp,2021-05-30,06,quantile,0.25,69.085
2021-05-10,21 day ahead inc hosp,2021-05-31,06,quantile,0.25,65.621
2021-05-10,22 day ahead inc hosp,2021-06-01,06,quantile,0.25,62.249
2021-05-10,23 day ahead inc hosp,2021-06-02,06,quantile,0.25,58.968
2021-05-10,24 day ahead inc hosp,2021-06-03,06,quantile,0.25,55.775
2021-05-10,25 day ahead inc hosp,2021-06-04,06,quantile,0.25,52.67
2021-05-10,26 day ahead inc hosp,2021-06-05,06,quantile,0.25,49.651
2021-05-10,27 day ahead inc hosp,2021-06-06,06,quantile,0.25,46.717
2021-05-10,28 day ahead inc hosp,2021-06-07,06,quantile,0.25,43.865
2021-05-10,1 day ahead inc hosp,2021-05-11,06,quantile,0.3,162.214
2021-05-10,2 day ahead inc hosp,2021-05-12,06,quantile,0.3,156.888
2021-05-10,3 day ahead inc hosp,2021-05-13,06,quantile,0.3,151.619
2021-05-10,4 day ahead inc hosp,2021-05-14,06,quantile,0.3,146.429
2021-05-10,5 day ahead inc hosp,2021-05-15,06,quantile,0.3,141.33
2021-05-10,6 day ahead inc hosp,2021-05-16,06,quantile,0.3,136.33
2021-05-10,7 day ahead inc hosp,2021-05-17,06,quantile,0.3,131.434
2021-05-10,8 day ahead inc hosp,2021-05-18,06,quantile,0.3,126.644
2021-05-10,9 day ahead inc hosp,2021-05-19,06,quantile,0.3,121.96
2021-05-10,10 day ahead inc hosp,2021-05-20,06,quantile,0.3,117.383
2021-05-10,11 day ahead inc hosp,2021-05-21,06,quantile,0.3,112.913
2021-05-10,12 day ahead inc hosp,2021-05-22,06,quantile,0.3,108.548
2021-05-10,13 day ahead inc hosp,2021-05-23,06,quantile,0.3,104.288
2021-05-10,14 day ahead inc hosp,2021-05-24,06,quantile,0.3,100.132
2021-05-10,15 day ahead inc hosp,2021-05-25,06,quantile,0.3,96.078
2021-05-10,16 day ahead inc hosp,2021-05-26,06,quantile,0.3,92.125
2021-05-10,17 day ahead inc hosp,2021-05-27,06,quantile,0.3,88.271
2021-05-10,18 day ahead inc hosp,2021-05-28,06,quantile,0.3,84.516
2021-05-10,19 day ahead inc hosp,2021-05-29,06,quantile,0.3,80.858
2021-05-10,20 day ahead inc hosp,2021-05-30,06,quantile,0.3,77.295
2021-05-10,21 day ahead inc hosp,2021-05-31,06,quantile,0.3,73.825
2021-05-10,22 day ahead inc hosp,2021-06-01,06,quantile,0.3,70.448
2021-05-10,23 day ahead inc hosp,2021-06-02,06,quantile,0.3,67.162
2021-05-10,24 day ahead inc hosp,2021-06-03,06,quantile,0.3,63.965
2021-05-10,25 day ahead inc hosp,2021-06-04,06,quantile,0.3,60.855
2021-05-10,26 day ahead inc hosp,2021-06-05,06,quantile,0.3,57.832
2021-05-10,27 day ahead inc hosp,2021-06-06,06,quantile,0.3,54.892
2021-05-10,28 day ahead inc hosp,2021-06-07,06,quantile,0.3,52.036
2021-05-10,1 day ahead inc hosp,2021-05-11,06,quantile,0.35,169.94
2021-05-10,2 day ahead inc hosp,2021-05-12,06,quantile,0.35,164.606
2021-05-10,3 day ahead inc hosp,2021-05-13,06,quantile,0.35,159.33
2021-05-10,4 day ahead inc hosp,2021-05-14,06,quantile,0.35,154.133
2021-05-10,5 day ahead inc hosp,2021-05-15,06,quantile,0.35,149.027
2021-05-10,6 day ahead inc hosp,2021-05-16,06,quantile,0.35,144.02
2021-05-10,7 day ahead inc hosp,2021-05-17,06,quantile,0.35,139.117
2021-05-10,8 day ahead inc hosp,2021-05-18,06,quantile,0.35,134.32
2021-05-10,9 day ahead inc hosp,2021-05-19,06,quantile,0.35,129.63
2021-05-10,10 day ahead inc hosp,2021-05-20,06,quantile,0.35,125.047
2021-05-10,11 day ahead inc hosp,2021-05-21,06,quantile,0.35,120.57
2021-05-10,12 day ahead inc hosp,2021-05-22,06,quantile,0.35,116.199
2021-05-10,13 day ahead inc hosp,2021-05-23,06,quantile,0.35,111.933
2021-05-10,14 day ahead inc hosp,2021-05-24,06,quantile,0.35,107.771
2021-05-10,15 day ahead inc hosp,2021-05-25,06,quantile,0.35,103.712
2021-05-10,16 day ahead inc hosp,2021-05-26,06,quantile,0.35,99.753
2021-05-10,17 day ahead inc hosp,2021-05-27,06,quantile,0.35,95.894
2021-05-10,18 day ahead inc hosp,2021-05-28,06,quantile,0.35,92.134
2021-05-10,19 day ahead inc hosp,2021-05-29,06,quantile,0.35,88.47
2021-05-10,20 day ahead inc hosp,2021-05-30,06,quantile,0.35,84.902
2021-05-10,21 day ahead inc hosp,2021-05-31,06,quantile,0.35,81.428
2021-05-10,22 day ahead inc hosp,2021-06-01,06,quantile,0.35,78.046
2021-05-10,23 day ahead inc hosp,2021-06-02,06,quantile,0.35,74.755
2021-05-10,24 day ahead inc hosp,2021-06-03,06,quantile,0.35,71.554
2021-05-10,25 day ahead inc hosp,2021-06-04,06,quantile,0.35,68.44
2021-05-10,26 day ahead inc hosp,2021-06-05,06,quantile,0.35,65.412
2021-05-10,27 day ahead inc hosp,2021-06-06,06,quantile,0.35,62.468
2021-05-10,28 day ahead inc hosp,2021-06-07,06,quantile,0.35,59.608
2021-05-10,1 day ahead inc hosp,2021-05-11,06,quantile,0.4,177.271
2021-05-10,2 day ahead inc hosp,2021-05-12,06,quantile,0.4,171.931
2021-05-10,3 day ahead inc hosp,2021-05-13,06,quantile,0.4,166.647
2021-05-10,4 day ahead inc hosp,2021-05-14,06,quantile,0.4,161.443
2021-05-10,5 day ahead inc hosp,2021-05-15,06,quantile,0.4,156.331
2021-05-10,6 day ahead inc hosp,2021-05-16,06,quantile,0.4,151.317
2021-05-10,7 day ahead inc hosp,2021-05-17,06,quantile,0.4,146.408
2021-05-10,8 day ahead inc hosp,2021-05-18,06,quantile,0.4,141.605
2021-05-10,9 day ahead inc hosp,2021-05-19,06,quantile,0.4,136.908
2021-05-10,10 day ahead inc hosp,2021-05-20,06,quantile,0.4,132.319
2021-05-10,11 day ahead inc hosp,2021-05-21,06,quantile,0.4,127.836
2021-05-10,12 day ahead inc hosp,2021-05-22,06,quantile,0.4,123.46
2021-05-10,13 day ahead inc hosp,2021-05-23,06,quantile,0.4,119.188
2021-05-10,14 day ahead inc hosp,2021-05-24,06,quantile,0.4,115.02
2021-05-10,15 day ahead inc hosp,2021-05-25,06,quantile,0.4,110.955
2021-05-10,16 day ahead inc hosp,2021-05-26,06,quantile,0.4,106.991
2021-05-10,17 day ahead inc hosp,2021-05-27,06,quantile,0.4,103.127
2021-05-10,18 day ahead inc hosp,2021-05-28,06,quantile,0.4,99.362
2021-05-10,19 day ahead inc hosp,2021-05-29,06,quantile,0.4,95.694
2021-05-10,20 day ahead inc hosp,2021-05-30,06,quantile,0.4,92.121
2021-05-10,21 day ahead inc hosp,2021-05-31,06,quantile,0.4,88.642
2021-05-10,22 day ahead inc hosp,2021-06-01,06,quantile,0.4,85.256
2021-05-10,23 day ahead inc hosp,2021-06-02,06,quantile,0.4,81.96
2021-05-10,24 day ahead inc hosp,2021-06-03,06,quantile,0.4,78.755
2021-05-10,25 day ahead inc hosp,2021-06-04,06,quantile,0.4,75.636
2021-05-10,26 day ahead inc hosp,2021-06-05,06,quantile,0.4,72.605
2021-05-10,27 day ahead inc hosp,2021-06-06,06,quantile,0.4,69.657
2021-05-10,28 day ahead inc hosp,2021-06-07,06,quantile,0.4,66.793
2021-05-10,1 day ahead inc hosp,2021-05-11,06,quantile,0.45,184.364
2021-05-10,2 day ahead inc hosp,2021-05-12,06,quantile,0.45,179.017
2021-05-10,3 day ahead inc hosp,2021-05-13,06,quantile,0.45,173.727
2021-05-10,4 day ahead inc hosp,2021-05-14,06,quantile,0.45,168.516
2021-05-10,5 day ahead inc hosp,2021-05-15,06,quantile,0.45,163.397
2021-05-10,6 day ahead inc hosp,2021-05-16,06,quantile,0.45,158.377
2021-05-10,7 day ahead inc hosp,2021-05-17,06,quantile,0.45,153.462
2021-05-10,8 day ahead inc hosp,2021-05-18,06,quantile,0.45,148.652
2021-05-10,9 day ahead inc hosp,2021-05-19,06,quantile,0.45,143.95
2021-05-10,10 day ahead inc hosp,2021-05-20,06,quantile,0.45,139.354
2021-05-10,11 day ahead inc hosp,2021-05-21,06,quantile,0.45,134.866
2021-05-10,12 day ahead inc hosp,2021-05-22,06,quantile,0.45,130.484
2021-05-10,13 day ahead inc hosp,2021-05-23,06,quantile,0.45,126.207
2021-05-10,14 day ahead inc hosp,2021-05-24,06,quantile,0.45,122.034
2021-05-10,15 day ahead inc hosp,2021-05-25,06,quantile,0.45,117.963
2021-05-10,16 day ahead inc hosp,2021-05-26,06,quantile,0.45,113.995
2021-05-10,17 day ahead inc hosp,2021-05-27,06,quantile,0.45,110.126
2021-05-10,18 day ahead inc hosp,2021-05-28,06,quantile,0.45,106.355
2021-05-10,19 day ahead inc hosp,2021-05-29,06,quantile,0.45,102.682
2021-05-10,20 day ahead inc hosp,2021-05-30,06,quantile,0.45,99.105
2021-05-10,21 day ahead inc hosp,2021-05-31,06,quantile,0.45,95.622
2021-05-10,22 day ahead inc hosp,2021-06-01,06,quantile,0.45,92.231
2021-05-10,23 day ahead inc hosp,2021-06-02,06,quantile,0.45,88.932
2021-05-10,24 day ahead inc hosp,2021-06-03,06,quantile,0.45,85.722
2021-05-10,25 day ahead inc hosp,2021-06-04,06,quantile,0.45,82.599
2021-05-10,26 day ahead inc hosp,2021-06-05,06,quantile,0.45,79.564
2021-05-10,27 day ahead inc hosp,2021-06-06,06,quantile,0.45,76.613
2021-05-10,28 day ahead inc hosp,2021-06-07,06,quantile,0.45,73.745
2021-05-10,1 day ahead inc hosp,2021-05-11,06,quantile,0.5,191.345
2021-05-10,2 day ahead inc hosp,2021-05-12,06,quantile,0.5,185.991
2021-05-10,3 day ahead inc hosp,2021-05-13,06,quantile,0.5,180.694
2021-05-10,4 day ahead inc hosp,2021-05-14,06,quantile,0.5,175.477
2021-05-10,5 day ahead inc hosp,2021-05-15,06,quantile,0.5,170.351
2021-05-10,6 day ahead inc hosp,2021-05-16,06,quantile,0.5,165.325
2021-05-10,7 day ahead inc hosp,2021-05-17,06,quantile,0.5,160.404
2021-05-10,8 day ahead inc hosp,2021-05-18,06,quantile,0.5,155.588
2021-05-10,9 day ahead inc hosp,2021-05-19,06,quantile,0.5,150.88
2021-05-10,10 day ahead inc hosp,2021-05-20,06,quantile,0.5,146.279
2021-05-10,11 day ahead inc hosp,2021-05-21,06,quantile,0.5,141.785
2021-05-10,12 day ahead inc hosp,2021-05-22,06,quantile,0.5,137.397
2021-05-10,13 day ahead inc hosp,2021-05-23,06,quantile,0.5,133.114
2021-05-10,14 day ahead inc hosp,2021-05-24,06,quantile,0.5,128.936
2021-05-10,15 day ahead inc hosp,2021-05-25,06,quantile,0.5,124.861
2021-05-10,16 day ahead inc hosp,2021-05-26,06,quantile,0.5,120.887
2021-05-10,17 day ahead inc hosp,2021-05-27,06,quantile,0.5,117.013
2021-05-10,18 day ahead inc hosp,2021-05-28,06,quantile,0.5,113.238
2021-05-10,19 day ahead inc hosp,2021-05-29,06,quantile,0.5,109.56
2021-05-10,20 day ahead inc hosp,2021-05-30,06,quantile,0.5,105.978
2021-05-10,21 day ahead inc hosp,2021-05-31,06,quantile,0.5,102.491
2021-05-10,22 day ahead inc hosp,2021-06-01,06,quantile,0.5,99.096
2021-05-10,23 day ahead inc hosp,2021-06-02,06,quantile,0.5,95.792
2021-05-10,24 day ahead inc hosp,2021-06-03,06,quantile,0.5,92.578
2021-05-10,25 day ahead inc hosp,2021-06-04,06,quantile,0.5,89.452
2021-05-10,26 day ahead inc hosp,2021-06-05,06,quantile,0.5,86.412
2021-05-10,27 day ahead inc hosp,2021-06-06,06,quantile,0.5,83.458
2021-05-10,28 day ahead inc hosp,2021-06-07,06,quantile,0.5,80.586
2021-05-10,1 day ahead inc hosp,2021-05-11,06,quantile,0.55,198.326
2021-05-10,2 day ahead inc hosp,2021-05-12,06,quantile,0.55,192.965
2021-05-10,3 day ahead inc hosp,2021-05-13,06,quantile,0.55,187.662
2021-05-10,4 day ahead inc hosp,2021-05-14,06,quantile,0.55,182.438
2021-05-10,5 day ahead inc hosp,2021-05-15,06,quantile,0.55,177.306
2021-05-10,6 day ahead inc hosp,2021-05-16,06,quantile,0.55,172.273
2021-05-10,7 day ahead inc hosp,2021-05-17,06,quantile,0.55,167.345
2021-05-10,8 day ahead inc hosp,2021-05-18,06,quantile,0.55,162.524
2021-05-10,9 day ahead inc hosp,2021-05-19,06,quantile,0.55,157.809
2021-05-10,10 day ahead inc hosp,2021-05-20,06,quantile,0.55,153.203
2021-05-10,11 day ahead inc hosp,2021-05-21,06,quantile,0.55,148.703
2021-05-10,12 day ahead inc hosp,2021-05-22,06,quantile,0.55,144.31
2021-05-10,13 day ahead inc hosp,2021-05-23,06,quantile,0.55,140.022
2021-05-10,14 day ahead inc hosp,2021-05-24,06,quantile,0.55,135.838
2021-05-10,15 day ahead inc hosp,2021-05-25,06,quantile,0.55,131.758
2021-05-10,16 day ahead inc hosp,2021-05-26,06,quantile,0.55,127.779
2021-05-10,17 day ahead inc hosp,2021-05-27,06,quantile,0.55,123.9
2021-05-10,18 day ahead inc hosp,2021-05-28,06,quantile,0.55,120.121
2021-05-10,19 day ahead inc hosp,2021-05-29,06,quantile,0.55,116.438
2021-05-10,20 day ahead inc hosp,2021-05-30,06,quantile,0.55,112.852
2021-05-10,21 day ahead inc hosp,2021-05-31,06,quantile,0.55,109.36
2021-05-10,22 day ahead inc hosp,2021-06-01,06,quantile,0.55,105.961
2021-05-10,23 day ahead inc hosp,2021-06-02,06,quantile,0.55,102.653
2021-05-10,24 day ahead inc hosp,2021-06-03,06,quantile,0.55,99.435
2021-05-10,25 day ahead inc hosp,2021-06-04,06,quantile,0.55,96.305
2021-05-10,26 day ahead inc hosp,2021-06-05,06,quantile,0.55,93.261
2021-05-10,27 day ahead inc hosp,2021-06-06,06,quantile,0.55,90.303
2021-05-10,28 day ahead inc hosp,2021-06-07,06,quantile,0.55,87.428
2021-05-10,1 day ahead inc hosp,2021-05-11,06,quantile,0.6,205.419
2021-05-10,2 day ahead inc hosp,2021-05-12,06,quantile,0.6,200.051
2021-05-10,3 day ahead inc hosp,2021-05-13,06,quantile,0.6,194.741
2021-05-10,4 day ahead inc hosp,2021-05-14,06,quantile,0.6,189.51
2021-05-10,5 day ahead inc hosp,2021-05-15,06,quantile,0.6,184.372
2021-05-10,6 day ahead inc hosp,2021-05-16,06,quantile,0.6,179.333
2021-05-10,7 day ahead inc hosp,2021-05-17,06,quantile,0.6,174.399
2021-05-10,8 day ahead inc hosp,2021-05-18,06,quantile,0.6,169.571
2021-05-10,9 day ahead inc hosp,2021-05-19,06,quantile,0.6,164.851
2021-05-10,10 day ahead inc hosp,2021-05-20,06,quantile,0.6,160.238
2021-05-10,11 day ahead inc hosp,2021-05-21,06,quantile,0.6,155.733
2021-05-10,12 day ahead inc hosp,2021-05-22,06,quantile,0.6,151.334
2021-05-10,13 day ahead inc hosp,2021-05-23,06,quantile,0.6,147.041
2021-05-10,14 day ahead inc hosp,2021-05-24,06,quantile,0.6,142.852
2021-05-10,15 day ahead inc hosp,2021-05-25,06,quantile,0.6,138.766
2021-05-10,16 day ahead inc hosp,2021-05-26,06,quantile,0.6,134.782
2021-05-10,17 day ahead inc hosp,2021-05-27,06,quantile,0.6,130.899
2021-05-10,18 day ahead inc hosp,2021-05-28,06,quantile,0.6,127.114
2021-05-10,19 day ahead inc hosp,2021-05-29,06,quantile,0.6,123.427
2021-05-10,20 day ahead inc hosp,2021-05-30,06,quantile,0.6,119.836
2021-05-10,21 day ahead inc hosp,2021-05-31,06,quantile,0.6,116.339
2021-05-10,22 day ahead inc hosp,2021-06-01,06,quantile,0.6,112.936
2021-05-10,23 day ahead inc hosp,2021-06-02,06,quantile,0.6,109.624
2021-05-10,24 day ahead inc hosp,2021-06-03,06,quantile,0.6,106.402
2021-05-10,25 day ahead inc hosp,2021-06-04,06,quantile,0.6,103.268
2021-05-10,26 day ahead inc hosp,2021-06-05,06,quantile,0.6,100.22
2021-05-10,27 day ahead inc hosp,2021-06-06,06,quantile,0.6,97.258
2021-05-10,28 day ahead inc hosp,2021-06-07,06,quantile,0.6,94.38
2021-05-10,1 day ahead inc hosp,2021-05-11,06,quantile,0.65,212.75
2021-05-10,2 day ahead inc hosp,2021-05-12,06,quantile,0.65,207.375
2021-05-10,3 day ahead inc hosp,2021-05-13,06,quantile,0.65,202.058
2021-05-10,4 day ahead inc hosp,2021-05-14,06,quantile,0.65,196.821
2021-05-10,5 day ahead inc hosp,2021-05-15,06,quantile,0.65,191.676
2021-05-10,6 day ahead inc hosp,2021-05-16,06,quantile,0.65,186.63
2021-05-10,7 day ahead inc hosp,2021-05-17,06,quantile,0.65,181.69
2021-05-10,8 day ahead inc hosp,2021-05-18,06,quantile,0.65,176.855
2021-05-10,9 day ahead inc hosp,2021-05-19,06,quantile,0.65,172.129
2021-05-10,10 day ahead inc hosp,2021-05-20,06,quantile,0.65,167.51
2021-05-10,11 day ahead inc hosp,2021-05-21,06,quantile,0.65,162.999
2021-05-10,12 day ahead inc hosp,2021-05-22,06,quantile,0.65,158.594
2021-05-10,13 day ahead inc hosp,2021-05-23,06,quantile,0.65,154.295
2021-05-10,14 day ahead inc hosp,2021-05-24,06,quantile,0.65,150.101
2021-05-10,15 day ahead inc hosp,2021-05-25,06,quantile,0.65,146.01
2021-05-10,16 day ahead inc hosp,2021-05-26,06,quantile,0.65,142.02
2021-05-10,17 day ahead inc hosp,2021-05-27,06,quantile,0.65,138.132
2021-05-10,18 day ahead inc hosp,2021-05-28,06,quantile,0.65,134.342
2021-05-10,19 day ahead inc hosp,2021-05-29,06,quantile,0.65,130.65
2021-05-10,20 day ahead inc hosp,2021-05-30,06,quantile,0.65,127.055
2021-05-10,21 day ahead inc hosp,2021-05-31,06,quantile,0.65,123.554
2021-05-10,22 day ahead inc hosp,2021-06-01,06,quantile,0.65,120.146
2021-05-10,23 day ahead inc hosp,2021-06-02,06,quantile,0.65,116.829
2021-05-10,24 day ahead inc hosp,2021-06-03,06,quantile,0.65,113.603
2021-05-10,25 day ahead inc hosp,2021-06-04,06,quantile,0.65,110.464
2021-05-10,26 day ahead inc hosp,2021-06-05,06,quantile,0.65,107.413
2021-05-10,27 day ahead inc hosp,2021-06-06,06,quantile,0.65,104.447
2021-05-10,28 day ahead inc hosp,2021-06-07,06,quantile,0.65,101.565
2021-05-10,1 day ahead inc hosp,2021-05-11,06,quantile,0.7,220.476
2021-05-10,2 day ahead inc hosp,2021-05-12,06,quantile,0.7,215.094
2021-05-10,3 day ahead inc hosp,2021-05-13,06,quantile,0.7,209.77
2021-05-10,4 day ahead inc hosp,2021-05-14,06,quantile,0.7,204.525
2021-05-10,5 day ahead inc hosp,2021-05-15,06,quantile,0.7,199.373
2021-05-10,6 day ahead inc hosp,2021-05-16,06,quantile,0.7,194.32
2021-05-10,7 day ahead inc hosp,2021-05-17,06,quantile,0.7,189.373
2021-05-10,8 day ahead inc hosp,2021-05-18,06,quantile,0.7,184.532
2021-05-10,9 day ahead inc hosp,2021-05-19,06,quantile,0.7,179.799
2021-05-10,10 day ahead inc hosp,2021-05-20,06,quantile,0.7,175.174
2021-05-10,11 day ahead inc hosp,2021-05-21,06,quantile,0.7,170.656
2021-05-10,12 day ahead inc hosp,2021-05-22,06,quantile,0.7,166.245
2021-05-10,13 day ahead inc hosp,2021-05-23,06,quantile,0.7,161.941
2021-05-10,14 day ahead inc hosp,2021-05-24,06,quantile,0.7,157.74
2021-05-10,15 day ahead inc hosp,2021-05-25,06,quantile,0.7,153.643
2021-05-10,16 day ahead inc hosp,2021-05-26,06,quantile,0.7,149.649
2021-05-10,17 day ahead inc hosp,2021-05-27,06,quantile,0.7,145.755
2021-05-10,18 day ahead inc hosp,2021-05-28,06,quantile,0.7,141.96
2021-05-10,19 day ahead inc hosp,2021-05-29,06,quantile,0.7,138.263
2021-05-10,20 day ahead inc hosp,2021-05-30,06,quantile,0.7,134.662
2021-05-10,21 day ahead inc hosp,2021-05-31,06,quantile,0.7,131.156
2021-05-10,22 day ahead inc hosp,2021-06-01,06,quantile,0.7,127.743
2021-05-10,23 day ahead inc hosp,2021-06-02,06,quantile,0.7,124.422
2021-05-10,24 day ahead inc hosp,2021-06-03,06,quantile,0.7,121.191
2021-05-10,25 day ahead inc hosp,2021-06-04,06,quantile,0.7,118.049
2021-05-10,26 day ahead inc hosp,2021-06-05,06,quantile,0.7,114.993
2021-05-10,27 day ahead inc hosp,2021-06-06,06,quantile,0.7,112.023
2021-05-10,28 day ahead inc hosp,2021-06-07,06,quantile,0.7,109.137
2021-05-10,1 day ahead inc hosp,2021-05-11,06,quantile,0.75,228.814
2021-05-10,2 day ahead inc hosp,2021-05-12,06,quantile,0.75,223.424
2021-05-10,3 day ahead inc hosp,2021-05-13,06,quantile,0.75,218.091
2021-05-10,4 day ahead inc hosp,2021-05-14,06,quantile,0.75,212.839
2021-05-10,5 day ahead inc hosp,2021-05-15,06,quantile,0.75,207.679
2021-05-10,6 day ahead inc hosp,2021-05-16,06,quantile,0.75,202.619
2021-05-10,7 day ahead inc hosp,2021-05-17,06,quantile,0.75,197.664
2021-05-10,8 day ahead inc hosp,2021-05-18,06,quantile,0.75,192.816
2021-05-10,9 day ahead inc hosp,2021-05-19,06,quantile,0.75,188.076
2021-05-10,10 day ahead inc hosp,2021-05-20,06,quantile,0.75,183.444
2021-05-10,11 day ahead inc hosp,2021-05-21,06,quantile,0.75,178.92
2021-05-10,12 day ahead inc hosp,2021-05-22,06,quantile,0.75,174.502
2021-05-10,13 day ahead inc hosp,2021-05-23,06,quantile,0.75,170.191
2021-05-10,14 day ahead inc hosp,2021-05-24,06,quantile,0.75,165.984
2021-05-10,15 day ahead inc hosp,2021-05-25,06,quantile,0.75,161.881
2021-05-10,16 day ahead inc hosp,2021-05-26,06,quantile,0.75,157.881
2021-05-10,17 day ahead inc hosp,2021-05-27,06,quantile,0.75,153.981
2021-05-10,18 day ahead inc hosp,2021-05-28,06,quantile,0.75,150.18
2021-05-10,19 day ahead inc hosp,2021-05-29,06,quantile,0.75,146.478
2021-05-10,20 day ahead inc hosp,2021-05-30,06,quantile,0.75,142.872
2021-05-10,21 day ahead inc hosp,2021-05-31,06,quantile,0.75,139.36
2021-05-10,22 day ahead inc hosp,2021-06-01,06,quantile,0.75,135.943
2021-05-10,23 day ahead inc hosp,2021-06-02,06,quantile,0.75,132.617
2021-05-10,24 day ahead inc hosp,2021-06-03,06,quantile,0.75,129.381
2021-05-10,25 day ahead inc hosp,2021-06-04,06,quantile,0.75,126.234
2021-05-10,26 day ahead inc hosp,2021-06-05,06,quantile,0.75,123.174
2021-05-10,27 day ahead inc hosp,2021-06-06,06,quantile,0.75,120.199
2021-05-10,28 day ahead inc hosp,2021-06-07,06,quantile,0.75,117.308
2021-05-10,1 day ahead inc hosp,2021-05-11,06,quantile,0.8,238.098
2021-05-10,2 day ahead inc hosp,2021-05-12,06,quantile,0.8,232.699
2021-05-10,3 day ahead inc hosp,2021-05-13,06,quantile,0.8,227.358
2021-05-10,4 day ahead inc hosp,2021-05-14,06,quantile,0.8,222.097
2021-05-10,5 day ahead inc hosp,2021-05-15,06,quantile,0.8,216.928
2021-05-10,6 day ahead inc hosp,2021-05-16,06,quantile,0.8,211.86
2021-05-10,7 day ahead inc hosp,2021-05-17,06,quantile,0.8,206.897
2021-05-10,8 day ahead inc hosp,2021-05-18,06,quantile,0.8,202.041
2021-05-10,9 day ahead inc hosp,2021-05-19,06,quantile,0.8,197.293
2021-05-10,10 day ahead inc hosp,2021-05-20,06,quantile,0.8,192.653
2021-05-10,11 day ahead inc hosp,2021-05-21,06,quantile,0.8,188.121
2021-05-10,12 day ahead inc hosp,2021-05-22,06,quantile,0.8,183.697
2021-05-10,13 day ahead inc hosp,2021-05-23,06,quantile,0.8,179.378
2021-05-10,14 day ahead inc hosp,2021-05-24,06,quantile,0.8,175.165
2021-05-10,15 day ahead inc hosp,2021-05-25,06,quantile,0.8,171.055
2021-05-10,16 day ahead inc hosp,2021-05-26,06,quantile,0.8,167.047
2021-05-10,17 day ahead inc hosp,2021-05-27,06,quantile,0.8,163.141
2021-05-10,18 day ahead inc hosp,2021-05-28,06,quantile,0.8,159.334
2021-05-10,19 day ahead inc hosp,2021-05-29,06,quantile,0.8,155.625
2021-05-10,20 day ahead inc hosp,2021-05-30,06,quantile,0.8,152.013
2021-05-10,21 day ahead inc hosp,2021-05-31,06,quantile,0.8,148.496
2021-05-10,22 day ahead inc hosp,2021-06-01,06,quantile,0.8,145.073
2021-05-10,23 day ahead inc hosp,2021-06-02,06,quantile,0.8,141.741
2021-05-10,24 day ahead inc hosp,2021-06-03,06,quantile,0.8,138.5
2021-05-10,25 day ahead inc hosp,2021-06-04,06,quantile,0.8,135.348
2021-05-10,26 day ahead inc hosp,2021-06-05,06,quantile,0.8,132.283
2021-05-10,27 day ahead inc hosp,2021-06-06,06,quantile,0.8,129.303
2021-05-10,28 day ahead inc hosp,2021-06-07,06,quantile,0.8,126.407
2021-05-10,1 day ahead inc hosp,2021-05-11,06,quantile,0.85,248.92
2021-05-10,2 day ahead inc hosp,2021-05-12,06,quantile,0.85,243.511
2021-05-10,3 day ahead inc hosp,2021-05-13,06,quantile,0.85,238.159
2021-05-10,4 day ahead inc hosp,2021-05-14,06,quantile,0.85,232.888
2021-05-10,5 day ahead inc hosp,2021-05-15,06,quantile,0.85,227.71
2021-05-10,6 day ahead inc hosp,2021-05-16,06,quantile,0.85,222.632
2021-05-10,7 day ahead inc hosp,2021-05-17,06,quantile,0.85,217.659
2021-05-10,8 day ahead inc hosp,2021-05-18,06,quantile,0.85,212.793
2021-05-10,9 day ahead inc hosp,2021-05-19,06,quantile,0.85,208.036
2021-05-10,10 day ahead inc hosp,2021-05-20,06,quantile,0.85,203.387
2021-05-10,11 day ahead inc hosp,2021-05-21,06,quantile,0.85,198.847
2021-05-10,12 day ahead inc hosp,2021-05-22,06,quantile,0.85,194.414
2021-05-10,13 day ahead inc hosp,2021-05-23,06,quantile,0.85,190.087
2021-05-10,14 day ahead inc hosp,2021-05-24,06,quantile,0.85,185.865
2021-05-10,15 day ahead inc hosp,2021-05-25,06,quantile,0.85,181.747
2021-05-10,16 day ahead inc hosp,2021-05-26,06,quantile,0.85,177.732
2021-05-10,17 day ahead inc hosp,2021-05-27,06,quantile,0.85,173.818
2021-05-10,18 day ahead inc hosp,2021-05-28,06,quantile,0.85,170.004
2021-05-10,19 day ahead inc hosp,2021-05-29,06,quantile,0.85,166.288
2021-05-10,20 day ahead inc hosp,2021-05-30,06,quantile,0.85,162.669
2021-05-10,21 day ahead inc hosp,2021-05-31,06,quantile,0.85,159.145
2021-05-10,22 day ahead inc hosp,2021-06-01,06,quantile,0.85,155.715
2021-05-10,23 day ahead inc hosp,2021-06-02,06,quantile,0.85,152.377
2021-05-10,24 day ahead inc hosp,2021-06-03,06,quantile,0.85,149.13
2021-05-10,25 day ahead inc hosp,2021-06-04,06,quantile,0.85,145.971
2021-05-10,26 day ahead inc hosp,2021-06-05,06,quantile,0.85,142.9
2021-05-10,27 day ahead inc hosp,2021-06-06,06,quantile,0.85,139.915
2021-05-10,28 day ahead inc hosp,2021-06-07,06,quantile,0.85,137.014
2021-05-10,1 day ahead inc hosp,2021-05-11,06,quantile,0.9,262.537
2021-05-10,2 day ahead inc hosp,2021-05-12,06,quantile,0.9,257.114
2021-05-10,3 day ahead inc hosp,2021-05-13,06,quantile,0.9,251.75
2021-05-10,4 day ahead inc hosp,2021-05-14,06,quantile,0.9,246.466
2021-05-10,5 day ahead inc hosp,2021-05-15,06,quantile,0.9,241.275
2021-05-10,6 day ahead inc hosp,2021-05-16,06,quantile,0.9,236.185
2021-05-10,7 day ahead inc hosp,2021-05-17,06,quantile,0.9,231.2
2021-05-10,8 day ahead inc hosp,2021-05-18,06,quantile,0.9,226.322
2021-05-10,9 day ahead inc hosp,2021-05-19,06,quantile,0.9,221.554
2021-05-10,10 day ahead inc hosp,2021-05-20,06,quantile,0.9,216.894
2021-05-10,11 day ahead inc hosp,2021-05-21,06,quantile,0.9,212.342
2021-05-10,12 day ahead inc hosp,2021-05-22,06,quantile,0.9,207.898
2021-05-10,13 day ahead inc hosp,2021-05-23,06,quantile,0.9,203.561
2021-05-10,14 day ahead inc hosp,2021-05-24,06,quantile,0.9,199.329
2021-05-10,15 day ahead inc hosp,2021-05-25,06,quantile,0.9,195.201
2021-05-10,16 day ahead inc hosp,2021-05-26,06,quantile,0.9,191.176
2021-05-10,17 day ahead inc hosp,2021-05-27,06,quantile,0.9,187.253
2021-05-10,18 day ahead inc hosp,2021-05-28,06,quantile,0.9,183.429
2021-05-10,19 day ahead inc hosp,2021-05-29,06,quantile,0.9,179.704
2021-05-10,20 day ahead inc hosp,2021-05-30,06,quantile,0.9,176.077
2021-05-10,21 day ahead inc hosp,2021-05-31,06,quantile,0.9,172.544
2021-05-10,22 day ahead inc hosp,2021-06-01,06,quantile,0.9,169.106
2021-05-10,23 day ahead inc hosp,2021-06-02,06,quantile,0.9,165.76
2021-05-10,24 day ahead inc hosp,2021-06-03,06,quantile,0.9,162.504
2021-05-10,25 day ahead inc hosp,2021-06-04,06,quantile,0.9,159.338
2021-05-10,26 day ahead inc hosp,2021-06-05,06,quantile,0.9,156.26
2021-05-10,27 day ahead inc hosp,2021-06-06,06,quantile,0.9,153.267
2021-05-10,28 day ahead inc hosp,2021-06-07,06,quantile,0.9,150.359
2021-05-10,1 day ahead inc hosp,2021-05-11,06,quantile,0.95,282.719
2021-05-10,2 day ahead inc hosp,2021-05-12,06,quantile,0.95,277.277
2021-05-10,3 day ahead inc hosp,2021-05-13,06,quantile,0.95,271.893
2021-05-10,4 day ahead inc hosp,2021-05-14,06,quantile,0.95,266.59
2021-05-10,5 day ahead inc hosp,2021-05-15,06,quantile,0.95,261.381
2021-05-10,6 day ahead inc hosp,2021-05-16,06,quantile,0.95,256.272
2021-05-10,7 day ahead inc hosp,2021-05-17,06,quantile,0.95,251.269
2021-05-10,8 day ahead inc hosp,2021-05-18,06,quantile,0.95,246.375
2021-05-10,9 day ahead inc hosp,2021-05-19,06,quantile,0.95,241.589
2021-05-10,10 day ahead inc hosp,2021-05-20,06,quantile,0.95,236.912
2021-05-10,11 day ahead inc hosp,2021-05-21,06,quantile,0.95,232.344
2021-05-10,12 day ahead inc hosp,2021-05-22,06,quantile,0.95,227.884
2021-05-10,13 day ahead inc hosp,2021-05-23,06,quantile,0.95,223.531
2021-05-10,14 day ahead inc hosp,2021-05-24,06,quantile,0.95,219.284
2021-05-10,15 day ahead inc hosp,2021-05-25,06,quantile,0.95,215.142
2021-05-10,16 day ahead inc hosp,2021-05-26,06,quantile,0.95,211.102
2021-05-10,17 day ahead inc hosp,2021-05-27,06,quantile,0.95,207.165
2021-05-10,18 day ahead inc hosp,2021-05-28,06,quantile,0.95,203.328
2021-05-10,19 day ahead inc hosp,2021-05-29,06,quantile,0.95,199.589
2021-05-10,20 day ahead inc hosp,2021-05-30,06,quantile,0.95,195.948
2021-05-10,21 day ahead inc hosp,2021-05-31,06,quantile,0.95,192.403
2021-05-10,22 day ahead inc hosp,2021-06-01,06,quantile,0.95,188.953
2021-05-10,23 day ahead inc hosp,2021-06-02,06,quantile,0.95,185.594
2021-05-10,24 day ahead inc hosp,2021-06-03,06,quantile,0.95,182.327
2021-05-10,25 day ahead inc hosp,2021-06-04,06,quantile,0.95,179.15
2021-05-10,26 day ahead inc hosp,2021-06-05,06,quantile,0.95,176.06
2021-05-10,27 day ahead inc hosp,2021-06-06,06,quantile,0.95,173.057
2021-05-10,28 day ahead inc hosp,2021-06-07,06,quantile,0.95,170.138
2021-05-10,1 day ahead inc hosp,2021-05-11,06,quantile,0.975,300.223
2021-05-10,2 day ahead inc hosp,2021-05-12,06,quantile,0.975,294.765
2021-05-10,3 day ahead inc hosp,2021-05-13,06,quantile,0.975,289.365
2021-05-10,4 day ahead inc hosp,2021-05-14,06,quantile,0.975,284.045
2021-05-10,5 day ahead inc hosp,2021-05-15,06,quantile,0.975,278.82
2021-05-10,6 day ahead inc hosp,2021-05-16,06,quantile,0.975,273.695
2021-05-10,7 day ahead inc hosp,2021-05-17,06,quantile,0.975,268.677
2021-05-10,8 day ahead inc hosp,2021-05-18,06,quantile,0.975,263.767
2021-05-10,9 day ahead inc hosp,2021-05-19,06,quantile,0.975,258.966
2021-05-10,10 day ahead inc hosp,2021-05-20,06,quantile,0.975,254.275
2021-05-10,11 day ahead inc hosp,2021-05-21,06,quantile,0.975,249.693
2021-05-10,12 day ahead inc hosp,2021-05-22,06,quantile,0.975,245.219
2021-05-10,13 day ahead inc hosp,2021-05-23,06,quantile,0.975,240.853
2021-05-10,14 day ahead inc hosp,2021-05-24,06,quantile,0.975,236.593
2021-05-10,15 day ahead inc hosp,2021-05-25,06,quantile,0.975,232.437
2021-05-10,16 day ahead inc hosp,2021-05-26,06,quantile,0.975,228.385
2021-05-10,17 day ahead inc hosp,2021-05-27,06,quantile,0.975,224.436
2021-05-10,18 day ahead inc hosp,2021-05-28,06,quantile,0.975,220.586
2021-05-10,19 day ahead inc hosp,2021-05-29,06,quantile,0.975,216.837
2021-05-10,20 day ahead inc hosp,2021-05-30,06,quantile,0.975,213.184
2021-05-10,21 day ahead inc hosp,2021-05-31,06,quantile,0.975,209.628
2021-05-10,22 day ahead inc hosp,2021-06-01,06,quantile,0.975,206.167
2021-05-10,23 day ahead inc hosp,2021-06-02,06,quantile,0.975,202.798
2021-05-10,24 day ahead inc hosp,2021-06-03,06,quantile,0.975,199.521
2021-05-10,25 day ahead inc hosp,2021-06-04,06,quantile,0.975,196.334
2021-05-10,26 day ahead inc hosp,2021-06-05,06,quantile,0.975,193.234
2021-05-10,27 day ahead inc hosp,2021-06-06,06,quantile,0.975,190.222
2021-05-10,28 day ahead inc hosp,2021-06-07,06,quantile,0.975,187.294
2021-05-10,1 day ahead inc hosp,2021-05-11,06,quantile,0.99,320.576
2021-05-10,2 day ahead inc hosp,2021-05-12,06,quantile,0.99,315.098
2021-05-10,3 day ahead inc hosp,2021-05-13,06,quantile,0.99,309.679
2021-05-10,4 day ahead inc hosp,2021-05-14,06,quantile,0.99,304.34
2021-05-10,5 day ahead inc hosp,2021-05-15,06,quantile,0.99,299.096
2021-05-10,6 day ahead inc hosp,2021-05-16,06,quantile,0.99,293.953
2021-05-10,7 day ahead inc hosp,2021-05-17,06,quantile,0.99,288.917
2021-05-10,8 day ahead inc hosp,2021-05-18,06,quantile,0.99,283.989
2021-05-10,9 day ahead inc hosp,2021-05-19,06,quantile,0.99,279.172
2021-05-10,10 day ahead inc hosp,2021-05-20,06,quantile,0.99,274.464
2021-05-10,11 day ahead inc hosp,2021-05-21,06,quantile,0.99,269.865
2021-05-10,12 day ahead inc hosp,2021-05-22,06,quantile,0.99,265.375
2021-05-10,13 day ahead inc hosp,2021-05-23,06,quantile,0.99,260.993
2021-05-10,14 day ahead inc hosp,2021-05-24,06,quantile,0.99,256.717
2021-05-10,15 day ahead inc hosp,2021-05-25,06,quantile,0.99,252.547
2021-05-10,16 day ahead inc hosp,2021-05-26,06,quantile,0.99,248.48
2021-05-10,17 day ahead inc hosp,2021-05-27,06,quantile,0.99,244.516
2021-05-10,18 day ahead inc hosp,2021-05-28,06,quantile,0.99,240.654
2021-05-10,19 day ahead inc hosp,2021-05-29,06,quantile,0.99,236.89
2021-05-10,20 day ahead inc hosp,2021-05-30,06,quantile,0.99,233.225
2021-05-10,21 day ahead inc hosp,2021-05-31,06,quantile,0.99,229.656
2021-05-10,22 day ahead inc hosp,2021-06-01,06,quantile,0.99,226.182
2021-05-10,23 day ahead inc hosp,2021-06-02,06,quantile,0.99,222.801
2021-05-10,24 day ahead inc hosp,2021-06-03,06,quantile,0.99,219.512
2021-05-10,25 day ahead inc hosp,2021-06-04,06,quantile,0.99,216.313
2021-05-10,26 day ahead inc hosp,2021-06-05,06,quantile,0.99,213.203
2021-05-10,27 day ahead inc hosp,2021-06-06,06,quantile,0.99,210.18
2021-05-10,28 day ahead inc hosp,2021-06-07,06,quantile,0.99,207.241
2021-05-10,1 day ahead inc hosp,2021-05-11,06,point,NA,191.345
2021-05-10,2 day ahead inc hosp,2021-05-12,06,point,NA,185.991
2021-05-10,3 day ahead inc hosp,2021-05-13,06,point,NA,180.694
2021-05-10,4 day ahead inc hosp,2021-05-14,06,point,NA,175.477
2021-05-10,5 day ahead inc hosp,2021-05-15,06,point,NA,170.351
2021-05-10,6 day ahead inc hosp,2021-05-16,06,point,NA,165.325
2021-05-10,7 day ahead inc hosp,2021-05-17,06,point,NA,160.404
2021-05-10,8 day ahead inc hosp,2021-05-18,06,point,NA,155.588
2021-05-10,9 day ahead inc hosp,2021-05-19,06,point,NA,150.88
2021-05-10,10 day ahead inc hosp,2021-05-20,06,point,NA,146.279
2021-05-10,11 day ahead inc hosp,2021-05-21,06,point,NA,141.785
2021-05-10,12 day ahead inc hosp,2021-05-22,06,point,NA,137.397
2021-05-10,13 day ahead inc hosp,2021-05-23,06,point,NA,133.114
2021-05-10,14 day ahead inc hosp,2021-05-24,06,point,NA,128.936
2021-05-10,15 day ahead inc hosp,2021-05-25,06,point,NA,124.861
2021-05-10,16 day ahead inc hosp,2021-05-26,06,point,NA,120.887
2021-05-10,17 day ahead inc hosp,2021-05-27,06,point,NA,117.013
2021-05-10,18 day ahead inc hosp,2021-05-28,06,point,NA,113.238
2021-05-10,19 day ahead inc hosp,2021-05-29,06,point,NA,109.56
2021-05-10,20 day ahead inc hosp,2021-05-30,06,point,NA,105.978
2021-05-10,21 day ahead inc hosp,2021-05-31,06,point,NA,102.491
2021-05-10,22 day ahead inc hosp,2021-06-01,06,point,NA,99.096
2021-05-10,23 day ahead inc hosp,2021-06-02,06,point,NA,95.792
2021-05-10,24 day ahead inc hosp,2021-06-03,06,point,NA,92.578
2021-05-10,25 day ahead inc hosp,2021-06-04,06,point,NA,89.452
2021-05-10,26 day ahead inc hosp,2021-06-05,06,point,NA,86.412
2021-05-10,27 day ahead inc hosp,2021-06-06,06,point,NA,83.458
2021-05-10,28 day ahead inc hosp,2021-06-07,06,point,NA,80.586
2021-05-10,1 wk ahead inc death,2021-05-15,06,quantile,0.01,40.48
2021-05-10,2 wk ahead inc death,2021-05-22,06,quantile,0.01,0
2021-05-10,3 wk ahead inc death,2021-05-29,06,quantile,0.01,0
2021-05-10,4 wk ahead inc death,2021-06-05,06,quantile,0.01,0
2021-05-10,1 wk ahead inc death,2021-05-15,06,quantile,0.025,99.89
2021-05-10,2 wk ahead inc death,2021-05-22,06,quantile,0.025,40.58
2021-05-10,3 wk ahead inc death,2021-05-29,06,quantile,0.025,0
2021-05-10,4 wk ahead inc death,2021-06-05,06,quantile,0.025,0
2021-05-10,1 wk ahead inc death,2021-05-15,06,quantile,0.05,150.99
2021-05-10,2 wk ahead inc death,2021-05-22,06,quantile,0.05,95.68
2021-05-10,3 wk ahead inc death,2021-05-29,06,quantile,0.05,54.79
2021-05-10,4 wk ahead inc death,2021-06-05,06,quantile,0.05,10.41
2021-05-10,1 wk ahead inc death,2021-05-15,06,quantile,0.1,209.9
2021-05-10,2 wk ahead inc death,2021-05-22,06,quantile,0.1,159.2
2021-05-10,3 wk ahead inc death,2021-05-29,06,quantile,0.1,118.27
2021-05-10,4 wk ahead inc death,2021-06-05,06,quantile,0.1,73.84
2021-05-10,1 wk ahead inc death,2021-05-15,06,quantile,0.15,249.65
2021-05-10,2 wk ahead inc death,2021-05-22,06,quantile,0.15,202.06
2021-05-10,3 wk ahead inc death,2021-05-29,06,quantile,0.15,161.1
2021-05-10,4 wk ahead inc death,2021-06-05,06,quantile,0.15,116.63
2021-05-10,1 wk ahead inc death,2021-05-15,06,quantile,0.2,281.24
2021-05-10,2 wk ahead inc death,2021-05-22,06,quantile,0.2,236.12
2021-05-10,3 wk ahead inc death,2021-05-29,06,quantile,0.2,195.13
2021-05-10,4 wk ahead inc death,2021-06-05,06,quantile,0.2,150.65
2021-05-10,1 wk ahead inc death,2021-05-15,06,quantile,0.25,308.34
2021-05-10,2 wk ahead inc death,2021-05-22,06,quantile,0.25,265.34
2021-05-10,3 wk ahead inc death,2021-05-29,06,quantile,0.25,224.34
2021-05-10,4 wk ahead inc death,2021-06-05,06,quantile,0.25,179.82
2021-05-10,1 wk ahead inc death,2021-05-15,06,quantile,0.3,332.68
2021-05-10,2 wk ahead inc death,2021-05-22,06,quantile,0.3,291.58
2021-05-10,3 wk ahead inc death,2021-05-29,06,quantile,0.3,250.56
2021-05-10,4 wk ahead inc death,2021-06-05,06,quantile,0.3,206.03
2021-05-10,1 wk ahead inc death,2021-05-15,06,quantile,0.35,355.24
2021-05-10,2 wk ahead inc death,2021-05-22,06,quantile,0.35,315.9
2021-05-10,3 wk ahead inc death,2021-05-29,06,quantile,0.35,274.86
2021-05-10,4 wk ahead inc death,2021-06-05,06,quantile,0.35,230.31
2021-05-10,1 wk ahead inc death,2021-05-15,06,quantile,0.4,376.64
2021-05-10,2 wk ahead inc death,2021-05-22,06,quantile,0.4,338.98
2021-05-10,3 wk ahead inc death,2021-05-29,06,quantile,0.4,297.92
2021-05-10,4 wk ahead inc death,2021-06-05,06,quantile,0.4,253.35
2021-05-10,1 wk ahead inc death,2021-05-15,06,quantile,0.45,397.34
2021-05-10,2 wk ahead inc death,2021-05-22,06,quantile,0.45,361.3
2021-05-10,3 wk ahead inc death,2021-05-29,06,quantile,0.45,320.23
2021-05-10,4 wk ahead inc death,2021-06-05,06,quantile,0.45,275.65
2021-05-10,1 wk ahead inc death,2021-05-15,06,quantile,0.5,417.72
2021-05-10,2 wk ahead inc death,2021-05-22,06,quantile,0.5,383.27
2021-05-10,3 wk ahead inc death,2021-05-29,06,quantile,0.5,342.19
2021-05-10,4 wk ahead inc death,2021-06-05,06,quantile,0.5,297.58
2021-05-10,1 wk ahead inc death,2021-05-15,06,quantile,0.55,438.1
2021-05-10,2 wk ahead inc death,2021-05-22,06,quantile,0.55,405.25
2021-05-10,3 wk ahead inc death,2021-05-29,06,quantile,0.55,364.15
2021-05-10,4 wk ahead inc death,2021-06-05,06,quantile,0.55,319.52
2021-05-10,1 wk ahead inc death,2021-05-15,06,quantile,0.6,458.8
2021-05-10,2 wk ahead inc death,2021-05-22,06,quantile,0.6,427.57
2021-05-10,3 wk ahead inc death,2021-05-29,06,quantile,0.6,386.46
2021-05-10,4 wk ahead inc death,2021-06-05,06,quantile,0.6,341.82
2021-05-10,1 wk ahead inc death,2021-05-15,06,quantile,0.65,480.2
2021-05-10,2 wk ahead inc death,2021-05-22,06,quantile,0.65,450.65
2021-05-10,3 wk ahead inc death,2021-05-29,06,quantile,0.65,409.52
2021-05-10,4 wk ahead inc death,2021-06-05,06,quantile,0.65,364.86
2021-05-10,1 wk ahead inc death,2021-05-15,06,quantile,0.7,502.76
2021-05-10,2 wk ahead inc death,2021-05-22,06,quantile,0.7,474.96
2021-05-10,3 wk ahead inc death,2021-05-29,06,quantile,0.7,433.82
2021-05-10,4 wk ahead inc death,2021-06-05,06,quantile,0.7,389.14
2021-05-10,1 wk ahead inc death,2021-05-15,06,quantile,0.75,527.1
2021-05-10,2 wk ahead inc death,2021-05-22,06,quantile,0.75,501.21
2021-05-10,3 wk ahead inc death,2021-05-29,06,quantile,0.75,460.04
2021-05-10,4 wk ahead inc death,2021-06-05,06,quantile,0.75,415.34
2021-05-10,1 wk ahead inc death,2021-05-15,06,quantile,0.8,554.2
2021-05-10,2 wk ahead inc death,2021-05-22,06,quantile,0.8,530.43
2021-05-10,3 wk ahead inc death,2021-05-29,06,quantile,0.8,489.24
2021-05-10,4 wk ahead inc death,2021-06-05,06,quantile,0.8,444.52
2021-05-10,1 wk ahead inc death,2021-05-15,06,quantile,0.85,585.79
2021-05-10,2 wk ahead inc death,2021-05-22,06,quantile,0.85,564.49
2021-05-10,3 wk ahead inc death,2021-05-29,06,quantile,0.85,523.28
2021-05-10,4 wk ahead inc death,2021-06-05,06,quantile,0.85,478.54
2021-05-10,1 wk ahead inc death,2021-05-15,06,quantile,0.9,625.54
2021-05-10,2 wk ahead inc death,2021-05-22,06,quantile,0.9,607.35
2021-05-10,3 wk ahead inc death,2021-05-29,06,quantile,0.9,566.11
2021-05-10,4 wk ahead inc death,2021-06-05,06,quantile,0.9,521.33
2021-05-10,1 wk ahead inc death,2021-05-15,06,quantile,0.95,684.45
2021-05-10,2 wk ahead inc death,2021-05-22,06,quantile,0.95,670.87
2021-05-10,3 wk ahead inc death,2021-05-29,06,quantile,0.95,629.59
2021-05-10,4 wk ahead inc death,2021-06-05,06,quantile,0.95,584.76
2021-05-10,1 wk ahead inc death,2021-05-15,06,quantile,0.975,735.55
2021-05-10,2 wk ahead inc death,2021-05-22,06,quantile,0.975,725.97
2021-05-10,3 wk ahead inc death,2021-05-29,06,quantile,0.975,684.65
2021-05-10,4 wk ahead inc death,2021-06-05,06,quantile,0.975,639.78
2021-05-10,1 wk ahead inc death,2021-05-15,06,quantile,0.99,794.96
2021-05-10,2 wk ahead inc death,2021-05-22,06,quantile,0.99,790.03
2021-05-10,3 wk ahead inc death,2021-05-29,06,quantile,0.99,748.67
2021-05-10,4 wk ahead inc death,2021-06-05,06,quantile,0.99,703.74
2021-05-10,1 wk ahead inc death,2021-05-15,06,point,NA,417.72
2021-05-10,2 wk ahead inc death,2021-05-22,06,point,NA,383.27
2021-05-10,3 wk ahead inc death,2021-05-29,06,point,NA,342.19
2021-05-10,4 wk ahead inc death,2021-06-05,06,point,NA,297.58
