forecast_date,target,target_end_date,location,type,quantile,value
2021-02-22,1 wk ahead inc case,2021-02-27,06,quantile,0.025,29698
2021-02-22,2 wk ahead inc case,2021-03-06,06,quantile,0.025,16920
2021-02-22,3 wk ahead inc case,2021-03-13,06,quantile,0.025,8668
2021-02-22,4 wk ahead inc case,2021-03-20,06,quantile,0.025,3783
2021-02-22,1 wk ahead inc case,2021-02-27,06,quantile,0.1,33244
2021-02-22,2 wk ahead inc case,2021-03-06,06,quantile,0.1,19719
2021-02-22,3 wk ahead inc case,2021-03-13,06,quantile,0.1,10822
2021-02-22,4 wk ahead inc case,2021-03-20,06,quantile,0.1,5404
2021-02-22,1 wk ahead inc case,2021-02-27,06,quantile,0.25,36418
2021-02-22,2 wk ahead inc case,2021-03-06,06,quantile,0.25,22223
2021-02-22,3 wk ahead inc case,2021-03-13,06,quantile,0.25,12749
2021-02-22,4 wk ahead inc case,2021-03-20,06,quantile,0.25,6853
2021-02-22,1 wk ahead inc case,2021-02-27,06,quantile,0.5,39945
2021-02-22,2 wk ahead inc case,2021-03-06,06,quantile,0.5,25005
2021-02-22,3 wk ahead inc case,2021-03-13,06,quantile,0.5,14891
2021-02-22,4 wk ahead inc case,2021-03-20,06,quantile,0.5,8464
2021-02-22,1 wk ahead inc case,2021-02-27,06,quantile,0.75,43471
2021-02-22,2 wk ahead inc case,2021-03-06,06,quantile,0.75,27788
2021-02-22,3 wk ahead inc case,2021-03-13,06,quantile,0.75,17033
2021-02-22,4 wk ahead inc case,2021-03-20,06,quantile,0.75,10075
2021-02-22,1 wk ahead inc case,2021-02-27,06,quantile,0.9,46645
2021-02-22,2 wk ahead inc case,2021-03-06,06,quantile,0.9,30292
2021-02-22,3 wk ahead inc case,2021-03-13,06,quantile,0.9,18961
2021-02-22,4 wk ahead inc case,2021-03-20,06,quantile,0.9,11525
2021-02-22,1 wk ahead inc case,2021-02-27,06,quantile,0.975,50192
2021-02-22,2 wk ahead inc case,2021-03-06,06,quantile,0.975,33090
2021-02-22,3 wk ahead inc case,2021-03-13,06,quantile,0.975,21115
2021-02-22,4 wk ahead inc case,2021-03-20,06,quantile,0.975,13145
2021-02-22,1 wk ahead inc case,2021-02-27,06,point,NA,39945
2021-02-22,2 wk ahead inc case,2021-03-06,06,point,NA,25005
2021-02-22,3 wk ahead inc case,2021-03-13,06,point,NA,14891
2021-02-22,4 wk ahead inc case,2021-03-20,06,point,NA,8464
2021-02-22,1 day ahead inc hosp,2021-02-23,06,quantile,0.01,270.6088
2021-02-22,2 day ahead inc hosp,2021-02-24,06,quantile,0.01,243.7027
2021-02-22,3 day ahead inc hosp,2021-02-25,06,quantile,0.01,218.0384
2021-02-22,4 day ahead inc hosp,2021-02-26,06,quantile,0.01,193.6072
2021-02-22,5 day ahead inc hosp,2021-02-27,06,quantile,0.01,170.391
2021-02-22,6 day ahead inc hosp,2021-02-28,06,quantile,0.01,148.3649
2021-02-22,7 day ahead inc hosp,2021-03-01,06,quantile,0.01,127.4994
2021-02-22,8 day ahead inc hosp,2021-03-02,06,quantile,0.01,107.7616
2021-02-22,9 day ahead inc hosp,2021-03-03,06,quantile,0.01,89.1163
2021-02-22,10 day ahead inc hosp,2021-03-04,06,quantile,0.01,71.5262
2021-02-22,11 day ahead inc hosp,2021-03-05,06,quantile,0.01,54.9531
2021-02-22,12 day ahead inc hosp,2021-03-06,06,quantile,0.01,39.358
2021-02-22,13 day ahead inc hosp,2021-03-07,06,quantile,0.01,24.7013
2021-02-22,14 day ahead inc hosp,2021-03-08,06,quantile,0.01,10.9433
2021-02-22,15 day ahead inc hosp,2021-03-09,06,quantile,0.01,0
2021-02-22,16 day ahead inc hosp,2021-03-10,06,quantile,0.01,0
2021-02-22,17 day ahead inc hosp,2021-03-11,06,quantile,0.01,0
2021-02-22,18 day ahead inc hosp,2021-03-12,06,quantile,0.01,0
2021-02-22,19 day ahead inc hosp,2021-03-13,06,quantile,0.01,0
2021-02-22,20 day ahead inc hosp,2021-03-14,06,quantile,0.01,0
2021-02-22,21 day ahead inc hosp,2021-03-15,06,quantile,0.01,0
2021-02-22,22 day ahead inc hosp,2021-03-16,06,quantile,0.01,0
2021-02-22,23 day ahead inc hosp,2021-03-17,06,quantile,0.01,0
2021-02-22,24 day ahead inc hosp,2021-03-18,06,quantile,0.01,0
2021-02-22,25 day ahead inc hosp,2021-03-19,06,quantile,0.01,0
2021-02-22,26 day ahead inc hosp,2021-03-20,06,quantile,0.01,0
2021-02-22,27 day ahead inc hosp,2021-03-21,06,quantile,0.01,0
2021-02-22,28 day ahead inc hosp,2021-03-22,06,quantile,0.01,0
2021-02-22,1 day ahead inc hosp,2021-02-23,06,quantile,0.025,297.3219
2021-02-22,2 day ahead inc hosp,2021-02-24,06,quantile,0.025,270.3443
2021-02-22,3 day ahead inc hosp,2021-02-25,06,quantile,0.025,244.6117
2021-02-22,4 day ahead inc hosp,2021-02-26,06,quantile,0.025,220.1154
2021-02-22,5 day ahead inc hosp,2021-02-27,06,quantile,0.025,196.8371
2021-02-22,6 day ahead inc hosp,2021-02-28,06,quantile,0.025,174.7521
2021-02-22,7 day ahead inc hosp,2021-03-01,06,quantile,0.025,153.8308
2021-02-22,8 day ahead inc hosp,2021-03-02,06,quantile,0.025,134.0401
2021-02-22,9 day ahead inc hosp,2021-03-03,06,quantile,0.025,115.3447
2021-02-22,10 day ahead inc hosp,2021-03-04,06,quantile,0.025,97.7074
2021-02-22,11 day ahead inc hosp,2021-03-05,06,quantile,0.025,81.0898
2021-02-22,12 day ahead inc hosp,2021-03-06,06,quantile,0.025,65.4527
2021-02-22,13 day ahead inc hosp,2021-03-07,06,quantile,0.025,50.7565
2021-02-22,14 day ahead inc hosp,2021-03-08,06,quantile,0.025,36.9615
2021-02-22,15 day ahead inc hosp,2021-03-09,06,quantile,0.025,24.0279
2021-02-22,16 day ahead inc hosp,2021-03-10,06,quantile,0.025,11.9163
2021-02-22,17 day ahead inc hosp,2021-03-11,06,quantile,0.025,0.5878
2021-02-22,18 day ahead inc hosp,2021-03-12,06,quantile,0.025,0
2021-02-22,19 day ahead inc hosp,2021-03-13,06,quantile,0.025,0
2021-02-22,20 day ahead inc hosp,2021-03-14,06,quantile,0.025,0
2021-02-22,21 day ahead inc hosp,2021-03-15,06,quantile,0.025,0
2021-02-22,22 day ahead inc hosp,2021-03-16,06,quantile,0.025,0
2021-02-22,23 day ahead inc hosp,2021-03-17,06,quantile,0.025,0
2021-02-22,24 day ahead inc hosp,2021-03-18,06,quantile,0.025,0
2021-02-22,25 day ahead inc hosp,2021-03-19,06,quantile,0.025,0
2021-02-22,26 day ahead inc hosp,2021-03-20,06,quantile,0.025,0
2021-02-22,27 day ahead inc hosp,2021-03-21,06,quantile,0.025,0
2021-02-22,28 day ahead inc hosp,2021-03-22,06,quantile,0.025,0
2021-02-22,1 day ahead inc hosp,2021-02-23,06,quantile,0.05,320.2966
2021-02-22,2 day ahead inc hosp,2021-02-24,06,quantile,0.05,293.2575
2021-02-22,3 day ahead inc hosp,2021-02-25,06,quantile,0.05,267.4662
2021-02-22,4 day ahead inc hosp,2021-02-26,06,quantile,0.05,242.9139
2021-02-22,5 day ahead inc hosp,2021-02-27,06,quantile,0.05,219.5823
2021-02-22,6 day ahead inc hosp,2021-02-28,06,quantile,0.05,197.4467
2021-02-22,7 day ahead inc hosp,2021-03-01,06,quantile,0.05,176.4773
2021-02-22,8 day ahead inc hosp,2021-03-02,06,quantile,0.05,156.6411
2021-02-22,9 day ahead inc hosp,2021-03-03,06,quantile,0.05,137.9027
2021-02-22,10 day ahead inc hosp,2021-03-04,06,quantile,0.05,120.2247
2021-02-22,11 day ahead inc hosp,2021-03-05,06,quantile,0.05,103.5687
2021-02-22,12 day ahead inc hosp,2021-03-06,06,quantile,0.05,87.8955
2021-02-22,13 day ahead inc hosp,2021-03-07,06,quantile,0.05,73.1654
2021-02-22,14 day ahead inc hosp,2021-03-08,06,quantile,0.05,59.3385
2021-02-22,15 day ahead inc hosp,2021-03-09,06,quantile,0.05,46.375
2021-02-22,16 day ahead inc hosp,2021-03-10,06,quantile,0.05,34.2355
2021-02-22,17 day ahead inc hosp,2021-03-11,06,quantile,0.05,22.8807
2021-02-22,18 day ahead inc hosp,2021-03-12,06,quantile,0.05,12.2724
2021-02-22,19 day ahead inc hosp,2021-03-13,06,quantile,0.05,2.3727
2021-02-22,20 day ahead inc hosp,2021-03-14,06,quantile,0.05,0
2021-02-22,21 day ahead inc hosp,2021-03-15,06,quantile,0.05,0
2021-02-22,22 day ahead inc hosp,2021-03-16,06,quantile,0.05,0
2021-02-22,23 day ahead inc hosp,2021-03-17,06,quantile,0.05,0
2021-02-22,24 day ahead inc hosp,2021-03-18,06,quantile,0.05,0
2021-02-22,25 day ahead inc hosp,2021-03-19,06,quantile,0.05,0
2021-02-22,26 day ahead inc hosp,2021-03-20,06,quantile,0.05,0
2021-02-22,27 day ahead inc hosp,2021-03-21,06,quantile,0.05,0
2021-02-22,28 day ahead inc hosp,2021-03-22,06,quantile,0.05,0
2021-02-22,1 day ahead inc hosp,2021-02-23,06,quantile,0.1,346.785
2021-02-22,2 day ahead inc hosp,2021-02-24,06,quantile,0.1,319.6751
2021-02-22,3 day ahead inc hosp,2021-02-25,06,quantile,0.1,293.816
2021-02-22,4 day ahead inc hosp,2021-02-26,06,quantile,0.1,269.1991
2021-02-22,5 day ahead inc hosp,2021-02-27,06,quantile,0.1,245.806
2021-02-22,6 day ahead inc hosp,2021-02-28,06,quantile,0.1,223.612
2021-02-22,7 day ahead inc hosp,2021-03-01,06,quantile,0.1,202.5872
2021-02-22,8 day ahead inc hosp,2021-03-02,06,quantile,0.1,182.6986
2021-02-22,9 day ahead inc hosp,2021-03-03,06,quantile,0.1,163.9105
2021-02-22,10 day ahead inc hosp,2021-03-04,06,quantile,0.1,146.1857
2021-02-22,11 day ahead inc hosp,2021-03-05,06,quantile,0.1,129.4855
2021-02-22,12 day ahead inc hosp,2021-03-06,06,quantile,0.1,113.7707
2021-02-22,13 day ahead inc hosp,2021-03-07,06,quantile,0.1,99.0015
2021-02-22,14 day ahead inc hosp,2021-03-08,06,quantile,0.1,85.1378
2021-02-22,15 day ahead inc hosp,2021-03-09,06,quantile,0.1,72.1399
2021-02-22,16 day ahead inc hosp,2021-03-10,06,quantile,0.1,59.968
2021-02-22,17 day ahead inc hosp,2021-03-11,06,quantile,0.1,48.583
2021-02-22,18 day ahead inc hosp,2021-03-12,06,quantile,0.1,37.9465
2021-02-22,19 day ahead inc hosp,2021-03-13,06,quantile,0.1,28.0204
2021-02-22,20 day ahead inc hosp,2021-03-14,06,quantile,0.1,18.7679
2021-02-22,21 day ahead inc hosp,2021-03-15,06,quantile,0.1,10.1529
2021-02-22,22 day ahead inc hosp,2021-03-16,06,quantile,0.1,2.1403
2021-02-22,23 day ahead inc hosp,2021-03-17,06,quantile,0.1,0
2021-02-22,24 day ahead inc hosp,2021-03-18,06,quantile,0.1,0
2021-02-22,25 day ahead inc hosp,2021-03-19,06,quantile,0.1,0
2021-02-22,26 day ahead inc hosp,2021-03-20,06,quantile,0.1,0
2021-02-22,27 day ahead inc hosp,2021-03-21,06,quantile,0.1,0
2021-02-22,28 day ahead inc hosp,2021-03-22,06,quantile,0.1,0
2021-02-22,1 day ahead inc hosp,2021-02-23,06,quantile,0.15,364.6566
2021-02-22,2 day ahead inc hosp,2021-02-24,06,quantile,0.15,337.4988
2021-02-22,3 day ahead inc hosp,2021-02-25,06,quantile,0.15,311.5941
2021-02-22,4 day ahead inc hosp,2021-02-26,06,quantile,0.15,286.9336
2021-02-22,5 day ahead inc hosp,2021-02-27,06,quantile,0.15,263.4991
2021-02-22,6 day ahead inc hosp,2021-02-28,06,quantile,0.15,241.2656
2021-02-22,7 day ahead inc hosp,2021-03-01,06,quantile,0.15,220.2034
2021-02-22,8 day ahead inc hosp,2021-03-02,06,quantile,0.15,200.2794
2021-02-22,9 day ahead inc hosp,2021-03-03,06,quantile,0.15,181.4579
2021-02-22,10 day ahead inc hosp,2021-03-04,06,quantile,0.15,163.7014
2021-02-22,11 day ahead inc hosp,2021-03-05,06,quantile,0.15,146.9715
2021-02-22,12 day ahead inc hosp,2021-03-06,06,quantile,0.15,131.2286
2021-02-22,13 day ahead inc hosp,2021-03-07,06,quantile,0.15,116.433
2021-02-22,14 day ahead inc hosp,2021-03-08,06,quantile,0.15,102.5445
2021-02-22,15 day ahead inc hosp,2021-03-09,06,quantile,0.15,89.5233
2021-02-22,16 day ahead inc hosp,2021-03-10,06,quantile,0.15,77.3296
2021-02-22,17 day ahead inc hosp,2021-03-11,06,quantile,0.15,65.9242
2021-02-22,18 day ahead inc hosp,2021-03-12,06,quantile,0.15,55.2686
2021-02-22,19 day ahead inc hosp,2021-03-13,06,quantile,0.15,45.3248
2021-02-22,20 day ahead inc hosp,2021-03-14,06,quantile,0.15,36.0557
2021-02-22,21 day ahead inc hosp,2021-03-15,06,quantile,0.15,27.4252
2021-02-22,22 day ahead inc hosp,2021-03-16,06,quantile,0.15,19.3983
2021-02-22,23 day ahead inc hosp,2021-03-17,06,quantile,0.15,11.9408
2021-02-22,24 day ahead inc hosp,2021-03-18,06,quantile,0.15,5.02
2021-02-22,25 day ahead inc hosp,2021-03-19,06,quantile,0.15,0
2021-02-22,26 day ahead inc hosp,2021-03-20,06,quantile,0.15,0
2021-02-22,27 day ahead inc hosp,2021-03-21,06,quantile,0.15,0
2021-02-22,28 day ahead inc hosp,2021-03-22,06,quantile,0.15,0
2021-02-22,1 day ahead inc hosp,2021-02-23,06,quantile,0.2,378.8604
2021-02-22,2 day ahead inc hosp,2021-02-24,06,quantile,0.2,351.6646
2021-02-22,3 day ahead inc hosp,2021-02-25,06,quantile,0.2,325.7235
2021-02-22,4 day ahead inc hosp,2021-02-26,06,quantile,0.2,301.0284
2021-02-22,5 day ahead inc hosp,2021-02-27,06,quantile,0.2,277.5609
2021-02-22,6 day ahead inc hosp,2021-02-28,06,quantile,0.2,255.2961
2021-02-22,7 day ahead inc hosp,2021-03-01,06,quantile,0.2,234.2043
2021-02-22,8 day ahead inc hosp,2021-03-02,06,quantile,0.2,214.2521
2021-02-22,9 day ahead inc hosp,2021-03-03,06,quantile,0.2,195.404
2021-02-22,10 day ahead inc hosp,2021-03-04,06,quantile,0.2,177.6224
2021-02-22,11 day ahead inc hosp,2021-03-05,06,quantile,0.2,160.8688
2021-02-22,12 day ahead inc hosp,2021-03-06,06,quantile,0.2,145.1036
2021-02-22,13 day ahead inc hosp,2021-03-07,06,quantile,0.2,130.2869
2021-02-22,14 day ahead inc hosp,2021-03-08,06,quantile,0.2,116.3788
2021-02-22,15 day ahead inc hosp,2021-03-09,06,quantile,0.2,103.339
2021-02-22,16 day ahead inc hosp,2021-03-10,06,quantile,0.2,91.128
2021-02-22,17 day ahead inc hosp,2021-03-11,06,quantile,0.2,79.7065
2021-02-22,18 day ahead inc hosp,2021-03-12,06,quantile,0.2,69.0357
2021-02-22,19 day ahead inc hosp,2021-03-13,06,quantile,0.2,59.0777
2021-02-22,20 day ahead inc hosp,2021-03-14,06,quantile,0.2,49.7955
2021-02-22,21 day ahead inc hosp,2021-03-15,06,quantile,0.2,41.1527
2021-02-22,22 day ahead inc hosp,2021-03-16,06,quantile,0.2,33.1144
2021-02-22,23 day ahead inc hosp,2021-03-17,06,quantile,0.2,25.6463
2021-02-22,24 day ahead inc hosp,2021-03-18,06,quantile,0.2,18.7156
2021-02-22,25 day ahead inc hosp,2021-03-19,06,quantile,0.2,12.2906
2021-02-22,26 day ahead inc hosp,2021-03-20,06,quantile,0.2,6.3406
2021-02-22,27 day ahead inc hosp,2021-03-21,06,quantile,0.2,0.8364
2021-02-22,28 day ahead inc hosp,2021-03-22,06,quantile,0.2,0
2021-02-22,1 day ahead inc hosp,2021-02-23,06,quantile,0.25,391.046
2021-02-22,2 day ahead inc hosp,2021-02-24,06,quantile,0.25,363.8176
2021-02-22,3 day ahead inc hosp,2021-02-25,06,quantile,0.25,337.8453
2021-02-22,4 day ahead inc hosp,2021-02-26,06,quantile,0.25,313.1205
2021-02-22,5 day ahead inc hosp,2021-02-27,06,quantile,0.25,289.6247
2021-02-22,6 day ahead inc hosp,2021-02-28,06,quantile,0.25,267.3331
2021-02-22,7 day ahead inc hosp,2021-03-01,06,quantile,0.25,246.2157
2021-02-22,8 day ahead inc hosp,2021-03-02,06,quantile,0.25,226.2394
2021-02-22,9 day ahead inc hosp,2021-03-03,06,quantile,0.25,207.3685
2021-02-22,10 day ahead inc hosp,2021-03-04,06,quantile,0.25,189.5654
2021-02-22,11 day ahead inc hosp,2021-03-05,06,quantile,0.25,172.7914
2021-02-22,12 day ahead inc hosp,2021-03-06,06,quantile,0.25,157.0071
2021-02-22,13 day ahead inc hosp,2021-03-07,06,quantile,0.25,142.1724
2021-02-22,14 day ahead inc hosp,2021-03-08,06,quantile,0.25,128.2473
2021-02-22,15 day ahead inc hosp,2021-03-09,06,quantile,0.25,115.1917
2021-02-22,16 day ahead inc hosp,2021-03-10,06,quantile,0.25,102.9659
2021-02-22,17 day ahead inc hosp,2021-03-11,06,quantile,0.25,91.5304
2021-02-22,18 day ahead inc hosp,2021-03-12,06,quantile,0.25,80.8467
2021-02-22,19 day ahead inc hosp,2021-03-13,06,quantile,0.25,70.8766
2021-02-22,20 day ahead inc hosp,2021-03-14,06,quantile,0.25,61.583
2021-02-22,21 day ahead inc hosp,2021-03-15,06,quantile,0.25,52.9297
2021-02-22,22 day ahead inc hosp,2021-03-16,06,quantile,0.25,44.8815
2021-02-22,23 day ahead inc hosp,2021-03-17,06,quantile,0.25,37.4044
2021-02-22,24 day ahead inc hosp,2021-03-18,06,quantile,0.25,30.4652
2021-02-22,25 day ahead inc hosp,2021-03-19,06,quantile,0.25,24.0324
2021-02-22,26 day ahead inc hosp,2021-03-20,06,quantile,0.25,18.0751
2021-02-22,27 day ahead inc hosp,2021-03-21,06,quantile,0.25,12.5642
2021-02-22,28 day ahead inc hosp,2021-03-22,06,quantile,0.25,7.4715
2021-02-22,1 day ahead inc hosp,2021-02-23,06,quantile,0.3,401.989
2021-02-22,2 day ahead inc hosp,2021-02-24,06,quantile,0.3,374.7313
2021-02-22,3 day ahead inc hosp,2021-02-25,06,quantile,0.3,348.7311
2021-02-22,4 day ahead inc hosp,2021-02-26,06,quantile,0.3,323.9796
2021-02-22,5 day ahead inc hosp,2021-02-27,06,quantile,0.3,300.4584
2021-02-22,6 day ahead inc hosp,2021-02-28,06,quantile,0.3,278.1426
2021-02-22,7 day ahead inc hosp,2021-03-01,06,quantile,0.3,257.0024
2021-02-22,8 day ahead inc hosp,2021-03-02,06,quantile,0.3,237.0044
2021-02-22,9 day ahead inc hosp,2021-03-03,06,quantile,0.3,218.113
2021-02-22,10 day ahead inc hosp,2021-03-04,06,quantile,0.3,200.2905
2021-02-22,11 day ahead inc hosp,2021-03-05,06,quantile,0.3,183.4983
2021-02-22,12 day ahead inc hosp,2021-03-06,06,quantile,0.3,167.6967
2021-02-22,13 day ahead inc hosp,2021-03-07,06,quantile,0.3,152.8459
2021-02-22,14 day ahead inc hosp,2021-03-08,06,quantile,0.3,138.9057
2021-02-22,15 day ahead inc hosp,2021-03-09,06,quantile,0.3,125.8358
2021-02-22,16 day ahead inc hosp,2021-03-10,06,quantile,0.3,113.5966
2021-02-22,17 day ahead inc hosp,2021-03-11,06,quantile,0.3,102.1487
2021-02-22,18 day ahead inc hosp,2021-03-12,06,quantile,0.3,91.4533
2021-02-22,19 day ahead inc hosp,2021-03-13,06,quantile,0.3,81.4723
2021-02-22,20 day ahead inc hosp,2021-03-14,06,quantile,0.3,72.1685
2021-02-22,21 day ahead inc hosp,2021-03-15,06,quantile,0.3,63.5058
2021-02-22,22 day ahead inc hosp,2021-03-16,06,quantile,0.3,55.4488
2021-02-22,23 day ahead inc hosp,2021-03-17,06,quantile,0.3,47.9635
2021-02-22,24 day ahead inc hosp,2021-03-18,06,quantile,0.3,41.0168
2021-02-22,25 day ahead inc hosp,2021-03-19,06,quantile,0.3,34.5768
2021-02-22,26 day ahead inc hosp,2021-03-20,06,quantile,0.3,28.6131
2021-02-22,27 day ahead inc hosp,2021-03-21,06,quantile,0.3,23.0961
2021-02-22,28 day ahead inc hosp,2021-03-22,06,quantile,0.3,17.9978
2021-02-22,1 day ahead inc hosp,2021-02-23,06,quantile,0.35,412.1293
2021-02-22,2 day ahead inc hosp,2021-02-24,06,quantile,0.35,384.8445
2021-02-22,3 day ahead inc hosp,2021-02-25,06,quantile,0.35,358.8184
2021-02-22,4 day ahead inc hosp,2021-02-26,06,quantile,0.35,334.0421
2021-02-22,5 day ahead inc hosp,2021-02-27,06,quantile,0.35,310.4974
2021-02-22,6 day ahead inc hosp,2021-02-28,06,quantile,0.35,288.1593
2021-02-22,7 day ahead inc hosp,2021-03-01,06,quantile,0.35,266.9979
2021-02-22,8 day ahead inc hosp,2021-03-02,06,quantile,0.35,246.9798
2021-02-22,9 day ahead inc hosp,2021-03-03,06,quantile,0.35,228.0693
2021-02-22,10 day ahead inc hosp,2021-03-04,06,quantile,0.35,210.2289
2021-02-22,11 day ahead inc hosp,2021-03-05,06,quantile,0.35,193.4198
2021-02-22,12 day ahead inc hosp,2021-03-06,06,quantile,0.35,177.6023
2021-02-22,13 day ahead inc hosp,2021-03-07,06,quantile,0.35,162.7366
2021-02-22,14 day ahead inc hosp,2021-03-08,06,quantile,0.35,148.7822
2021-02-22,15 day ahead inc hosp,2021-03-09,06,quantile,0.35,135.6992
2021-02-22,16 day ahead inc hosp,2021-03-10,06,quantile,0.35,123.4476
2021-02-22,17 day ahead inc hosp,2021-03-11,06,quantile,0.35,111.9881
2021-02-22,18 day ahead inc hosp,2021-03-12,06,quantile,0.35,101.2818
2021-02-22,19 day ahead inc hosp,2021-03-13,06,quantile,0.35,91.2908
2021-02-22,20 day ahead inc hosp,2021-03-14,06,quantile,0.35,81.9776
2021-02-22,21 day ahead inc hosp,2021-03-15,06,quantile,0.35,73.3061
2021-02-22,22 day ahead inc hosp,2021-03-16,06,quantile,0.35,65.241
2021-02-22,23 day ahead inc hosp,2021-03-17,06,quantile,0.35,57.7481
2021-02-22,24 day ahead inc hosp,2021-03-18,06,quantile,0.35,50.7943
2021-02-22,25 day ahead inc hosp,2021-03-19,06,quantile,0.35,44.3479
2021-02-22,26 day ahead inc hosp,2021-03-20,06,quantile,0.35,38.3781
2021-02-22,27 day ahead inc hosp,2021-03-21,06,quantile,0.35,32.8556
2021-02-22,28 day ahead inc hosp,2021-03-22,06,quantile,0.35,27.7521
2021-02-22,1 day ahead inc hosp,2021-02-23,06,quantile,0.4,421.7515
2021-02-22,2 day ahead inc hosp,2021-02-24,06,quantile,0.4,394.441
2021-02-22,3 day ahead inc hosp,2021-02-25,06,quantile,0.4,368.3902
2021-02-22,4 day ahead inc hosp,2021-02-26,06,quantile,0.4,343.5905
2021-02-22,5 day ahead inc hosp,2021-02-27,06,quantile,0.4,320.0235
2021-02-22,6 day ahead inc hosp,2021-02-28,06,quantile,0.4,297.6641
2021-02-22,7 day ahead inc hosp,2021-03-01,06,quantile,0.4,276.4826
2021-02-22,8 day ahead inc hosp,2021-03-02,06,quantile,0.4,256.4455
2021-02-22,9 day ahead inc hosp,2021-03-03,06,quantile,0.4,237.517
2021-02-22,10 day ahead inc hosp,2021-03-04,06,quantile,0.4,219.6595
2021-02-22,11 day ahead inc hosp,2021-03-05,06,quantile,0.4,202.8343
2021-02-22,12 day ahead inc hosp,2021-03-06,06,quantile,0.4,187.0018
2021-02-22,13 day ahead inc hosp,2021-03-07,06,quantile,0.4,172.1218
2021-02-22,14 day ahead inc hosp,2021-03-08,06,quantile,0.4,158.1541
2021-02-22,15 day ahead inc hosp,2021-03-09,06,quantile,0.4,145.0585
2021-02-22,16 day ahead inc hosp,2021-03-10,06,quantile,0.4,132.7952
2021-02-22,17 day ahead inc hosp,2021-03-11,06,quantile,0.4,121.32470000000001
2021-02-22,18 day ahead inc hosp,2021-03-12,06,quantile,0.4,110.6082
2021-02-22,19 day ahead inc hosp,2021-03-13,06,quantile,0.4,100.6075
2021-02-22,20 day ahead inc hosp,2021-03-14,06,quantile,0.4,91.2855
2021-02-22,21 day ahead inc hosp,2021-03-15,06,quantile,0.4,82.6056
2021-02-22,22 day ahead inc hosp,2021-03-16,06,quantile,0.4,74.5328
2021-02-22,23 day ahead inc hosp,2021-03-17,06,quantile,0.4,67.0327
2021-02-22,24 day ahead inc hosp,2021-03-18,06,quantile,0.4,60.0723
2021-02-22,25 day ahead inc hosp,2021-03-19,06,quantile,0.4,53.6197
2021-02-22,26 day ahead inc hosp,2021-03-20,06,quantile,0.4,47.6441
2021-02-22,27 day ahead inc hosp,2021-03-21,06,quantile,0.4,42.1163
2021-02-22,28 day ahead inc hosp,2021-03-22,06,quantile,0.4,37.0079
2021-02-22,1 day ahead inc hosp,2021-02-23,06,quantile,0.45,431.0611
2021-02-22,2 day ahead inc hosp,2021-02-24,06,quantile,0.45,403.7256
2021-02-22,3 day ahead inc hosp,2021-02-25,06,quantile,0.45,377.6511
2021-02-22,4 day ahead inc hosp,2021-02-26,06,quantile,0.45,352.8287
2021-02-22,5 day ahead inc hosp,2021-02-27,06,quantile,0.45,329.2401
2021-02-22,6 day ahead inc hosp,2021-02-28,06,quantile,0.45,306.8602
2021-02-22,7 day ahead inc hosp,2021-03-01,06,quantile,0.45,285.6591
2021-02-22,8 day ahead inc hosp,2021-03-02,06,quantile,0.45,265.6036
2021-02-22,9 day ahead inc hosp,2021-03-03,06,quantile,0.45,246.6577
2021-02-22,10 day ahead inc hosp,2021-03-04,06,quantile,0.45,228.7838
2021-02-22,11 day ahead inc hosp,2021-03-05,06,quantile,0.45,211.943
2021-02-22,12 day ahead inc hosp,2021-03-06,06,quantile,0.45,196.0959
2021-02-22,13 day ahead inc hosp,2021-03-07,06,quantile,0.45,181.2021
2021-02-22,14 day ahead inc hosp,2021-03-08,06,quantile,0.45,167.2215
2021-02-22,15 day ahead inc hosp,2021-03-09,06,quantile,0.45,154.1138
2021-02-22,16 day ahead inc hosp,2021-03-10,06,quantile,0.45,141.8392
2021-02-22,17 day ahead inc hosp,2021-03-11,06,quantile,0.45,130.358
2021-02-22,18 day ahead inc hosp,2021-03-12,06,quantile,0.45,119.6316
2021-02-22,19 day ahead inc hosp,2021-03-13,06,quantile,0.45,109.6217
2021-02-22,20 day ahead inc hosp,2021-03-14,06,quantile,0.45,100.2909
2021-02-22,21 day ahead inc hosp,2021-03-15,06,quantile,0.45,91.6031
2021-02-22,22 day ahead inc hosp,2021-03-16,06,quantile,0.45,83.5227
2021-02-22,23 day ahead inc hosp,2021-03-17,06,quantile,0.45,76.0157
2021-02-22,24 day ahead inc hosp,2021-03-18,06,quantile,0.45,69.0488
2021-02-22,25 day ahead inc hosp,2021-03-19,06,quantile,0.45,62.5902
2021-02-22,26 day ahead inc hosp,2021-03-20,06,quantile,0.45,56.6091
2021-02-22,27 day ahead inc hosp,2021-03-21,06,quantile,0.45,51.0762
2021-02-22,28 day ahead inc hosp,2021-03-22,06,quantile,0.45,45.9631
2021-02-22,1 day ahead inc hosp,2021-02-23,06,quantile,0.5,440.2231
2021-02-22,2 day ahead inc hosp,2021-02-24,06,quantile,0.5,412.8631
2021-02-22,3 day ahead inc hosp,2021-02-25,06,quantile,0.5,386.7651
2021-02-22,4 day ahead inc hosp,2021-02-26,06,quantile,0.5,361.9204
2021-02-22,5 day ahead inc hosp,2021-02-27,06,quantile,0.5,338.3105
2021-02-22,6 day ahead inc hosp,2021-02-28,06,quantile,0.5,315.9104
2021-02-22,7 day ahead inc hosp,2021-03-01,06,quantile,0.5,294.6902
2021-02-22,8 day ahead inc hosp,2021-03-02,06,quantile,0.5,274.6165
2021-02-22,9 day ahead inc hosp,2021-03-03,06,quantile,0.5,255.6534
2021-02-22,10 day ahead inc hosp,2021-03-04,06,quantile,0.5,237.7633
2021-02-22,11 day ahead inc hosp,2021-03-05,06,quantile,0.5,220.9073
2021-02-22,12 day ahead inc hosp,2021-03-06,06,quantile,0.5,205.0457
2021-02-22,13 day ahead inc hosp,2021-03-07,06,quantile,0.5,190.1384
2021-02-22,14 day ahead inc hosp,2021-03-08,06,quantile,0.5,176.1451
2021-02-22,15 day ahead inc hosp,2021-03-09,06,quantile,0.5,163.0255
2021-02-22,16 day ahead inc hosp,2021-03-10,06,quantile,0.5,150.7397
2021-02-22,17 day ahead inc hosp,2021-03-11,06,quantile,0.5,139.2481
2021-02-22,18 day ahead inc hosp,2021-03-12,06,quantile,0.5,128.5119
2021-02-22,19 day ahead inc hosp,2021-03-13,06,quantile,0.5,118.4928
2021-02-22,20 day ahead inc hosp,2021-03-14,06,quantile,0.5,109.1536
2021-02-22,21 day ahead inc hosp,2021-03-15,06,quantile,0.5,100.4578
2021-02-22,22 day ahead inc hosp,2021-03-16,06,quantile,0.5,92.3701
2021-02-22,23 day ahead inc hosp,2021-03-17,06,quantile,0.5,84.8562
2021-02-22,24 day ahead inc hosp,2021-03-18,06,quantile,0.5,77.883
2021-02-22,25 day ahead inc hosp,2021-03-19,06,quantile,0.5,71.4185
2021-02-22,26 day ahead inc hosp,2021-03-20,06,quantile,0.5,65.432
2021-02-22,27 day ahead inc hosp,2021-03-21,06,quantile,0.5,59.894
2021-02-22,28 day ahead inc hosp,2021-03-22,06,quantile,0.5,54.7762
2021-02-22,1 day ahead inc hosp,2021-02-23,06,quantile,0.55,449.3851
2021-02-22,2 day ahead inc hosp,2021-02-24,06,quantile,0.55,422.0006
2021-02-22,3 day ahead inc hosp,2021-02-25,06,quantile,0.55,395.8792
2021-02-22,4 day ahead inc hosp,2021-02-26,06,quantile,0.55,371.0121
2021-02-22,5 day ahead inc hosp,2021-02-27,06,quantile,0.55,347.3809
2021-02-22,6 day ahead inc hosp,2021-02-28,06,quantile,0.55,324.9607
2021-02-22,7 day ahead inc hosp,2021-03-01,06,quantile,0.55,303.7213
2021-02-22,8 day ahead inc hosp,2021-03-02,06,quantile,0.55,283.6294
2021-02-22,9 day ahead inc hosp,2021-03-03,06,quantile,0.55,264.6492
2021-02-22,10 day ahead inc hosp,2021-03-04,06,quantile,0.55,246.7429
2021-02-22,11 day ahead inc hosp,2021-03-05,06,quantile,0.55,229.8716
2021-02-22,12 day ahead inc hosp,2021-03-06,06,quantile,0.55,213.9956
2021-02-22,13 day ahead inc hosp,2021-03-07,06,quantile,0.55,199.0748
2021-02-22,14 day ahead inc hosp,2021-03-08,06,quantile,0.55,185.0688
2021-02-22,15 day ahead inc hosp,2021-03-09,06,quantile,0.55,171.9372
2021-02-22,16 day ahead inc hosp,2021-03-10,06,quantile,0.55,159.6402
2021-02-22,17 day ahead inc hosp,2021-03-11,06,quantile,0.55,148.1382
2021-02-22,18 day ahead inc hosp,2021-03-12,06,quantile,0.55,137.3922
2021-02-22,19 day ahead inc hosp,2021-03-13,06,quantile,0.55,127.364
2021-02-22,20 day ahead inc hosp,2021-03-14,06,quantile,0.55,118.0163
2021-02-22,21 day ahead inc hosp,2021-03-15,06,quantile,0.55,109.3126
2021-02-22,22 day ahead inc hosp,2021-03-16,06,quantile,0.55,101.2175
2021-02-22,23 day ahead inc hosp,2021-03-17,06,quantile,0.55,93.6968
2021-02-22,24 day ahead inc hosp,2021-03-18,06,quantile,0.55,86.7172
2021-02-22,25 day ahead inc hosp,2021-03-19,06,quantile,0.55,80.2468
2021-02-22,26 day ahead inc hosp,2021-03-20,06,quantile,0.55,74.2549
2021-02-22,27 day ahead inc hosp,2021-03-21,06,quantile,0.55,68.7118
2021-02-22,28 day ahead inc hosp,2021-03-22,06,quantile,0.55,63.5894
2021-02-22,1 day ahead inc hosp,2021-02-23,06,quantile,0.6,458.6947
2021-02-22,2 day ahead inc hosp,2021-02-24,06,quantile,0.6,431.2853
2021-02-22,3 day ahead inc hosp,2021-02-25,06,quantile,0.6,405.14
2021-02-22,4 day ahead inc hosp,2021-02-26,06,quantile,0.6,380.2502
2021-02-22,5 day ahead inc hosp,2021-02-27,06,quantile,0.6,356.5975
2021-02-22,6 day ahead inc hosp,2021-02-28,06,quantile,0.6,334.1567
2021-02-22,7 day ahead inc hosp,2021-03-01,06,quantile,0.6,312.8979
2021-02-22,8 day ahead inc hosp,2021-03-02,06,quantile,0.6,292.7876
2021-02-22,9 day ahead inc hosp,2021-03-03,06,quantile,0.6,273.7899
2021-02-22,10 day ahead inc hosp,2021-03-04,06,quantile,0.6,255.8671
2021-02-22,11 day ahead inc hosp,2021-03-05,06,quantile,0.6,238.9803
2021-02-22,12 day ahead inc hosp,2021-03-06,06,quantile,0.6,223.0897
2021-02-22,13 day ahead inc hosp,2021-03-07,06,quantile,0.6,208.1551
2021-02-22,14 day ahead inc hosp,2021-03-08,06,quantile,0.6,194.1361
2021-02-22,15 day ahead inc hosp,2021-03-09,06,quantile,0.6,180.9925
2021-02-22,16 day ahead inc hosp,2021-03-10,06,quantile,0.6,168.6842
2021-02-22,17 day ahead inc hosp,2021-03-11,06,quantile,0.6,157.1715
2021-02-22,18 day ahead inc hosp,2021-03-12,06,quantile,0.6,146.4156
2021-02-22,19 day ahead inc hosp,2021-03-13,06,quantile,0.6,136.3781
2021-02-22,20 day ahead inc hosp,2021-03-14,06,quantile,0.6,127.0218
2021-02-22,21 day ahead inc hosp,2021-03-15,06,quantile,0.6,118.31
2021-02-22,22 day ahead inc hosp,2021-03-16,06,quantile,0.6,110.2075
2021-02-22,23 day ahead inc hosp,2021-03-17,06,quantile,0.6,102.6798
2021-02-22,24 day ahead inc hosp,2021-03-18,06,quantile,0.6,95.6937
2021-02-22,25 day ahead inc hosp,2021-03-19,06,quantile,0.6,89.2174
2021-02-22,26 day ahead inc hosp,2021-03-20,06,quantile,0.6,83.2199
2021-02-22,27 day ahead inc hosp,2021-03-21,06,quantile,0.6,77.6717
2021-02-22,28 day ahead inc hosp,2021-03-22,06,quantile,0.6,72.5445
2021-02-22,1 day ahead inc hosp,2021-02-23,06,quantile,0.65,468.3168
2021-02-22,2 day ahead inc hosp,2021-02-24,06,quantile,0.65,440.8817
2021-02-22,3 day ahead inc hosp,2021-02-25,06,quantile,0.65,414.7119
2021-02-22,4 day ahead inc hosp,2021-02-26,06,quantile,0.65,389.7986
2021-02-22,5 day ahead inc hosp,2021-02-27,06,quantile,0.65,366.1235
2021-02-22,6 day ahead inc hosp,2021-02-28,06,quantile,0.65,343.6615
2021-02-22,7 day ahead inc hosp,2021-03-01,06,quantile,0.65,322.3826
2021-02-22,8 day ahead inc hosp,2021-03-02,06,quantile,0.65,302.2532
2021-02-22,9 day ahead inc hosp,2021-03-03,06,quantile,0.65,283.2375
2021-02-22,10 day ahead inc hosp,2021-03-04,06,quantile,0.65,265.2977
2021-02-22,11 day ahead inc hosp,2021-03-05,06,quantile,0.65,248.3948
2021-02-22,12 day ahead inc hosp,2021-03-06,06,quantile,0.65,232.4891
2021-02-22,13 day ahead inc hosp,2021-03-07,06,quantile,0.65,217.5403
2021-02-22,14 day ahead inc hosp,2021-03-08,06,quantile,0.65,203.508
2021-02-22,15 day ahead inc hosp,2021-03-09,06,quantile,0.65,190.3519
2021-02-22,16 day ahead inc hosp,2021-03-10,06,quantile,0.65,178.0318
2021-02-22,17 day ahead inc hosp,2021-03-11,06,quantile,0.65,166.5081
2021-02-22,18 day ahead inc hosp,2021-03-12,06,quantile,0.65,155.742
2021-02-22,19 day ahead inc hosp,2021-03-13,06,quantile,0.65,145.6949
2021-02-22,20 day ahead inc hosp,2021-03-14,06,quantile,0.65,136.3296
2021-02-22,21 day ahead inc hosp,2021-03-15,06,quantile,0.65,127.6096
2021-02-22,22 day ahead inc hosp,2021-03-16,06,quantile,0.65,119.4993
2021-02-22,23 day ahead inc hosp,2021-03-17,06,quantile,0.65,111.9644
2021-02-22,24 day ahead inc hosp,2021-03-18,06,quantile,0.65,104.9717
2021-02-22,25 day ahead inc hosp,2021-03-19,06,quantile,0.65,98.4891
2021-02-22,26 day ahead inc hosp,2021-03-20,06,quantile,0.65,92.4859
2021-02-22,27 day ahead inc hosp,2021-03-21,06,quantile,0.65,86.9324
2021-02-22,28 day ahead inc hosp,2021-03-22,06,quantile,0.65,81.8004
2021-02-22,1 day ahead inc hosp,2021-02-23,06,quantile,0.7,478.4572
2021-02-22,2 day ahead inc hosp,2021-02-24,06,quantile,0.7,450.9949
2021-02-22,3 day ahead inc hosp,2021-02-25,06,quantile,0.7,424.7992
2021-02-22,4 day ahead inc hosp,2021-02-26,06,quantile,0.7,399.8612
2021-02-22,5 day ahead inc hosp,2021-02-27,06,quantile,0.7,376.1626
2021-02-22,6 day ahead inc hosp,2021-02-28,06,quantile,0.7,353.6782
2021-02-22,7 day ahead inc hosp,2021-03-01,06,quantile,0.7,332.378
2021-02-22,8 day ahead inc hosp,2021-03-02,06,quantile,0.7,312.2286
2021-02-22,9 day ahead inc hosp,2021-03-03,06,quantile,0.7,293.1939
2021-02-22,10 day ahead inc hosp,2021-03-04,06,quantile,0.7,275.2361
2021-02-22,11 day ahead inc hosp,2021-03-05,06,quantile,0.7,258.3164
2021-02-22,12 day ahead inc hosp,2021-03-06,06,quantile,0.7,242.3947
2021-02-22,13 day ahead inc hosp,2021-03-07,06,quantile,0.7,227.4309
2021-02-22,14 day ahead inc hosp,2021-03-08,06,quantile,0.7,213.3846
2021-02-22,15 day ahead inc hosp,2021-03-09,06,quantile,0.7,200.2152
2021-02-22,16 day ahead inc hosp,2021-03-10,06,quantile,0.7,187.8828
2021-02-22,17 day ahead inc hosp,2021-03-11,06,quantile,0.7,176.3476
2021-02-22,18 day ahead inc hosp,2021-03-12,06,quantile,0.7,165.5706
2021-02-22,19 day ahead inc hosp,2021-03-13,06,quantile,0.7,155.5134
2021-02-22,20 day ahead inc hosp,2021-03-14,06,quantile,0.7,146.1387
2021-02-22,21 day ahead inc hosp,2021-03-15,06,quantile,0.7,137.4099
2021-02-22,22 day ahead inc hosp,2021-03-16,06,quantile,0.7,129.2914
2021-02-22,23 day ahead inc hosp,2021-03-17,06,quantile,0.7,121.749
2021-02-22,24 day ahead inc hosp,2021-03-18,06,quantile,0.7,114.7492
2021-02-22,25 day ahead inc hosp,2021-03-19,06,quantile,0.7,108.2602
2021-02-22,26 day ahead inc hosp,2021-03-20,06,quantile,0.7,102.2509
2021-02-22,27 day ahead inc hosp,2021-03-21,06,quantile,0.7,96.6918
2021-02-22,28 day ahead inc hosp,2021-03-22,06,quantile,0.7,91.5546
2021-02-22,1 day ahead inc hosp,2021-02-23,06,quantile,0.75,489.4002
2021-02-22,2 day ahead inc hosp,2021-02-24,06,quantile,0.75,461.9087
2021-02-22,3 day ahead inc hosp,2021-02-25,06,quantile,0.75,435.6849
2021-02-22,4 day ahead inc hosp,2021-02-26,06,quantile,0.75,410.7202
2021-02-22,5 day ahead inc hosp,2021-02-27,06,quantile,0.75,386.9963
2021-02-22,6 day ahead inc hosp,2021-02-28,06,quantile,0.75,364.4877
2021-02-22,7 day ahead inc hosp,2021-03-01,06,quantile,0.75,343.1647
2021-02-22,8 day ahead inc hosp,2021-03-02,06,quantile,0.75,322.9936
2021-02-22,9 day ahead inc hosp,2021-03-03,06,quantile,0.75,303.9384
2021-02-22,10 day ahead inc hosp,2021-03-04,06,quantile,0.75,285.9613
2021-02-22,11 day ahead inc hosp,2021-03-05,06,quantile,0.75,269.0233
2021-02-22,12 day ahead inc hosp,2021-03-06,06,quantile,0.75,253.0844
2021-02-22,13 day ahead inc hosp,2021-03-07,06,quantile,0.75,238.1045
2021-02-22,14 day ahead inc hosp,2021-03-08,06,quantile,0.75,224.0429
2021-02-22,15 day ahead inc hosp,2021-03-09,06,quantile,0.75,210.8593
2021-02-22,16 day ahead inc hosp,2021-03-10,06,quantile,0.75,198.5135
2021-02-22,17 day ahead inc hosp,2021-03-11,06,quantile,0.75,186.9658
2021-02-22,18 day ahead inc hosp,2021-03-12,06,quantile,0.75,176.1771
2021-02-22,19 day ahead inc hosp,2021-03-13,06,quantile,0.75,166.1091
2021-02-22,20 day ahead inc hosp,2021-03-14,06,quantile,0.75,156.7243
2021-02-22,21 day ahead inc hosp,2021-03-15,06,quantile,0.75,147.986
2021-02-22,22 day ahead inc hosp,2021-03-16,06,quantile,0.75,139.8587
2021-02-22,23 day ahead inc hosp,2021-03-17,06,quantile,0.75,132.3081
2021-02-22,24 day ahead inc hosp,2021-03-18,06,quantile,0.75,125.3008
2021-02-22,25 day ahead inc hosp,2021-03-19,06,quantile,0.75,118.8047
2021-02-22,26 day ahead inc hosp,2021-03-20,06,quantile,0.75,112.7889
2021-02-22,27 day ahead inc hosp,2021-03-21,06,quantile,0.75,107.2238
2021-02-22,28 day ahead inc hosp,2021-03-22,06,quantile,0.75,102.081
2021-02-22,1 day ahead inc hosp,2021-02-23,06,quantile,0.8,501.5858
2021-02-22,2 day ahead inc hosp,2021-02-24,06,quantile,0.8,474.0616
2021-02-22,3 day ahead inc hosp,2021-02-25,06,quantile,0.8,447.8067
2021-02-22,4 day ahead inc hosp,2021-02-26,06,quantile,0.8,422.8123
2021-02-22,5 day ahead inc hosp,2021-02-27,06,quantile,0.8,399.0601
2021-02-22,6 day ahead inc hosp,2021-02-28,06,quantile,0.8,376.5247
2021-02-22,7 day ahead inc hosp,2021-03-01,06,quantile,0.8,355.1762
2021-02-22,8 day ahead inc hosp,2021-03-02,06,quantile,0.8,334.9809
2021-02-22,9 day ahead inc hosp,2021-03-03,06,quantile,0.8,315.9029
2021-02-22,10 day ahead inc hosp,2021-03-04,06,quantile,0.8,297.9042
2021-02-22,11 day ahead inc hosp,2021-03-05,06,quantile,0.8,280.9459
2021-02-22,12 day ahead inc hosp,2021-03-06,06,quantile,0.8,264.9879
2021-02-22,13 day ahead inc hosp,2021-03-07,06,quantile,0.8,249.99
2021-02-22,14 day ahead inc hosp,2021-03-08,06,quantile,0.8,235.9115
2021-02-22,15 day ahead inc hosp,2021-03-09,06,quantile,0.8,222.712
2021-02-22,16 day ahead inc hosp,2021-03-10,06,quantile,0.8,210.3514
2021-02-22,17 day ahead inc hosp,2021-03-11,06,quantile,0.8,198.7898
2021-02-22,18 day ahead inc hosp,2021-03-12,06,quantile,0.8,187.9881
2021-02-22,19 day ahead inc hosp,2021-03-13,06,quantile,0.8,177.9079
2021-02-22,20 day ahead inc hosp,2021-03-14,06,quantile,0.8,168.5118
2021-02-22,21 day ahead inc hosp,2021-03-15,06,quantile,0.8,159.7629
2021-02-22,22 day ahead inc hosp,2021-03-16,06,quantile,0.8,151.6259
2021-02-22,23 day ahead inc hosp,2021-03-17,06,quantile,0.8,144.0662
2021-02-22,24 day ahead inc hosp,2021-03-18,06,quantile,0.8,137.0504
2021-02-22,25 day ahead inc hosp,2021-03-19,06,quantile,0.8,130.5464
2021-02-22,26 day ahead inc hosp,2021-03-20,06,quantile,0.8,124.5234
2021-02-22,27 day ahead inc hosp,2021-03-21,06,quantile,0.8,118.9516
2021-02-22,28 day ahead inc hosp,2021-03-22,06,quantile,0.8,113.8026
2021-02-22,1 day ahead inc hosp,2021-02-23,06,quantile,0.85,515.7896
2021-02-22,2 day ahead inc hosp,2021-02-24,06,quantile,0.85,488.2274
2021-02-22,3 day ahead inc hosp,2021-02-25,06,quantile,0.85,461.9362
2021-02-22,4 day ahead inc hosp,2021-02-26,06,quantile,0.85,436.9072
2021-02-22,5 day ahead inc hosp,2021-02-27,06,quantile,0.85,413.1219
2021-02-22,6 day ahead inc hosp,2021-02-28,06,quantile,0.85,390.5552
2021-02-22,7 day ahead inc hosp,2021-03-01,06,quantile,0.85,369.177
2021-02-22,8 day ahead inc hosp,2021-03-02,06,quantile,0.85,348.9536
2021-02-22,9 day ahead inc hosp,2021-03-03,06,quantile,0.85,329.849
2021-02-22,10 day ahead inc hosp,2021-03-04,06,quantile,0.85,311.8252
2021-02-22,11 day ahead inc hosp,2021-03-05,06,quantile,0.85,294.8432
2021-02-22,12 day ahead inc hosp,2021-03-06,06,quantile,0.85,278.8629
2021-02-22,13 day ahead inc hosp,2021-03-07,06,quantile,0.85,263.8439
2021-02-22,14 day ahead inc hosp,2021-03-08,06,quantile,0.85,249.7457
2021-02-22,15 day ahead inc hosp,2021-03-09,06,quantile,0.85,236.5278
2021-02-22,16 day ahead inc hosp,2021-03-10,06,quantile,0.85,224.1498
2021-02-22,17 day ahead inc hosp,2021-03-11,06,quantile,0.85,212.572
2021-02-22,18 day ahead inc hosp,2021-03-12,06,quantile,0.85,201.7552
2021-02-22,19 day ahead inc hosp,2021-03-13,06,quantile,0.85,191.6609
2021-02-22,20 day ahead inc hosp,2021-03-14,06,quantile,0.85,182.2515
2021-02-22,21 day ahead inc hosp,2021-03-15,06,quantile,0.85,173.4904
2021-02-22,22 day ahead inc hosp,2021-03-16,06,quantile,0.85,165.342
2021-02-22,23 day ahead inc hosp,2021-03-17,06,quantile,0.85,157.7716
2021-02-22,24 day ahead inc hosp,2021-03-18,06,quantile,0.85,150.746
2021-02-22,25 day ahead inc hosp,2021-03-19,06,quantile,0.85,144.2329
2021-02-22,26 day ahead inc hosp,2021-03-20,06,quantile,0.85,138.2015
2021-02-22,27 day ahead inc hosp,2021-03-21,06,quantile,0.85,132.6218
2021-02-22,28 day ahead inc hosp,2021-03-22,06,quantile,0.85,127.4656
2021-02-22,1 day ahead inc hosp,2021-02-23,06,quantile,0.9,533.6612
2021-02-22,2 day ahead inc hosp,2021-02-24,06,quantile,0.9,506.0512
2021-02-22,3 day ahead inc hosp,2021-02-25,06,quantile,0.9,479.7143
2021-02-22,4 day ahead inc hosp,2021-02-26,06,quantile,0.9,454.6417
2021-02-22,5 day ahead inc hosp,2021-02-27,06,quantile,0.9,430.815
2021-02-22,6 day ahead inc hosp,2021-02-28,06,quantile,0.9,408.2089
2021-02-22,7 day ahead inc hosp,2021-03-01,06,quantile,0.9,386.7932
2021-02-22,8 day ahead inc hosp,2021-03-02,06,quantile,0.9,366.5344
2021-02-22,9 day ahead inc hosp,2021-03-03,06,quantile,0.9,347.3963
2021-02-22,10 day ahead inc hosp,2021-03-04,06,quantile,0.9,329.341
2021-02-22,11 day ahead inc hosp,2021-03-05,06,quantile,0.9,312.3291
2021-02-22,12 day ahead inc hosp,2021-03-06,06,quantile,0.9,296.3207
2021-02-22,13 day ahead inc hosp,2021-03-07,06,quantile,0.9,281.2754
2021-02-22,14 day ahead inc hosp,2021-03-08,06,quantile,0.9,267.1524
2021-02-22,15 day ahead inc hosp,2021-03-09,06,quantile,0.9,253.9112
2021-02-22,16 day ahead inc hosp,2021-03-10,06,quantile,0.9,241.5114
2021-02-22,17 day ahead inc hosp,2021-03-11,06,quantile,0.9,229.9132
2021-02-22,18 day ahead inc hosp,2021-03-12,06,quantile,0.9,219.0774
2021-02-22,19 day ahead inc hosp,2021-03-13,06,quantile,0.9,208.9653
2021-02-22,20 day ahead inc hosp,2021-03-14,06,quantile,0.9,199.5393
2021-02-22,21 day ahead inc hosp,2021-03-15,06,quantile,0.9,190.7628
2021-02-22,22 day ahead inc hosp,2021-03-16,06,quantile,0.9,182.5999
2021-02-22,23 day ahead inc hosp,2021-03-17,06,quantile,0.9,175.0162
2021-02-22,24 day ahead inc hosp,2021-03-18,06,quantile,0.9,167.9782
2021-02-22,25 day ahead inc hosp,2021-03-19,06,quantile,0.9,161.4537
2021-02-22,26 day ahead inc hosp,2021-03-20,06,quantile,0.9,155.4115
2021-02-22,27 day ahead inc hosp,2021-03-21,06,quantile,0.9,149.8221
2021-02-22,28 day ahead inc hosp,2021-03-22,06,quantile,0.9,144.6568
2021-02-22,1 day ahead inc hosp,2021-02-23,06,quantile,0.95,560.1496
2021-02-22,2 day ahead inc hosp,2021-02-24,06,quantile,0.95,532.4687
2021-02-22,3 day ahead inc hosp,2021-02-25,06,quantile,0.95,506.064
2021-02-22,4 day ahead inc hosp,2021-02-26,06,quantile,0.95,480.9269
2021-02-22,5 day ahead inc hosp,2021-02-27,06,quantile,0.95,457.0387
2021-02-22,6 day ahead inc hosp,2021-02-28,06,quantile,0.95,434.3742
2021-02-22,7 day ahead inc hosp,2021-03-01,06,quantile,0.95,412.9032
2021-02-22,8 day ahead inc hosp,2021-03-02,06,quantile,0.95,392.5919
2021-02-22,9 day ahead inc hosp,2021-03-03,06,quantile,0.95,373.4042
2021-02-22,10 day ahead inc hosp,2021-03-04,06,quantile,0.95,355.3019
2021-02-22,11 day ahead inc hosp,2021-03-05,06,quantile,0.95,338.2459
2021-02-22,12 day ahead inc hosp,2021-03-06,06,quantile,0.95,322.1959
2021-02-22,13 day ahead inc hosp,2021-03-07,06,quantile,0.95,307.1115
2021-02-22,14 day ahead inc hosp,2021-03-08,06,quantile,0.95,292.9517
2021-02-22,15 day ahead inc hosp,2021-03-09,06,quantile,0.95,279.676
2021-02-22,16 day ahead inc hosp,2021-03-10,06,quantile,0.95,267.2439
2021-02-22,17 day ahead inc hosp,2021-03-11,06,quantile,0.95,255.6155
2021-02-22,18 day ahead inc hosp,2021-03-12,06,quantile,0.95,244.7514
2021-02-22,19 day ahead inc hosp,2021-03-13,06,quantile,0.95,234.613
2021-02-22,20 day ahead inc hosp,2021-03-14,06,quantile,0.95,225.1624
2021-02-22,21 day ahead inc hosp,2021-03-15,06,quantile,0.95,216.363
2021-02-22,22 day ahead inc hosp,2021-03-16,06,quantile,0.95,208.1788
2021-02-22,23 day ahead inc hosp,2021-03-17,06,quantile,0.95,200.5754
2021-02-22,24 day ahead inc hosp,2021-03-18,06,quantile,0.95,193.519
2021-02-22,25 day ahead inc hosp,2021-03-19,06,quantile,0.95,186.9774
2021-02-22,26 day ahead inc hosp,2021-03-20,06,quantile,0.95,180.9195
2021-02-22,27 day ahead inc hosp,2021-03-21,06,quantile,0.95,175.3155
2021-02-22,28 day ahead inc hosp,2021-03-22,06,quantile,0.95,170.1367
2021-02-22,1 day ahead inc hosp,2021-02-23,06,quantile,0.975,583.1243
2021-02-22,2 day ahead inc hosp,2021-02-24,06,quantile,0.975,555.3819
2021-02-22,3 day ahead inc hosp,2021-02-25,06,quantile,0.975,528.9185
2021-02-22,4 day ahead inc hosp,2021-02-26,06,quantile,0.975,503.7254
2021-02-22,5 day ahead inc hosp,2021-02-27,06,quantile,0.975,479.7839
2021-02-22,6 day ahead inc hosp,2021-02-28,06,quantile,0.975,457.0687
2021-02-22,7 day ahead inc hosp,2021-03-01,06,quantile,0.975,435.5496
2021-02-22,8 day ahead inc hosp,2021-03-02,06,quantile,0.975,415.1929
2021-02-22,9 day ahead inc hosp,2021-03-03,06,quantile,0.975,395.9621
2021-02-22,10 day ahead inc hosp,2021-03-04,06,quantile,0.975,377.8192
2021-02-22,11 day ahead inc hosp,2021-03-05,06,quantile,0.975,360.7249
2021-02-22,12 day ahead inc hosp,2021-03-06,06,quantile,0.975,344.6388
2021-02-22,13 day ahead inc hosp,2021-03-07,06,quantile,0.975,329.5204
2021-02-22,14 day ahead inc hosp,2021-03-08,06,quantile,0.975,315.3288
2021-02-22,15 day ahead inc hosp,2021-03-09,06,quantile,0.975,302.0232
2021-02-22,16 day ahead inc hosp,2021-03-10,06,quantile,0.975,289.5631
2021-02-22,17 day ahead inc hosp,2021-03-11,06,quantile,0.975,277.9084
2021-02-22,18 day ahead inc hosp,2021-03-12,06,quantile,0.975,267.0198
2021-02-22,19 day ahead inc hosp,2021-03-13,06,quantile,0.975,256.8585
2021-02-22,20 day ahead inc hosp,2021-03-14,06,quantile,0.975,247.3866
2021-02-22,21 day ahead inc hosp,2021-03-15,06,quantile,0.975,238.5673
2021-02-22,22 day ahead inc hosp,2021-03-16,06,quantile,0.975,230.3647
2021-02-22,23 day ahead inc hosp,2021-03-17,06,quantile,0.975,222.7441
2021-02-22,24 day ahead inc hosp,2021-03-18,06,quantile,0.975,215.6718
2021-02-22,25 day ahead inc hosp,2021-03-19,06,quantile,0.975,209.1154
2021-02-22,26 day ahead inc hosp,2021-03-20,06,quantile,0.975,203.0438
2021-02-22,27 day ahead inc hosp,2021-03-21,06,quantile,0.975,197.4271
2021-02-22,28 day ahead inc hosp,2021-03-22,06,quantile,0.975,192.2367
2021-02-22,1 day ahead inc hosp,2021-02-23,06,quantile,0.99,609.8374
2021-02-22,2 day ahead inc hosp,2021-02-24,06,quantile,0.99,582.0236
2021-02-22,3 day ahead inc hosp,2021-02-25,06,quantile,0.99,555.4919
2021-02-22,4 day ahead inc hosp,2021-02-26,06,quantile,0.99,530.2335
2021-02-22,5 day ahead inc hosp,2021-02-27,06,quantile,0.99,506.23
2021-02-22,6 day ahead inc hosp,2021-02-28,06,quantile,0.99,483.456
2021-02-22,7 day ahead inc hosp,2021-03-01,06,quantile,0.99,461.881
2021-02-22,8 day ahead inc hosp,2021-03-02,06,quantile,0.99,441.4714
2021-02-22,9 day ahead inc hosp,2021-03-03,06,quantile,0.99,422.1906
2021-02-22,10 day ahead inc hosp,2021-03-04,06,quantile,0.99,404.0004
2021-02-22,11 day ahead inc hosp,2021-03-05,06,quantile,0.99,386.8615
2021-02-22,12 day ahead inc hosp,2021-03-06,06,quantile,0.99,370.7335
2021-02-22,13 day ahead inc hosp,2021-03-07,06,quantile,0.99,355.5756
2021-02-22,14 day ahead inc hosp,2021-03-08,06,quantile,0.99,341.3469
2021-02-22,15 day ahead inc hosp,2021-03-09,06,quantile,0.99,328.0066
2021-02-22,16 day ahead inc hosp,2021-03-10,06,quantile,0.99,315.5139
2021-02-22,17 day ahead inc hosp,2021-03-11,06,quantile,0.99,303.8288
2021-02-22,18 day ahead inc hosp,2021-03-12,06,quantile,0.99,292.9116
2021-02-22,19 day ahead inc hosp,2021-03-13,06,quantile,0.99,282.7237
2021-02-22,20 day ahead inc hosp,2021-03-14,06,quantile,0.99,273.2271
2021-02-22,21 day ahead inc hosp,2021-03-15,06,quantile,0.99,264.3847
2021-02-22,22 day ahead inc hosp,2021-03-16,06,quantile,0.99,256.1606
2021-02-22,23 day ahead inc hosp,2021-03-17,06,quantile,0.99,248.52
2021-02-22,24 day ahead inc hosp,2021-03-18,06,quantile,0.99,241.4292
2021-02-22,25 day ahead inc hosp,2021-03-19,06,quantile,0.99,234.8556
2021-02-22,26 day ahead inc hosp,2021-03-20,06,quantile,0.99,228.7682
2021-02-22,27 day ahead inc hosp,2021-03-21,06,quantile,0.99,223.1368
2021-02-22,28 day ahead inc hosp,2021-03-22,06,quantile,0.99,217.9327
2021-02-22,1 day ahead inc hosp,2021-02-23,06,point,NA,440.2231
2021-02-22,2 day ahead inc hosp,2021-02-24,06,point,NA,412.8631
2021-02-22,3 day ahead inc hosp,2021-02-25,06,point,NA,386.7651
2021-02-22,4 day ahead inc hosp,2021-02-26,06,point,NA,361.9204
2021-02-22,5 day ahead inc hosp,2021-02-27,06,point,NA,338.3105
2021-02-22,6 day ahead inc hosp,2021-02-28,06,point,NA,315.9104
2021-02-22,7 day ahead inc hosp,2021-03-01,06,point,NA,294.6902
2021-02-22,8 day ahead inc hosp,2021-03-02,06,point,NA,274.6165
2021-02-22,9 day ahead inc hosp,2021-03-03,06,point,NA,255.6534
2021-02-22,10 day ahead inc hosp,2021-03-04,06,point,NA,237.7633
2021-02-22,11 day ahead inc hosp,2021-03-05,06,point,NA,220.9073
2021-02-22,12 day ahead inc hosp,2021-03-06,06,point,NA,205.0457
2021-02-22,13 day ahead inc hosp,2021-03-07,06,point,NA,190.1384
2021-02-22,14 day ahead inc hosp,2021-03-08,06,point,NA,176.1451
2021-02-22,15 day ahead inc hosp,2021-03-09,06,point,NA,163.0255
2021-02-22,16 day ahead inc hosp,2021-03-10,06,point,NA,150.7397
2021-02-22,17 day ahead inc hosp,2021-03-11,06,point,NA,139.2481
2021-02-22,18 day ahead inc hosp,2021-03-12,06,point,NA,128.5119
2021-02-22,19 day ahead inc hosp,2021-03-13,06,point,NA,118.4928
2021-02-22,20 day ahead inc hosp,2021-03-14,06,point,NA,109.1536
2021-02-22,21 day ahead inc hosp,2021-03-15,06,point,NA,100.4578
2021-02-22,22 day ahead inc hosp,2021-03-16,06,point,NA,92.3701
2021-02-22,23 day ahead inc hosp,2021-03-17,06,point,NA,84.8562
2021-02-22,24 day ahead inc hosp,2021-03-18,06,point,NA,77.883
2021-02-22,25 day ahead inc hosp,2021-03-19,06,point,NA,71.4185
2021-02-22,26 day ahead inc hosp,2021-03-20,06,point,NA,65.432
2021-02-22,27 day ahead inc hosp,2021-03-21,06,point,NA,59.894
2021-02-22,28 day ahead inc hosp,2021-03-22,06,point,NA,54.7762
2021-02-22,1 wk ahead inc death,2021-02-27,06,quantile,0.01,1505.5
2021-02-22,2 wk ahead inc death,2021-03-06,06,quantile,0.01,1118.1
2021-02-22,3 wk ahead inc death,2021-03-13,06,quantile,0.01,769
2021-02-22,4 wk ahead inc death,2021-03-20,06,quantile,0.01,474.6
2021-02-22,1 wk ahead inc death,2021-02-27,06,quantile,0.025,1559.4
2021-02-22,2 wk ahead inc death,2021-03-06,06,quantile,0.025,1171.5
2021-02-22,3 wk ahead inc death,2021-03-13,06,quantile,0.025,822
2021-02-22,4 wk ahead inc death,2021-03-20,06,quantile,0.025,527.2
2021-02-22,1 wk ahead inc death,2021-02-27,06,quantile,0.05,1605.8
2021-02-22,2 wk ahead inc death,2021-03-06,06,quantile,0.05,1217.5
2021-02-22,3 wk ahead inc death,2021-03-13,06,quantile,0.05,867.5
2021-02-22,4 wk ahead inc death,2021-03-20,06,quantile,0.05,572.4
2021-02-22,1 wk ahead inc death,2021-02-27,06,quantile,0.1,1659.2
2021-02-22,2 wk ahead inc death,2021-03-06,06,quantile,0.1,1270.5
2021-02-22,3 wk ahead inc death,2021-03-13,06,quantile,0.1,920.1
2021-02-22,4 wk ahead inc death,2021-03-20,06,quantile,0.1,624.5
2021-02-22,1 wk ahead inc death,2021-02-27,06,quantile,0.15,1695.3
2021-02-22,2 wk ahead inc death,2021-03-06,06,quantile,0.15,1306.2
2021-02-22,3 wk ahead inc death,2021-03-13,06,quantile,0.15,955.5
2021-02-22,4 wk ahead inc death,2021-03-20,06,quantile,0.15,659.7
2021-02-22,1 wk ahead inc death,2021-02-27,06,quantile,0.2,1724
2021-02-22,2 wk ahead inc death,2021-03-06,06,quantile,0.2,1334.6
2021-02-22,3 wk ahead inc death,2021-03-13,06,quantile,0.2,983.7
2021-02-22,4 wk ahead inc death,2021-03-20,06,quantile,0.2,687.7
2021-02-22,1 wk ahead inc death,2021-02-27,06,quantile,0.25,1748.6
2021-02-22,2 wk ahead inc death,2021-03-06,06,quantile,0.25,1359
2021-02-22,3 wk ahead inc death,2021-03-13,06,quantile,0.25,1007.8
2021-02-22,4 wk ahead inc death,2021-03-20,06,quantile,0.25,711.7
2021-02-22,1 wk ahead inc death,2021-02-27,06,quantile,0.3,1770.7
2021-02-22,2 wk ahead inc death,2021-03-06,06,quantile,0.3,1380.9
2021-02-22,3 wk ahead inc death,2021-03-13,06,quantile,0.3,1029.5
2021-02-22,4 wk ahead inc death,2021-03-20,06,quantile,0.3,733.2
2021-02-22,1 wk ahead inc death,2021-02-27,06,quantile,0.35,1791.2
2021-02-22,2 wk ahead inc death,2021-03-06,06,quantile,0.35,1401.2
2021-02-22,3 wk ahead inc death,2021-03-13,06,quantile,0.35,1049.6
2021-02-22,4 wk ahead inc death,2021-03-20,06,quantile,0.35,753.2
2021-02-22,1 wk ahead inc death,2021-02-27,06,quantile,0.4,1810.6
2021-02-22,2 wk ahead inc death,2021-03-06,06,quantile,0.4,1420.4
2021-02-22,3 wk ahead inc death,2021-03-13,06,quantile,0.4,1068.7
2021-02-22,4 wk ahead inc death,2021-03-20,06,quantile,0.4,772.1
2021-02-22,1 wk ahead inc death,2021-02-27,06,quantile,0.45,1829.4
2021-02-22,2 wk ahead inc death,2021-03-06,06,quantile,0.45,1439
2021-02-22,3 wk ahead inc death,2021-03-13,06,quantile,0.45,1087.2
2021-02-22,4 wk ahead inc death,2021-03-20,06,quantile,0.45,790.4
2021-02-22,1 wk ahead inc death,2021-02-27,06,quantile,0.5,1847.9
2021-02-22,2 wk ahead inc death,2021-03-06,06,quantile,0.5,1457.4
2021-02-22,3 wk ahead inc death,2021-03-13,06,quantile,0.5,1105.4
2021-02-22,4 wk ahead inc death,2021-03-20,06,quantile,0.5,808.5
2021-02-22,1 wk ahead inc death,2021-02-27,06,quantile,0.55,1866.4
2021-02-22,2 wk ahead inc death,2021-03-06,06,quantile,0.55,1475.7
2021-02-22,3 wk ahead inc death,2021-03-13,06,quantile,0.55,1123.5
2021-02-22,4 wk ahead inc death,2021-03-20,06,quantile,0.55,826.5
2021-02-22,1 wk ahead inc death,2021-02-27,06,quantile,0.6,1885.2
2021-02-22,2 wk ahead inc death,2021-03-06,06,quantile,0.6,1494.3
2021-02-22,3 wk ahead inc death,2021-03-13,06,quantile,0.6,1142
2021-02-22,4 wk ahead inc death,2021-03-20,06,quantile,0.6,844.8
2021-02-22,1 wk ahead inc death,2021-02-27,06,quantile,0.65,1904.6
2021-02-22,2 wk ahead inc death,2021-03-06,06,quantile,0.65,1513.5
2021-02-22,3 wk ahead inc death,2021-03-13,06,quantile,0.65,1161.1
2021-02-22,4 wk ahead inc death,2021-03-20,06,quantile,0.65,863.8
2021-02-22,1 wk ahead inc death,2021-02-27,06,quantile,0.7,1925.1
2021-02-22,2 wk ahead inc death,2021-03-06,06,quantile,0.7,1533.8
2021-02-22,3 wk ahead inc death,2021-03-13,06,quantile,0.7,1181.2
2021-02-22,4 wk ahead inc death,2021-03-20,06,quantile,0.7,883.7
2021-02-22,1 wk ahead inc death,2021-02-27,06,quantile,0.75,1947.1
2021-02-22,2 wk ahead inc death,2021-03-06,06,quantile,0.75,1555.7
2021-02-22,3 wk ahead inc death,2021-03-13,06,quantile,0.75,1202.9
2021-02-22,4 wk ahead inc death,2021-03-20,06,quantile,0.75,905.3
2021-02-22,1 wk ahead inc death,2021-02-27,06,quantile,0.8,1971.7
2021-02-22,2 wk ahead inc death,2021-03-06,06,quantile,0.8,1580.1
2021-02-22,3 wk ahead inc death,2021-03-13,06,quantile,0.8,1227.1
2021-02-22,4 wk ahead inc death,2021-03-20,06,quantile,0.8,929.3
2021-02-22,1 wk ahead inc death,2021-02-27,06,quantile,0.85,2000.4
2021-02-22,2 wk ahead inc death,2021-03-06,06,quantile,0.85,1608.5
2021-02-22,3 wk ahead inc death,2021-03-13,06,quantile,0.85,1255.2
2021-02-22,4 wk ahead inc death,2021-03-20,06,quantile,0.85,957.2
2021-02-22,1 wk ahead inc death,2021-02-27,06,quantile,0.9,2036.5
2021-02-22,2 wk ahead inc death,2021-03-06,06,quantile,0.9,1644.2
2021-02-22,3 wk ahead inc death,2021-03-13,06,quantile,0.9,1290.7
2021-02-22,4 wk ahead inc death,2021-03-20,06,quantile,0.9,992.4
2021-02-22,1 wk ahead inc death,2021-02-27,06,quantile,0.95,2090
2021-02-22,2 wk ahead inc death,2021-03-06,06,quantile,0.95,1697.2
2021-02-22,3 wk ahead inc death,2021-03-13,06,quantile,0.95,1343.2
2021-02-22,4 wk ahead inc death,2021-03-20,06,quantile,0.95,1044.6
2021-02-22,1 wk ahead inc death,2021-02-27,06,quantile,0.975,2136.3
2021-02-22,2 wk ahead inc death,2021-03-06,06,quantile,0.975,1743.2
2021-02-22,3 wk ahead inc death,2021-03-13,06,quantile,0.975,1388.8
2021-02-22,4 wk ahead inc death,2021-03-20,06,quantile,0.975,1089.8
2021-02-22,1 wk ahead inc death,2021-02-27,06,quantile,0.99,2190.3
2021-02-22,2 wk ahead inc death,2021-03-06,06,quantile,0.99,1796.6
2021-02-22,3 wk ahead inc death,2021-03-13,06,quantile,0.99,1441.7
2021-02-22,4 wk ahead inc death,2021-03-20,06,quantile,0.99,1142.4
2021-02-22,1 wk ahead inc death,2021-02-27,06,point,NA,1847.9
2021-02-22,2 wk ahead inc death,2021-03-06,06,point,NA,1457.4
2021-02-22,3 wk ahead inc death,2021-03-13,06,point,NA,1105.4
2021-02-22,4 wk ahead inc death,2021-03-20,06,point,NA,808.5
