forecast_date,target,target_end_date,location,type,quantile,value
2021-01-25,1 wk ahead inc case,2021-01-30,06,quantile,0.025,151117
2021-01-25,2 wk ahead inc case,2021-02-06,06,quantile,0.025,119146
2021-01-25,3 wk ahead inc case,2021-02-13,06,quantile,0.025,93069
2021-01-25,4 wk ahead inc case,2021-02-20,06,quantile,0.025,72171
2021-01-25,1 wk ahead inc case,2021-01-30,06,quantile,0.1,158285
2021-01-25,2 wk ahead inc case,2021-02-06,06,quantile,0.1,125558
2021-01-25,3 wk ahead inc case,2021-02-13,06,quantile,0.1,98788
2021-01-25,4 wk ahead inc case,2021-02-20,06,quantile,0.1,77262
2021-01-25,1 wk ahead inc case,2021-01-30,06,quantile,0.25,164699
2021-01-25,2 wk ahead inc case,2021-02-06,06,quantile,0.25,131296
2021-01-25,3 wk ahead inc case,2021-02-13,06,quantile,0.25,103907
2021-01-25,4 wk ahead inc case,2021-02-20,06,quantile,0.25,81818
2021-01-25,1 wk ahead inc case,2021-01-30,06,quantile,0.5,171826
2021-01-25,2 wk ahead inc case,2021-02-06,06,quantile,0.5,137671
2021-01-25,3 wk ahead inc case,2021-02-13,06,quantile,0.5,109593
2021-01-25,4 wk ahead inc case,2021-02-20,06,quantile,0.5,86880
2021-01-25,1 wk ahead inc case,2021-01-30,06,quantile,0.75,178953
2021-01-25,2 wk ahead inc case,2021-02-06,06,quantile,0.75,144047
2021-01-25,3 wk ahead inc case,2021-02-13,06,quantile,0.75,115279
2021-01-25,4 wk ahead inc case,2021-02-20,06,quantile,0.75,91942
2021-01-25,1 wk ahead inc case,2021-01-30,06,quantile,0.9,185367
2021-01-25,2 wk ahead inc case,2021-02-06,06,quantile,0.9,149785
2021-01-25,3 wk ahead inc case,2021-02-13,06,quantile,0.9,120397
2021-01-25,4 wk ahead inc case,2021-02-20,06,quantile,0.9,96498
2021-01-25,1 wk ahead inc case,2021-01-30,06,quantile,0.975,192535
2021-01-25,2 wk ahead inc case,2021-02-06,06,quantile,0.975,156197
2021-01-25,3 wk ahead inc case,2021-02-13,06,quantile,0.975,126117
2021-01-25,4 wk ahead inc case,2021-02-20,06,quantile,0.975,101589
2021-01-25,1 wk ahead inc case,2021-01-30,06,point,NA,171826
2021-01-25,2 wk ahead inc case,2021-02-06,06,point,NA,137671
2021-01-25,3 wk ahead inc case,2021-02-13,06,point,NA,109593
2021-01-25,4 wk ahead inc case,2021-02-20,06,point,NA,86880
2021-01-25,1 day ahead inc hosp,2021-01-26,06,quantile,0.01,1327
2021-01-25,2 day ahead inc hosp,2021-01-27,06,quantile,0.01,1281
2021-01-25,3 day ahead inc hosp,2021-01-28,06,quantile,0.01,1236.1
2021-01-25,4 day ahead inc hosp,2021-01-29,06,quantile,0.01,1192.4
2021-01-25,5 day ahead inc hosp,2021-01-30,06,quantile,0.01,1149.9
2021-01-25,6 day ahead inc hosp,2021-01-31,06,quantile,0.01,1108.4
2021-01-25,7 day ahead inc hosp,2021-02-01,06,quantile,0.01,1068.2
2021-01-25,8 day ahead inc hosp,2021-02-02,06,quantile,0.01,1029
2021-01-25,9 day ahead inc hosp,2021-02-03,06,quantile,0.01,991
2021-01-25,10 day ahead inc hosp,2021-02-04,06,quantile,0.01,954.1
2021-01-25,11 day ahead inc hosp,2021-02-05,06,quantile,0.01,918.2
2021-01-25,12 day ahead inc hosp,2021-02-06,06,quantile,0.01,883.4
2021-01-25,13 day ahead inc hosp,2021-02-07,06,quantile,0.01,849.6
2021-01-25,14 day ahead inc hosp,2021-02-08,06,quantile,0.01,816.9
2021-01-25,15 day ahead inc hosp,2021-02-09,06,quantile,0.01,785.1
2021-01-25,16 day ahead inc hosp,2021-02-10,06,quantile,0.01,754.2
2021-01-25,17 day ahead inc hosp,2021-02-11,06,quantile,0.01,724.3
2021-01-25,18 day ahead inc hosp,2021-02-12,06,quantile,0.01,695.3
2021-01-25,19 day ahead inc hosp,2021-02-13,06,quantile,0.01,667.1
2021-01-25,20 day ahead inc hosp,2021-02-14,06,quantile,0.01,639.9
2021-01-25,21 day ahead inc hosp,2021-02-15,06,quantile,0.01,613.5
2021-01-25,22 day ahead inc hosp,2021-02-16,06,quantile,0.01,587.8
2021-01-25,23 day ahead inc hosp,2021-02-17,06,quantile,0.01,563
2021-01-25,24 day ahead inc hosp,2021-02-18,06,quantile,0.01,539
2021-01-25,25 day ahead inc hosp,2021-02-19,06,quantile,0.01,515.7
2021-01-25,26 day ahead inc hosp,2021-02-20,06,quantile,0.01,493.1
2021-01-25,27 day ahead inc hosp,2021-02-21,06,quantile,0.01,471.3
2021-01-25,28 day ahead inc hosp,2021-02-22,06,quantile,0.01,450.1
2021-01-25,1 day ahead inc hosp,2021-01-26,06,quantile,0.025,1356.8
2021-01-25,2 day ahead inc hosp,2021-01-27,06,quantile,0.025,1310.8
2021-01-25,3 day ahead inc hosp,2021-01-28,06,quantile,0.025,1265.8
2021-01-25,4 day ahead inc hosp,2021-01-29,06,quantile,0.025,1222
2021-01-25,5 day ahead inc hosp,2021-01-30,06,quantile,0.025,1179.3
2021-01-25,6 day ahead inc hosp,2021-01-31,06,quantile,0.025,1137.8
2021-01-25,7 day ahead inc hosp,2021-02-01,06,quantile,0.025,1097.4
2021-01-25,8 day ahead inc hosp,2021-02-02,06,quantile,0.025,1058.2
2021-01-25,9 day ahead inc hosp,2021-02-03,06,quantile,0.025,1020.1
2021-01-25,10 day ahead inc hosp,2021-02-04,06,quantile,0.025,983.1
2021-01-25,11 day ahead inc hosp,2021-02-05,06,quantile,0.025,947.1
2021-01-25,12 day ahead inc hosp,2021-02-06,06,quantile,0.025,912.2
2021-01-25,13 day ahead inc hosp,2021-02-07,06,quantile,0.025,878.4
2021-01-25,14 day ahead inc hosp,2021-02-08,06,quantile,0.025,845.5
2021-01-25,15 day ahead inc hosp,2021-02-09,06,quantile,0.025,813.6
2021-01-25,16 day ahead inc hosp,2021-02-10,06,quantile,0.025,782.7
2021-01-25,17 day ahead inc hosp,2021-02-11,06,quantile,0.025,752.7
2021-01-25,18 day ahead inc hosp,2021-02-12,06,quantile,0.025,723.6
2021-01-25,19 day ahead inc hosp,2021-02-13,06,quantile,0.025,695.4
2021-01-25,20 day ahead inc hosp,2021-02-14,06,quantile,0.025,668.1
2021-01-25,21 day ahead inc hosp,2021-02-15,06,quantile,0.025,641.6
2021-01-25,22 day ahead inc hosp,2021-02-16,06,quantile,0.025,615.9
2021-01-25,23 day ahead inc hosp,2021-02-17,06,quantile,0.025,591
2021-01-25,24 day ahead inc hosp,2021-02-18,06,quantile,0.025,566.9
2021-01-25,25 day ahead inc hosp,2021-02-19,06,quantile,0.025,543.6
2021-01-25,26 day ahead inc hosp,2021-02-20,06,quantile,0.025,520.9
2021-01-25,27 day ahead inc hosp,2021-02-21,06,quantile,0.025,499
2021-01-25,28 day ahead inc hosp,2021-02-22,06,quantile,0.025,477.8
2021-01-25,1 day ahead inc hosp,2021-01-26,06,quantile,0.05,1382.5
2021-01-25,2 day ahead inc hosp,2021-01-27,06,quantile,0.05,1336.4
2021-01-25,3 day ahead inc hosp,2021-01-28,06,quantile,0.05,1291.3
2021-01-25,4 day ahead inc hosp,2021-01-29,06,quantile,0.05,1247.4
2021-01-25,5 day ahead inc hosp,2021-01-30,06,quantile,0.05,1204.6
2021-01-25,6 day ahead inc hosp,2021-01-31,06,quantile,0.05,1163
2021-01-25,7 day ahead inc hosp,2021-02-01,06,quantile,0.05,1122.6
2021-01-25,8 day ahead inc hosp,2021-02-02,06,quantile,0.05,1083.3
2021-01-25,9 day ahead inc hosp,2021-02-03,06,quantile,0.05,1045.1
2021-01-25,10 day ahead inc hosp,2021-02-04,06,quantile,0.05,1008
2021-01-25,11 day ahead inc hosp,2021-02-05,06,quantile,0.05,972
2021-01-25,12 day ahead inc hosp,2021-02-06,06,quantile,0.05,937
2021-01-25,13 day ahead inc hosp,2021-02-07,06,quantile,0.05,903
2021-01-25,14 day ahead inc hosp,2021-02-08,06,quantile,0.05,870.1
2021-01-25,15 day ahead inc hosp,2021-02-09,06,quantile,0.05,838.2
2021-01-25,16 day ahead inc hosp,2021-02-10,06,quantile,0.05,807.2
2021-01-25,17 day ahead inc hosp,2021-02-11,06,quantile,0.05,777.1
2021-01-25,18 day ahead inc hosp,2021-02-12,06,quantile,0.05,748
2021-01-25,19 day ahead inc hosp,2021-02-13,06,quantile,0.05,719.7
2021-01-25,20 day ahead inc hosp,2021-02-14,06,quantile,0.05,692.3
2021-01-25,21 day ahead inc hosp,2021-02-15,06,quantile,0.05,665.7
2021-01-25,22 day ahead inc hosp,2021-02-16,06,quantile,0.05,640
2021-01-25,23 day ahead inc hosp,2021-02-17,06,quantile,0.05,615.1
2021-01-25,24 day ahead inc hosp,2021-02-18,06,quantile,0.05,590.9
2021-01-25,25 day ahead inc hosp,2021-02-19,06,quantile,0.05,567.5
2021-01-25,26 day ahead inc hosp,2021-02-20,06,quantile,0.05,544.9
2021-01-25,27 day ahead inc hosp,2021-02-21,06,quantile,0.05,522.9
2021-01-25,28 day ahead inc hosp,2021-02-22,06,quantile,0.05,501.6
2021-01-25,1 day ahead inc hosp,2021-01-26,06,quantile,0.1,1412.1
2021-01-25,2 day ahead inc hosp,2021-01-27,06,quantile,0.1,1365.9
2021-01-25,3 day ahead inc hosp,2021-01-28,06,quantile,0.1,1320.7
2021-01-25,4 day ahead inc hosp,2021-01-29,06,quantile,0.1,1276.7
2021-01-25,5 day ahead inc hosp,2021-01-30,06,quantile,0.1,1233.8
2021-01-25,6 day ahead inc hosp,2021-01-31,06,quantile,0.1,1192.1
2021-01-25,7 day ahead inc hosp,2021-02-01,06,quantile,0.1,1151.6
2021-01-25,8 day ahead inc hosp,2021-02-02,06,quantile,0.1,1112.2
2021-01-25,9 day ahead inc hosp,2021-02-03,06,quantile,0.1,1073.9
2021-01-25,10 day ahead inc hosp,2021-02-04,06,quantile,0.1,1036.7
2021-01-25,11 day ahead inc hosp,2021-02-05,06,quantile,0.1,1000.6
2021-01-25,12 day ahead inc hosp,2021-02-06,06,quantile,0.1,965.5
2021-01-25,13 day ahead inc hosp,2021-02-07,06,quantile,0.1,931.5
2021-01-25,14 day ahead inc hosp,2021-02-08,06,quantile,0.1,898.5
2021-01-25,15 day ahead inc hosp,2021-02-09,06,quantile,0.1,866.5
2021-01-25,16 day ahead inc hosp,2021-02-10,06,quantile,0.1,835.4
2021-01-25,17 day ahead inc hosp,2021-02-11,06,quantile,0.1,805.3
2021-01-25,18 day ahead inc hosp,2021-02-12,06,quantile,0.1,776
2021-01-25,19 day ahead inc hosp,2021-02-13,06,quantile,0.1,747.7
2021-01-25,20 day ahead inc hosp,2021-02-14,06,quantile,0.1,720.2
2021-01-25,21 day ahead inc hosp,2021-02-15,06,quantile,0.1,693.6
2021-01-25,22 day ahead inc hosp,2021-02-16,06,quantile,0.1,667.8
2021-01-25,23 day ahead inc hosp,2021-02-17,06,quantile,0.1,642.8
2021-01-25,24 day ahead inc hosp,2021-02-18,06,quantile,0.1,618.6
2021-01-25,25 day ahead inc hosp,2021-02-19,06,quantile,0.1,595.2
2021-01-25,26 day ahead inc hosp,2021-02-20,06,quantile,0.1,572.4
2021-01-25,27 day ahead inc hosp,2021-02-21,06,quantile,0.1,550.4
2021-01-25,28 day ahead inc hosp,2021-02-22,06,quantile,0.1,529.1
2021-01-25,1 day ahead inc hosp,2021-01-26,06,quantile,0.15,1432.1
2021-01-25,2 day ahead inc hosp,2021-01-27,06,quantile,0.15,1385.8
2021-01-25,3 day ahead inc hosp,2021-01-28,06,quantile,0.15,1340.5
2021-01-25,4 day ahead inc hosp,2021-01-29,06,quantile,0.15,1296.5
2021-01-25,5 day ahead inc hosp,2021-01-30,06,quantile,0.15,1253.5
2021-01-25,6 day ahead inc hosp,2021-01-31,06,quantile,0.15,1211.8
2021-01-25,7 day ahead inc hosp,2021-02-01,06,quantile,0.15,1171.1
2021-01-25,8 day ahead inc hosp,2021-02-02,06,quantile,0.15,1131.7
2021-01-25,9 day ahead inc hosp,2021-02-03,06,quantile,0.15,1093.3
2021-01-25,10 day ahead inc hosp,2021-02-04,06,quantile,0.15,1056.1
2021-01-25,11 day ahead inc hosp,2021-02-05,06,quantile,0.15,1019.9
2021-01-25,12 day ahead inc hosp,2021-02-06,06,quantile,0.15,984.8
2021-01-25,13 day ahead inc hosp,2021-02-07,06,quantile,0.15,950.7
2021-01-25,14 day ahead inc hosp,2021-02-08,06,quantile,0.15,917.6
2021-01-25,15 day ahead inc hosp,2021-02-09,06,quantile,0.15,885.6
2021-01-25,16 day ahead inc hosp,2021-02-10,06,quantile,0.15,854.4
2021-01-25,17 day ahead inc hosp,2021-02-11,06,quantile,0.15,824.3
2021-01-25,18 day ahead inc hosp,2021-02-12,06,quantile,0.15,795
2021-01-25,19 day ahead inc hosp,2021-02-13,06,quantile,0.15,766.6
2021-01-25,20 day ahead inc hosp,2021-02-14,06,quantile,0.15,739.1
2021-01-25,21 day ahead inc hosp,2021-02-15,06,quantile,0.15,712.4
2021-01-25,22 day ahead inc hosp,2021-02-16,06,quantile,0.15,686.6
2021-01-25,23 day ahead inc hosp,2021-02-17,06,quantile,0.15,661.6
2021-01-25,24 day ahead inc hosp,2021-02-18,06,quantile,0.15,637.3
2021-01-25,25 day ahead inc hosp,2021-02-19,06,quantile,0.15,613.8
2021-01-25,26 day ahead inc hosp,2021-02-20,06,quantile,0.15,591
2021-01-25,27 day ahead inc hosp,2021-02-21,06,quantile,0.15,569
2021-01-25,28 day ahead inc hosp,2021-02-22,06,quantile,0.15,547.6
2021-01-25,1 day ahead inc hosp,2021-01-26,06,quantile,0.2,1448
2021-01-25,2 day ahead inc hosp,2021-01-27,06,quantile,0.2,1401.6
2021-01-25,3 day ahead inc hosp,2021-01-28,06,quantile,0.2,1356.3
2021-01-25,4 day ahead inc hosp,2021-01-29,06,quantile,0.2,1312.2
2021-01-25,5 day ahead inc hosp,2021-01-30,06,quantile,0.2,1269.2
2021-01-25,6 day ahead inc hosp,2021-01-31,06,quantile,0.2,1227.4
2021-01-25,7 day ahead inc hosp,2021-02-01,06,quantile,0.2,1186.7
2021-01-25,8 day ahead inc hosp,2021-02-02,06,quantile,0.2,1147.2
2021-01-25,9 day ahead inc hosp,2021-02-03,06,quantile,0.2,1108.8
2021-01-25,10 day ahead inc hosp,2021-02-04,06,quantile,0.2,1071.5
2021-01-25,11 day ahead inc hosp,2021-02-05,06,quantile,0.2,1035.3
2021-01-25,12 day ahead inc hosp,2021-02-06,06,quantile,0.2,1000.1
2021-01-25,13 day ahead inc hosp,2021-02-07,06,quantile,0.2,966
2021-01-25,14 day ahead inc hosp,2021-02-08,06,quantile,0.2,932.9
2021-01-25,15 day ahead inc hosp,2021-02-09,06,quantile,0.2,900.7
2021-01-25,16 day ahead inc hosp,2021-02-10,06,quantile,0.2,869.6
2021-01-25,17 day ahead inc hosp,2021-02-11,06,quantile,0.2,839.4
2021-01-25,18 day ahead inc hosp,2021-02-12,06,quantile,0.2,810
2021-01-25,19 day ahead inc hosp,2021-02-13,06,quantile,0.2,781.6
2021-01-25,20 day ahead inc hosp,2021-02-14,06,quantile,0.2,754.1
2021-01-25,21 day ahead inc hosp,2021-02-15,06,quantile,0.2,727.4
2021-01-25,22 day ahead inc hosp,2021-02-16,06,quantile,0.2,701.5
2021-01-25,23 day ahead inc hosp,2021-02-17,06,quantile,0.2,676.4
2021-01-25,24 day ahead inc hosp,2021-02-18,06,quantile,0.2,652.1
2021-01-25,25 day ahead inc hosp,2021-02-19,06,quantile,0.2,628.6
2021-01-25,26 day ahead inc hosp,2021-02-20,06,quantile,0.2,605.8
2021-01-25,27 day ahead inc hosp,2021-02-21,06,quantile,0.2,583.7
2021-01-25,28 day ahead inc hosp,2021-02-22,06,quantile,0.2,562.4
2021-01-25,1 day ahead inc hosp,2021-01-26,06,quantile,0.25,1461.6
2021-01-25,2 day ahead inc hosp,2021-01-27,06,quantile,0.25,1415.2
2021-01-25,3 day ahead inc hosp,2021-01-28,06,quantile,0.25,1369.8
2021-01-25,4 day ahead inc hosp,2021-01-29,06,quantile,0.25,1325.6
2021-01-25,5 day ahead inc hosp,2021-01-30,06,quantile,0.25,1282.6
2021-01-25,6 day ahead inc hosp,2021-01-31,06,quantile,0.25,1240.7
2021-01-25,7 day ahead inc hosp,2021-02-01,06,quantile,0.25,1200
2021-01-25,8 day ahead inc hosp,2021-02-02,06,quantile,0.25,1160.5
2021-01-25,9 day ahead inc hosp,2021-02-03,06,quantile,0.25,1122
2021-01-25,10 day ahead inc hosp,2021-02-04,06,quantile,0.25,1084.7
2021-01-25,11 day ahead inc hosp,2021-02-05,06,quantile,0.25,1048.4
2021-01-25,12 day ahead inc hosp,2021-02-06,06,quantile,0.25,1013.2
2021-01-25,13 day ahead inc hosp,2021-02-07,06,quantile,0.25,979.1
2021-01-25,14 day ahead inc hosp,2021-02-08,06,quantile,0.25,945.9
2021-01-25,15 day ahead inc hosp,2021-02-09,06,quantile,0.25,913.8
2021-01-25,16 day ahead inc hosp,2021-02-10,06,quantile,0.25,882.6
2021-01-25,17 day ahead inc hosp,2021-02-11,06,quantile,0.25,852.3
2021-01-25,18 day ahead inc hosp,2021-02-12,06,quantile,0.25,823
2021-01-25,19 day ahead inc hosp,2021-02-13,06,quantile,0.25,794.5
2021-01-25,20 day ahead inc hosp,2021-02-14,06,quantile,0.25,766.9
2021-01-25,21 day ahead inc hosp,2021-02-15,06,quantile,0.25,740.2
2021-01-25,22 day ahead inc hosp,2021-02-16,06,quantile,0.25,714.3
2021-01-25,23 day ahead inc hosp,2021-02-17,06,quantile,0.25,689.2
2021-01-25,24 day ahead inc hosp,2021-02-18,06,quantile,0.25,664.9
2021-01-25,25 day ahead inc hosp,2021-02-19,06,quantile,0.25,641.3
2021-01-25,26 day ahead inc hosp,2021-02-20,06,quantile,0.25,618.5
2021-01-25,27 day ahead inc hosp,2021-02-21,06,quantile,0.25,596.4
2021-01-25,28 day ahead inc hosp,2021-02-22,06,quantile,0.25,575
2021-01-25,1 day ahead inc hosp,2021-01-26,06,quantile,0.3,1473.9
2021-01-25,2 day ahead inc hosp,2021-01-27,06,quantile,0.3,1427.4
2021-01-25,3 day ahead inc hosp,2021-01-28,06,quantile,0.3,1382
2021-01-25,4 day ahead inc hosp,2021-01-29,06,quantile,0.3,1337.8
2021-01-25,5 day ahead inc hosp,2021-01-30,06,quantile,0.3,1294.7
2021-01-25,6 day ahead inc hosp,2021-01-31,06,quantile,0.3,1252.8
2021-01-25,7 day ahead inc hosp,2021-02-01,06,quantile,0.3,1212
2021-01-25,8 day ahead inc hosp,2021-02-02,06,quantile,0.3,1172.4
2021-01-25,9 day ahead inc hosp,2021-02-03,06,quantile,0.3,1133.9
2021-01-25,10 day ahead inc hosp,2021-02-04,06,quantile,0.3,1096.6
2021-01-25,11 day ahead inc hosp,2021-02-05,06,quantile,0.3,1060.3
2021-01-25,12 day ahead inc hosp,2021-02-06,06,quantile,0.3,1025
2021-01-25,13 day ahead inc hosp,2021-02-07,06,quantile,0.3,990.8
2021-01-25,14 day ahead inc hosp,2021-02-08,06,quantile,0.3,957.7
2021-01-25,15 day ahead inc hosp,2021-02-09,06,quantile,0.3,925.5
2021-01-25,16 day ahead inc hosp,2021-02-10,06,quantile,0.3,894.2
2021-01-25,17 day ahead inc hosp,2021-02-11,06,quantile,0.3,863.9
2021-01-25,18 day ahead inc hosp,2021-02-12,06,quantile,0.3,834.6
2021-01-25,19 day ahead inc hosp,2021-02-13,06,quantile,0.3,806.1
2021-01-25,20 day ahead inc hosp,2021-02-14,06,quantile,0.3,778.5
2021-01-25,21 day ahead inc hosp,2021-02-15,06,quantile,0.3,751.7
2021-01-25,22 day ahead inc hosp,2021-02-16,06,quantile,0.3,725.8
2021-01-25,23 day ahead inc hosp,2021-02-17,06,quantile,0.3,700.7
2021-01-25,24 day ahead inc hosp,2021-02-18,06,quantile,0.3,676.3
2021-01-25,25 day ahead inc hosp,2021-02-19,06,quantile,0.3,652.7
2021-01-25,26 day ahead inc hosp,2021-02-20,06,quantile,0.3,629.9
2021-01-25,27 day ahead inc hosp,2021-02-21,06,quantile,0.3,607.8
2021-01-25,28 day ahead inc hosp,2021-02-22,06,quantile,0.3,586.3
2021-01-25,1 day ahead inc hosp,2021-01-26,06,quantile,0.35,1485.2
2021-01-25,2 day ahead inc hosp,2021-01-27,06,quantile,0.35,1438.7
2021-01-25,3 day ahead inc hosp,2021-01-28,06,quantile,0.35,1393.2
2021-01-25,4 day ahead inc hosp,2021-01-29,06,quantile,0.35,1349
2021-01-25,5 day ahead inc hosp,2021-01-30,06,quantile,0.35,1305.9
2021-01-25,6 day ahead inc hosp,2021-01-31,06,quantile,0.35,1263.9
2021-01-25,7 day ahead inc hosp,2021-02-01,06,quantile,0.35,1223.1
2021-01-25,8 day ahead inc hosp,2021-02-02,06,quantile,0.35,1183.5
2021-01-25,9 day ahead inc hosp,2021-02-03,06,quantile,0.35,1145
2021-01-25,10 day ahead inc hosp,2021-02-04,06,quantile,0.35,1107.6
2021-01-25,11 day ahead inc hosp,2021-02-05,06,quantile,0.35,1071.2
2021-01-25,12 day ahead inc hosp,2021-02-06,06,quantile,0.35,1036
2021-01-25,13 day ahead inc hosp,2021-02-07,06,quantile,0.35,1001.7
2021-01-25,14 day ahead inc hosp,2021-02-08,06,quantile,0.35,968.5
2021-01-25,15 day ahead inc hosp,2021-02-09,06,quantile,0.35,936.3
2021-01-25,16 day ahead inc hosp,2021-02-10,06,quantile,0.35,905
2021-01-25,17 day ahead inc hosp,2021-02-11,06,quantile,0.35,874.7
2021-01-25,18 day ahead inc hosp,2021-02-12,06,quantile,0.35,845.3
2021-01-25,19 day ahead inc hosp,2021-02-13,06,quantile,0.35,816.8
2021-01-25,20 day ahead inc hosp,2021-02-14,06,quantile,0.35,789.2
2021-01-25,21 day ahead inc hosp,2021-02-15,06,quantile,0.35,762.4
2021-01-25,22 day ahead inc hosp,2021-02-16,06,quantile,0.35,736.4
2021-01-25,23 day ahead inc hosp,2021-02-17,06,quantile,0.35,711.3
2021-01-25,24 day ahead inc hosp,2021-02-18,06,quantile,0.35,686.9
2021-01-25,25 day ahead inc hosp,2021-02-19,06,quantile,0.35,663.3
2021-01-25,26 day ahead inc hosp,2021-02-20,06,quantile,0.35,640.4
2021-01-25,27 day ahead inc hosp,2021-02-21,06,quantile,0.35,618.3
2021-01-25,28 day ahead inc hosp,2021-02-22,06,quantile,0.35,596.9
2021-01-25,1 day ahead inc hosp,2021-01-26,06,quantile,0.4,1496
2021-01-25,2 day ahead inc hosp,2021-01-27,06,quantile,0.4,1449.4
2021-01-25,3 day ahead inc hosp,2021-01-28,06,quantile,0.4,1403.9
2021-01-25,4 day ahead inc hosp,2021-01-29,06,quantile,0.4,1359.6
2021-01-25,5 day ahead inc hosp,2021-01-30,06,quantile,0.4,1316.5
2021-01-25,6 day ahead inc hosp,2021-01-31,06,quantile,0.4,1274.5
2021-01-25,7 day ahead inc hosp,2021-02-01,06,quantile,0.4,1233.7
2021-01-25,8 day ahead inc hosp,2021-02-02,06,quantile,0.4,1194
2021-01-25,9 day ahead inc hosp,2021-02-03,06,quantile,0.4,1155.4
2021-01-25,10 day ahead inc hosp,2021-02-04,06,quantile,0.4,1118
2021-01-25,11 day ahead inc hosp,2021-02-05,06,quantile,0.4,1081.6
2021-01-25,12 day ahead inc hosp,2021-02-06,06,quantile,0.4,1046.3
2021-01-25,13 day ahead inc hosp,2021-02-07,06,quantile,0.4,1012.1
2021-01-25,14 day ahead inc hosp,2021-02-08,06,quantile,0.4,978.8
2021-01-25,15 day ahead inc hosp,2021-02-09,06,quantile,0.4,946.6
2021-01-25,16 day ahead inc hosp,2021-02-10,06,quantile,0.4,915.3
2021-01-25,17 day ahead inc hosp,2021-02-11,06,quantile,0.4,884.9
2021-01-25,18 day ahead inc hosp,2021-02-12,06,quantile,0.4,855.5
2021-01-25,19 day ahead inc hosp,2021-02-13,06,quantile,0.4,827
2021-01-25,20 day ahead inc hosp,2021-02-14,06,quantile,0.4,799.3
2021-01-25,21 day ahead inc hosp,2021-02-15,06,quantile,0.4,772.5
2021-01-25,22 day ahead inc hosp,2021-02-16,06,quantile,0.4,746.5
2021-01-25,23 day ahead inc hosp,2021-02-17,06,quantile,0.4,721.4
2021-01-25,24 day ahead inc hosp,2021-02-18,06,quantile,0.4,697
2021-01-25,25 day ahead inc hosp,2021-02-19,06,quantile,0.4,673.4
2021-01-25,26 day ahead inc hosp,2021-02-20,06,quantile,0.4,650.5
2021-01-25,27 day ahead inc hosp,2021-02-21,06,quantile,0.4,628.3
2021-01-25,28 day ahead inc hosp,2021-02-22,06,quantile,0.4,606.8
2021-01-25,1 day ahead inc hosp,2021-01-26,06,quantile,0.45,1506.4
2021-01-25,2 day ahead inc hosp,2021-01-27,06,quantile,0.45,1459.8
2021-01-25,3 day ahead inc hosp,2021-01-28,06,quantile,0.45,1414.3
2021-01-25,4 day ahead inc hosp,2021-01-29,06,quantile,0.45,1369.9
2021-01-25,5 day ahead inc hosp,2021-01-30,06,quantile,0.45,1326.7
2021-01-25,6 day ahead inc hosp,2021-01-31,06,quantile,0.45,1284.7
2021-01-25,7 day ahead inc hosp,2021-02-01,06,quantile,0.45,1243.8
2021-01-25,8 day ahead inc hosp,2021-02-02,06,quantile,0.45,1204.1
2021-01-25,9 day ahead inc hosp,2021-02-03,06,quantile,0.45,1165.6
2021-01-25,10 day ahead inc hosp,2021-02-04,06,quantile,0.45,1128.1
2021-01-25,11 day ahead inc hosp,2021-02-05,06,quantile,0.45,1091.7
2021-01-25,12 day ahead inc hosp,2021-02-06,06,quantile,0.45,1056.4
2021-01-25,13 day ahead inc hosp,2021-02-07,06,quantile,0.45,1022.1
2021-01-25,14 day ahead inc hosp,2021-02-08,06,quantile,0.45,988.8
2021-01-25,15 day ahead inc hosp,2021-02-09,06,quantile,0.45,956.5
2021-01-25,16 day ahead inc hosp,2021-02-10,06,quantile,0.45,925.2
2021-01-25,17 day ahead inc hosp,2021-02-11,06,quantile,0.45,894.8
2021-01-25,18 day ahead inc hosp,2021-02-12,06,quantile,0.45,865.4
2021-01-25,19 day ahead inc hosp,2021-02-13,06,quantile,0.45,836.8
2021-01-25,20 day ahead inc hosp,2021-02-14,06,quantile,0.45,809.2
2021-01-25,21 day ahead inc hosp,2021-02-15,06,quantile,0.45,782.3
2021-01-25,22 day ahead inc hosp,2021-02-16,06,quantile,0.45,756.3
2021-01-25,23 day ahead inc hosp,2021-02-17,06,quantile,0.45,731.1
2021-01-25,24 day ahead inc hosp,2021-02-18,06,quantile,0.45,706.7
2021-01-25,25 day ahead inc hosp,2021-02-19,06,quantile,0.45,683.1
2021-01-25,26 day ahead inc hosp,2021-02-20,06,quantile,0.45,660.2
2021-01-25,27 day ahead inc hosp,2021-02-21,06,quantile,0.45,638
2021-01-25,28 day ahead inc hosp,2021-02-22,06,quantile,0.45,616.5
2021-01-25,1 day ahead inc hosp,2021-01-26,06,quantile,0.5,1516.6
2021-01-25,2 day ahead inc hosp,2021-01-27,06,quantile,0.5,1470
2021-01-25,3 day ahead inc hosp,2021-01-28,06,quantile,0.5,1424.4
2021-01-25,4 day ahead inc hosp,2021-01-29,06,quantile,0.5,1380
2021-01-25,5 day ahead inc hosp,2021-01-30,06,quantile,0.5,1336.8
2021-01-25,6 day ahead inc hosp,2021-01-31,06,quantile,0.5,1294.8
2021-01-25,7 day ahead inc hosp,2021-02-01,06,quantile,0.5,1253.9
2021-01-25,8 day ahead inc hosp,2021-02-02,06,quantile,0.5,1214.1
2021-01-25,9 day ahead inc hosp,2021-02-03,06,quantile,0.5,1175.5
2021-01-25,10 day ahead inc hosp,2021-02-04,06,quantile,0.5,1138
2021-01-25,11 day ahead inc hosp,2021-02-05,06,quantile,0.5,1101.6
2021-01-25,12 day ahead inc hosp,2021-02-06,06,quantile,0.5,1066.2
2021-01-25,13 day ahead inc hosp,2021-02-07,06,quantile,0.5,1031.9
2021-01-25,14 day ahead inc hosp,2021-02-08,06,quantile,0.5,998.6
2021-01-25,15 day ahead inc hosp,2021-02-09,06,quantile,0.5,966.3
2021-01-25,16 day ahead inc hosp,2021-02-10,06,quantile,0.5,935
2021-01-25,17 day ahead inc hosp,2021-02-11,06,quantile,0.5,904.6
2021-01-25,18 day ahead inc hosp,2021-02-12,06,quantile,0.5,875.1
2021-01-25,19 day ahead inc hosp,2021-02-13,06,quantile,0.5,846.5
2021-01-25,20 day ahead inc hosp,2021-02-14,06,quantile,0.5,818.8
2021-01-25,21 day ahead inc hosp,2021-02-15,06,quantile,0.5,792
2021-01-25,22 day ahead inc hosp,2021-02-16,06,quantile,0.5,765.9
2021-01-25,23 day ahead inc hosp,2021-02-17,06,quantile,0.5,740.7
2021-01-25,24 day ahead inc hosp,2021-02-18,06,quantile,0.5,716.3
2021-01-25,25 day ahead inc hosp,2021-02-19,06,quantile,0.5,692.6
2021-01-25,26 day ahead inc hosp,2021-02-20,06,quantile,0.5,669.7
2021-01-25,27 day ahead inc hosp,2021-02-21,06,quantile,0.5,647.5
2021-01-25,28 day ahead inc hosp,2021-02-22,06,quantile,0.5,626
2021-01-25,1 day ahead inc hosp,2021-01-26,06,quantile,0.55,1526.9
2021-01-25,2 day ahead inc hosp,2021-01-27,06,quantile,0.55,1480.2
2021-01-25,3 day ahead inc hosp,2021-01-28,06,quantile,0.55,1434.6
2021-01-25,4 day ahead inc hosp,2021-01-29,06,quantile,0.55,1390.2
2021-01-25,5 day ahead inc hosp,2021-01-30,06,quantile,0.55,1346.9
2021-01-25,6 day ahead inc hosp,2021-01-31,06,quantile,0.55,1304.8
2021-01-25,7 day ahead inc hosp,2021-02-01,06,quantile,0.55,1263.9
2021-01-25,8 day ahead inc hosp,2021-02-02,06,quantile,0.55,1224.1
2021-01-25,9 day ahead inc hosp,2021-02-03,06,quantile,0.55,1185.5
2021-01-25,10 day ahead inc hosp,2021-02-04,06,quantile,0.55,1148
2021-01-25,11 day ahead inc hosp,2021-02-05,06,quantile,0.55,1111.5
2021-01-25,12 day ahead inc hosp,2021-02-06,06,quantile,0.55,1076.1
2021-01-25,13 day ahead inc hosp,2021-02-07,06,quantile,0.55,1041.8
2021-01-25,14 day ahead inc hosp,2021-02-08,06,quantile,0.55,1008.4
2021-01-25,15 day ahead inc hosp,2021-02-09,06,quantile,0.55,976.1
2021-01-25,16 day ahead inc hosp,2021-02-10,06,quantile,0.55,944.7
2021-01-25,17 day ahead inc hosp,2021-02-11,06,quantile,0.55,914.3
2021-01-25,18 day ahead inc hosp,2021-02-12,06,quantile,0.55,884.8
2021-01-25,19 day ahead inc hosp,2021-02-13,06,quantile,0.55,856.2
2021-01-25,20 day ahead inc hosp,2021-02-14,06,quantile,0.55,828.5
2021-01-25,21 day ahead inc hosp,2021-02-15,06,quantile,0.55,801.6
2021-01-25,22 day ahead inc hosp,2021-02-16,06,quantile,0.55,775.6
2021-01-25,23 day ahead inc hosp,2021-02-17,06,quantile,0.55,750.3
2021-01-25,24 day ahead inc hosp,2021-02-18,06,quantile,0.55,725.9
2021-01-25,25 day ahead inc hosp,2021-02-19,06,quantile,0.55,702.2
2021-01-25,26 day ahead inc hosp,2021-02-20,06,quantile,0.55,679.2
2021-01-25,27 day ahead inc hosp,2021-02-21,06,quantile,0.55,657
2021-01-25,28 day ahead inc hosp,2021-02-22,06,quantile,0.55,635.5
2021-01-25,1 day ahead inc hosp,2021-01-26,06,quantile,0.6,1537.3
2021-01-25,2 day ahead inc hosp,2021-01-27,06,quantile,0.6,1490.6
2021-01-25,3 day ahead inc hosp,2021-01-28,06,quantile,0.6,1444.9
2021-01-25,4 day ahead inc hosp,2021-01-29,06,quantile,0.6,1400.5
2021-01-25,5 day ahead inc hosp,2021-01-30,06,quantile,0.6,1357.2
2021-01-25,6 day ahead inc hosp,2021-01-31,06,quantile,0.6,1315.1
2021-01-25,7 day ahead inc hosp,2021-02-01,06,quantile,0.6,1274.1
2021-01-25,8 day ahead inc hosp,2021-02-02,06,quantile,0.6,1234.3
2021-01-25,9 day ahead inc hosp,2021-02-03,06,quantile,0.6,1195.6
2021-01-25,10 day ahead inc hosp,2021-02-04,06,quantile,0.6,1158
2021-01-25,11 day ahead inc hosp,2021-02-05,06,quantile,0.6,1121.6
2021-01-25,12 day ahead inc hosp,2021-02-06,06,quantile,0.6,1086.2
2021-01-25,13 day ahead inc hosp,2021-02-07,06,quantile,0.6,1051.8
2021-01-25,14 day ahead inc hosp,2021-02-08,06,quantile,0.6,1018.4
2021-01-25,15 day ahead inc hosp,2021-02-09,06,quantile,0.6,986.1
2021-01-25,16 day ahead inc hosp,2021-02-10,06,quantile,0.6,954.7
2021-01-25,17 day ahead inc hosp,2021-02-11,06,quantile,0.6,924.2
2021-01-25,18 day ahead inc hosp,2021-02-12,06,quantile,0.6,894.7
2021-01-25,19 day ahead inc hosp,2021-02-13,06,quantile,0.6,866.1
2021-01-25,20 day ahead inc hosp,2021-02-14,06,quantile,0.6,838.3
2021-01-25,21 day ahead inc hosp,2021-02-15,06,quantile,0.6,811.4
2021-01-25,22 day ahead inc hosp,2021-02-16,06,quantile,0.6,785.3
2021-01-25,23 day ahead inc hosp,2021-02-17,06,quantile,0.6,760.1
2021-01-25,24 day ahead inc hosp,2021-02-18,06,quantile,0.6,735.6
2021-01-25,25 day ahead inc hosp,2021-02-19,06,quantile,0.6,711.9
2021-01-25,26 day ahead inc hosp,2021-02-20,06,quantile,0.6,688.9
2021-01-25,27 day ahead inc hosp,2021-02-21,06,quantile,0.6,666.7
2021-01-25,28 day ahead inc hosp,2021-02-22,06,quantile,0.6,645.1
2021-01-25,1 day ahead inc hosp,2021-01-26,06,quantile,0.65,1548.1
2021-01-25,2 day ahead inc hosp,2021-01-27,06,quantile,0.65,1501.3
2021-01-25,3 day ahead inc hosp,2021-01-28,06,quantile,0.65,1455.6
2021-01-25,4 day ahead inc hosp,2021-01-29,06,quantile,0.65,1411.1
2021-01-25,5 day ahead inc hosp,2021-01-30,06,quantile,0.65,1367.8
2021-01-25,6 day ahead inc hosp,2021-01-31,06,quantile,0.65,1325.6
2021-01-25,7 day ahead inc hosp,2021-02-01,06,quantile,0.65,1284.6
2021-01-25,8 day ahead inc hosp,2021-02-02,06,quantile,0.65,1244.8
2021-01-25,9 day ahead inc hosp,2021-02-03,06,quantile,0.65,1206.1
2021-01-25,10 day ahead inc hosp,2021-02-04,06,quantile,0.65,1168.5
2021-01-25,11 day ahead inc hosp,2021-02-05,06,quantile,0.65,1132
2021-01-25,12 day ahead inc hosp,2021-02-06,06,quantile,0.65,1096.5
2021-01-25,13 day ahead inc hosp,2021-02-07,06,quantile,0.65,1062.1
2021-01-25,14 day ahead inc hosp,2021-02-08,06,quantile,0.65,1028.7
2021-01-25,15 day ahead inc hosp,2021-02-09,06,quantile,0.65,996.3
2021-01-25,16 day ahead inc hosp,2021-02-10,06,quantile,0.65,964.9
2021-01-25,17 day ahead inc hosp,2021-02-11,06,quantile,0.65,934.4
2021-01-25,18 day ahead inc hosp,2021-02-12,06,quantile,0.65,904.9
2021-01-25,19 day ahead inc hosp,2021-02-13,06,quantile,0.65,876.2
2021-01-25,20 day ahead inc hosp,2021-02-14,06,quantile,0.65,848.5
2021-01-25,21 day ahead inc hosp,2021-02-15,06,quantile,0.65,821.5
2021-01-25,22 day ahead inc hosp,2021-02-16,06,quantile,0.65,795.4
2021-01-25,23 day ahead inc hosp,2021-02-17,06,quantile,0.65,770.2
2021-01-25,24 day ahead inc hosp,2021-02-18,06,quantile,0.65,745.7
2021-01-25,25 day ahead inc hosp,2021-02-19,06,quantile,0.65,721.9
2021-01-25,26 day ahead inc hosp,2021-02-20,06,quantile,0.65,698.9
2021-01-25,27 day ahead inc hosp,2021-02-21,06,quantile,0.65,676.7
2021-01-25,28 day ahead inc hosp,2021-02-22,06,quantile,0.65,655.1
2021-01-25,1 day ahead inc hosp,2021-01-26,06,quantile,0.7,1559.4
2021-01-25,2 day ahead inc hosp,2021-01-27,06,quantile,0.7,1512.6
2021-01-25,3 day ahead inc hosp,2021-01-28,06,quantile,0.7,1466.9
2021-01-25,4 day ahead inc hosp,2021-01-29,06,quantile,0.7,1422.3
2021-01-25,5 day ahead inc hosp,2021-01-30,06,quantile,0.7,1379
2021-01-25,6 day ahead inc hosp,2021-01-31,06,quantile,0.7,1336.8
2021-01-25,7 day ahead inc hosp,2021-02-01,06,quantile,0.7,1295.7
2021-01-25,8 day ahead inc hosp,2021-02-02,06,quantile,0.7,1255.9
2021-01-25,9 day ahead inc hosp,2021-02-03,06,quantile,0.7,1217.1
2021-01-25,10 day ahead inc hosp,2021-02-04,06,quantile,0.7,1179.5
2021-01-25,11 day ahead inc hosp,2021-02-05,06,quantile,0.7,1142.9
2021-01-25,12 day ahead inc hosp,2021-02-06,06,quantile,0.7,1107.5
2021-01-25,13 day ahead inc hosp,2021-02-07,06,quantile,0.7,1073
2021-01-25,14 day ahead inc hosp,2021-02-08,06,quantile,0.7,1039.6
2021-01-25,15 day ahead inc hosp,2021-02-09,06,quantile,0.7,1007.2
2021-01-25,16 day ahead inc hosp,2021-02-10,06,quantile,0.7,975.7
2021-01-25,17 day ahead inc hosp,2021-02-11,06,quantile,0.7,945.2
2021-01-25,18 day ahead inc hosp,2021-02-12,06,quantile,0.7,915.6
2021-01-25,19 day ahead inc hosp,2021-02-13,06,quantile,0.7,887
2021-01-25,20 day ahead inc hosp,2021-02-14,06,quantile,0.7,859.2
2021-01-25,21 day ahead inc hosp,2021-02-15,06,quantile,0.7,832.2
2021-01-25,22 day ahead inc hosp,2021-02-16,06,quantile,0.7,806.1
2021-01-25,23 day ahead inc hosp,2021-02-17,06,quantile,0.7,780.8
2021-01-25,24 day ahead inc hosp,2021-02-18,06,quantile,0.7,756.3
2021-01-25,25 day ahead inc hosp,2021-02-19,06,quantile,0.7,732.5
2021-01-25,26 day ahead inc hosp,2021-02-20,06,quantile,0.7,709.5
2021-01-25,27 day ahead inc hosp,2021-02-21,06,quantile,0.7,687.2
2021-01-25,28 day ahead inc hosp,2021-02-22,06,quantile,0.7,665.6
2021-01-25,1 day ahead inc hosp,2021-01-26,06,quantile,0.75,1571.6
2021-01-25,2 day ahead inc hosp,2021-01-27,06,quantile,0.75,1524.8
2021-01-25,3 day ahead inc hosp,2021-01-28,06,quantile,0.75,1479
2021-01-25,4 day ahead inc hosp,2021-01-29,06,quantile,0.75,1434.4
2021-01-25,5 day ahead inc hosp,2021-01-30,06,quantile,0.75,1391
2021-01-25,6 day ahead inc hosp,2021-01-31,06,quantile,0.75,1348.8
2021-01-25,7 day ahead inc hosp,2021-02-01,06,quantile,0.75,1307.7
2021-01-25,8 day ahead inc hosp,2021-02-02,06,quantile,0.75,1267.8
2021-01-25,9 day ahead inc hosp,2021-02-03,06,quantile,0.75,1229
2021-01-25,10 day ahead inc hosp,2021-02-04,06,quantile,0.75,1191.3
2021-01-25,11 day ahead inc hosp,2021-02-05,06,quantile,0.75,1154.8
2021-01-25,12 day ahead inc hosp,2021-02-06,06,quantile,0.75,1119.2
2021-01-25,13 day ahead inc hosp,2021-02-07,06,quantile,0.75,1084.8
2021-01-25,14 day ahead inc hosp,2021-02-08,06,quantile,0.75,1051.3
2021-01-25,15 day ahead inc hosp,2021-02-09,06,quantile,0.75,1018.9
2021-01-25,16 day ahead inc hosp,2021-02-10,06,quantile,0.75,987.4
2021-01-25,17 day ahead inc hosp,2021-02-11,06,quantile,0.75,956.9
2021-01-25,18 day ahead inc hosp,2021-02-12,06,quantile,0.75,927.2
2021-01-25,19 day ahead inc hosp,2021-02-13,06,quantile,0.75,898.5
2021-01-25,20 day ahead inc hosp,2021-02-14,06,quantile,0.75,870.7
2021-01-25,21 day ahead inc hosp,2021-02-15,06,quantile,0.75,843.7
2021-01-25,22 day ahead inc hosp,2021-02-16,06,quantile,0.75,817.6
2021-01-25,23 day ahead inc hosp,2021-02-17,06,quantile,0.75,792.2
2021-01-25,24 day ahead inc hosp,2021-02-18,06,quantile,0.75,767.7
2021-01-25,25 day ahead inc hosp,2021-02-19,06,quantile,0.75,743.9
2021-01-25,26 day ahead inc hosp,2021-02-20,06,quantile,0.75,720.9
2021-01-25,27 day ahead inc hosp,2021-02-21,06,quantile,0.75,698.6
2021-01-25,28 day ahead inc hosp,2021-02-22,06,quantile,0.75,677
2021-01-25,1 day ahead inc hosp,2021-01-26,06,quantile,0.8,1585.3
2021-01-25,2 day ahead inc hosp,2021-01-27,06,quantile,0.8,1538.4
2021-01-25,3 day ahead inc hosp,2021-01-28,06,quantile,0.8,1492.6
2021-01-25,4 day ahead inc hosp,2021-01-29,06,quantile,0.8,1447.9
2021-01-25,5 day ahead inc hosp,2021-01-30,06,quantile,0.8,1404.5
2021-01-25,6 day ahead inc hosp,2021-01-31,06,quantile,0.8,1362.2
2021-01-25,7 day ahead inc hosp,2021-02-01,06,quantile,0.8,1321.1
2021-01-25,8 day ahead inc hosp,2021-02-02,06,quantile,0.8,1281.1
2021-01-25,9 day ahead inc hosp,2021-02-03,06,quantile,0.8,1242.3
2021-01-25,10 day ahead inc hosp,2021-02-04,06,quantile,0.8,1204.6
2021-01-25,11 day ahead inc hosp,2021-02-05,06,quantile,0.8,1167.9
2021-01-25,12 day ahead inc hosp,2021-02-06,06,quantile,0.8,1132.4
2021-01-25,13 day ahead inc hosp,2021-02-07,06,quantile,0.8,1097.9
2021-01-25,14 day ahead inc hosp,2021-02-08,06,quantile,0.8,1064.4
2021-01-25,15 day ahead inc hosp,2021-02-09,06,quantile,0.8,1031.9
2021-01-25,16 day ahead inc hosp,2021-02-10,06,quantile,0.8,1000.4
2021-01-25,17 day ahead inc hosp,2021-02-11,06,quantile,0.8,969.8
2021-01-25,18 day ahead inc hosp,2021-02-12,06,quantile,0.8,940.2
2021-01-25,19 day ahead inc hosp,2021-02-13,06,quantile,0.8,911.4
2021-01-25,20 day ahead inc hosp,2021-02-14,06,quantile,0.8,883.6
2021-01-25,21 day ahead inc hosp,2021-02-15,06,quantile,0.8,856.5
2021-01-25,22 day ahead inc hosp,2021-02-16,06,quantile,0.8,830.4
2021-01-25,23 day ahead inc hosp,2021-02-17,06,quantile,0.8,805
2021-01-25,24 day ahead inc hosp,2021-02-18,06,quantile,0.8,780.4
2021-01-25,25 day ahead inc hosp,2021-02-19,06,quantile,0.8,756.6
2021-01-25,26 day ahead inc hosp,2021-02-20,06,quantile,0.8,733.6
2021-01-25,27 day ahead inc hosp,2021-02-21,06,quantile,0.8,711.2
2021-01-25,28 day ahead inc hosp,2021-02-22,06,quantile,0.8,689.6
2021-01-25,1 day ahead inc hosp,2021-01-26,06,quantile,0.85,1601.2
2021-01-25,2 day ahead inc hosp,2021-01-27,06,quantile,0.85,1554.2
2021-01-25,3 day ahead inc hosp,2021-01-28,06,quantile,0.85,1508.3
2021-01-25,4 day ahead inc hosp,2021-01-29,06,quantile,0.85,1463.6
2021-01-25,5 day ahead inc hosp,2021-01-30,06,quantile,0.85,1420.1
2021-01-25,6 day ahead inc hosp,2021-01-31,06,quantile,0.85,1377.8
2021-01-25,7 day ahead inc hosp,2021-02-01,06,quantile,0.85,1336.6
2021-01-25,8 day ahead inc hosp,2021-02-02,06,quantile,0.85,1296.6
2021-01-25,9 day ahead inc hosp,2021-02-03,06,quantile,0.85,1257.7
2021-01-25,10 day ahead inc hosp,2021-02-04,06,quantile,0.85,1220
2021-01-25,11 day ahead inc hosp,2021-02-05,06,quantile,0.85,1183.3
2021-01-25,12 day ahead inc hosp,2021-02-06,06,quantile,0.85,1147.7
2021-01-25,13 day ahead inc hosp,2021-02-07,06,quantile,0.85,1113.1
2021-01-25,14 day ahead inc hosp,2021-02-08,06,quantile,0.85,1079.6
2021-01-25,15 day ahead inc hosp,2021-02-09,06,quantile,0.85,1047.1
2021-01-25,16 day ahead inc hosp,2021-02-10,06,quantile,0.85,1015.5
2021-01-25,17 day ahead inc hosp,2021-02-11,06,quantile,0.85,984.9
2021-01-25,18 day ahead inc hosp,2021-02-12,06,quantile,0.85,955.2
2021-01-25,19 day ahead inc hosp,2021-02-13,06,quantile,0.85,926.4
2021-01-25,20 day ahead inc hosp,2021-02-14,06,quantile,0.85,898.5
2021-01-25,21 day ahead inc hosp,2021-02-15,06,quantile,0.85,871.5
2021-01-25,22 day ahead inc hosp,2021-02-16,06,quantile,0.85,845.3
2021-01-25,23 day ahead inc hosp,2021-02-17,06,quantile,0.85,819.9
2021-01-25,24 day ahead inc hosp,2021-02-18,06,quantile,0.85,795.3
2021-01-25,25 day ahead inc hosp,2021-02-19,06,quantile,0.85,771.4
2021-01-25,26 day ahead inc hosp,2021-02-20,06,quantile,0.85,748.4
2021-01-25,27 day ahead inc hosp,2021-02-21,06,quantile,0.85,726
2021-01-25,28 day ahead inc hosp,2021-02-22,06,quantile,0.85,704.3
2021-01-25,1 day ahead inc hosp,2021-01-26,06,quantile,0.9,1621.1
2021-01-25,2 day ahead inc hosp,2021-01-27,06,quantile,0.9,1574.1
2021-01-25,3 day ahead inc hosp,2021-01-28,06,quantile,0.9,1528.2
2021-01-25,4 day ahead inc hosp,2021-01-29,06,quantile,0.9,1483.4
2021-01-25,5 day ahead inc hosp,2021-01-30,06,quantile,0.9,1439.8
2021-01-25,6 day ahead inc hosp,2021-01-31,06,quantile,0.9,1397.4
2021-01-25,7 day ahead inc hosp,2021-02-01,06,quantile,0.9,1356.2
2021-01-25,8 day ahead inc hosp,2021-02-02,06,quantile,0.9,1316.1
2021-01-25,9 day ahead inc hosp,2021-02-03,06,quantile,0.9,1277.2
2021-01-25,10 day ahead inc hosp,2021-02-04,06,quantile,0.9,1239.3
2021-01-25,11 day ahead inc hosp,2021-02-05,06,quantile,0.9,1202.6
2021-01-25,12 day ahead inc hosp,2021-02-06,06,quantile,0.9,1167
2021-01-25,13 day ahead inc hosp,2021-02-07,06,quantile,0.9,1132.3
2021-01-25,14 day ahead inc hosp,2021-02-08,06,quantile,0.9,1098.8
2021-01-25,15 day ahead inc hosp,2021-02-09,06,quantile,0.9,1066.2
2021-01-25,16 day ahead inc hosp,2021-02-10,06,quantile,0.9,1034.6
2021-01-25,17 day ahead inc hosp,2021-02-11,06,quantile,0.9,1003.9
2021-01-25,18 day ahead inc hosp,2021-02-12,06,quantile,0.9,974.2
2021-01-25,19 day ahead inc hosp,2021-02-13,06,quantile,0.9,945.3
2021-01-25,20 day ahead inc hosp,2021-02-14,06,quantile,0.9,917.4
2021-01-25,21 day ahead inc hosp,2021-02-15,06,quantile,0.9,890.3
2021-01-25,22 day ahead inc hosp,2021-02-16,06,quantile,0.9,864.1
2021-01-25,23 day ahead inc hosp,2021-02-17,06,quantile,0.9,838.6
2021-01-25,24 day ahead inc hosp,2021-02-18,06,quantile,0.9,814
2021-01-25,25 day ahead inc hosp,2021-02-19,06,quantile,0.9,790.1
2021-01-25,26 day ahead inc hosp,2021-02-20,06,quantile,0.9,767
2021-01-25,27 day ahead inc hosp,2021-02-21,06,quantile,0.9,744.6
2021-01-25,28 day ahead inc hosp,2021-02-22,06,quantile,0.9,722.9
2021-01-25,1 day ahead inc hosp,2021-01-26,06,quantile,0.95,1650.8
2021-01-25,2 day ahead inc hosp,2021-01-27,06,quantile,0.95,1603.6
2021-01-25,3 day ahead inc hosp,2021-01-28,06,quantile,0.95,1557.6
2021-01-25,4 day ahead inc hosp,2021-01-29,06,quantile,0.95,1512.7
2021-01-25,5 day ahead inc hosp,2021-01-30,06,quantile,0.95,1469
2021-01-25,6 day ahead inc hosp,2021-01-31,06,quantile,0.95,1426.5
2021-01-25,7 day ahead inc hosp,2021-02-01,06,quantile,0.95,1385.2
2021-01-25,8 day ahead inc hosp,2021-02-02,06,quantile,0.95,1345
2021-01-25,9 day ahead inc hosp,2021-02-03,06,quantile,0.95,1306
2021-01-25,10 day ahead inc hosp,2021-02-04,06,quantile,0.95,1268.1
2021-01-25,11 day ahead inc hosp,2021-02-05,06,quantile,0.95,1231.2
2021-01-25,12 day ahead inc hosp,2021-02-06,06,quantile,0.95,1195.5
2021-01-25,13 day ahead inc hosp,2021-02-07,06,quantile,0.95,1160.8
2021-01-25,14 day ahead inc hosp,2021-02-08,06,quantile,0.95,1127.1
2021-01-25,15 day ahead inc hosp,2021-02-09,06,quantile,0.95,1094.5
2021-01-25,16 day ahead inc hosp,2021-02-10,06,quantile,0.95,1062.8
2021-01-25,17 day ahead inc hosp,2021-02-11,06,quantile,0.95,1032.1
2021-01-25,18 day ahead inc hosp,2021-02-12,06,quantile,0.95,1002.3
2021-01-25,19 day ahead inc hosp,2021-02-13,06,quantile,0.95,973.4
2021-01-25,20 day ahead inc hosp,2021-02-14,06,quantile,0.95,945.3
2021-01-25,21 day ahead inc hosp,2021-02-15,06,quantile,0.95,918.2
2021-01-25,22 day ahead inc hosp,2021-02-16,06,quantile,0.95,891.9
2021-01-25,23 day ahead inc hosp,2021-02-17,06,quantile,0.95,866.4
2021-01-25,24 day ahead inc hosp,2021-02-18,06,quantile,0.95,841.7
2021-01-25,25 day ahead inc hosp,2021-02-19,06,quantile,0.95,817.7
2021-01-25,26 day ahead inc hosp,2021-02-20,06,quantile,0.95,794.5
2021-01-25,27 day ahead inc hosp,2021-02-21,06,quantile,0.95,772.1
2021-01-25,28 day ahead inc hosp,2021-02-22,06,quantile,0.95,750.3
2021-01-25,1 day ahead inc hosp,2021-01-26,06,quantile,0.975,1676.5
2021-01-25,2 day ahead inc hosp,2021-01-27,06,quantile,0.975,1629.2
2021-01-25,3 day ahead inc hosp,2021-01-28,06,quantile,0.975,1583.1
2021-01-25,4 day ahead inc hosp,2021-01-29,06,quantile,0.975,1538.1
2021-01-25,5 day ahead inc hosp,2021-01-30,06,quantile,0.975,1494.3
2021-01-25,6 day ahead inc hosp,2021-01-31,06,quantile,0.975,1451.8
2021-01-25,7 day ahead inc hosp,2021-02-01,06,quantile,0.975,1410.3
2021-01-25,8 day ahead inc hosp,2021-02-02,06,quantile,0.975,1370.1
2021-01-25,9 day ahead inc hosp,2021-02-03,06,quantile,0.975,1331
2021-01-25,10 day ahead inc hosp,2021-02-04,06,quantile,0.975,1293
2021-01-25,11 day ahead inc hosp,2021-02-05,06,quantile,0.975,1256.1
2021-01-25,12 day ahead inc hosp,2021-02-06,06,quantile,0.975,1220.3
2021-01-25,13 day ahead inc hosp,2021-02-07,06,quantile,0.975,1185.5
2021-01-25,14 day ahead inc hosp,2021-02-08,06,quantile,0.975,1151.8
2021-01-25,15 day ahead inc hosp,2021-02-09,06,quantile,0.975,1119
2021-01-25,16 day ahead inc hosp,2021-02-10,06,quantile,0.975,1087.3
2021-01-25,17 day ahead inc hosp,2021-02-11,06,quantile,0.975,1056.5
2021-01-25,18 day ahead inc hosp,2021-02-12,06,quantile,0.975,1026.6
2021-01-25,19 day ahead inc hosp,2021-02-13,06,quantile,0.975,997.7
2021-01-25,20 day ahead inc hosp,2021-02-14,06,quantile,0.975,969.6
2021-01-25,21 day ahead inc hosp,2021-02-15,06,quantile,0.975,942.4
2021-01-25,22 day ahead inc hosp,2021-02-16,06,quantile,0.975,916
2021-01-25,23 day ahead inc hosp,2021-02-17,06,quantile,0.975,890.4
2021-01-25,24 day ahead inc hosp,2021-02-18,06,quantile,0.975,865.7
2021-01-25,25 day ahead inc hosp,2021-02-19,06,quantile,0.975,841.7
2021-01-25,26 day ahead inc hosp,2021-02-20,06,quantile,0.975,818.5
2021-01-25,27 day ahead inc hosp,2021-02-21,06,quantile,0.975,795.9
2021-01-25,28 day ahead inc hosp,2021-02-22,06,quantile,0.975,774.2
2021-01-25,1 day ahead inc hosp,2021-01-26,06,quantile,0.99,1706.3
2021-01-25,2 day ahead inc hosp,2021-01-27,06,quantile,0.99,1659
2021-01-25,3 day ahead inc hosp,2021-01-28,06,quantile,0.99,1612.7
2021-01-25,4 day ahead inc hosp,2021-01-29,06,quantile,0.99,1567.7
2021-01-25,5 day ahead inc hosp,2021-01-30,06,quantile,0.99,1523.8
2021-01-25,6 day ahead inc hosp,2021-01-31,06,quantile,0.99,1481.1
2021-01-25,7 day ahead inc hosp,2021-02-01,06,quantile,0.99,1439.6
2021-01-25,8 day ahead inc hosp,2021-02-02,06,quantile,0.99,1399.2
2021-01-25,9 day ahead inc hosp,2021-02-03,06,quantile,0.99,1360
2021-01-25,10 day ahead inc hosp,2021-02-04,06,quantile,0.99,1321.9
2021-01-25,11 day ahead inc hosp,2021-02-05,06,quantile,0.99,1285
2021-01-25,12 day ahead inc hosp,2021-02-06,06,quantile,0.99,1249.1
2021-01-25,13 day ahead inc hosp,2021-02-07,06,quantile,0.99,1214.2
2021-01-25,14 day ahead inc hosp,2021-02-08,06,quantile,0.99,1180.4
2021-01-25,15 day ahead inc hosp,2021-02-09,06,quantile,0.99,1147.6
2021-01-25,16 day ahead inc hosp,2021-02-10,06,quantile,0.99,1115.7
2021-01-25,17 day ahead inc hosp,2021-02-11,06,quantile,0.99,1084.9
2021-01-25,18 day ahead inc hosp,2021-02-12,06,quantile,0.99,1054.9
2021-01-25,19 day ahead inc hosp,2021-02-13,06,quantile,0.99,1025.9
2021-01-25,20 day ahead inc hosp,2021-02-14,06,quantile,0.99,997.8
2021-01-25,21 day ahead inc hosp,2021-02-15,06,quantile,0.99,970.5
2021-01-25,22 day ahead inc hosp,2021-02-16,06,quantile,0.99,944
2021-01-25,23 day ahead inc hosp,2021-02-17,06,quantile,0.99,918.4
2021-01-25,24 day ahead inc hosp,2021-02-18,06,quantile,0.99,893.6
2021-01-25,25 day ahead inc hosp,2021-02-19,06,quantile,0.99,869.6
2021-01-25,26 day ahead inc hosp,2021-02-20,06,quantile,0.99,846.3
2021-01-25,27 day ahead inc hosp,2021-02-21,06,quantile,0.99,823.7
2021-01-25,28 day ahead inc hosp,2021-02-22,06,quantile,0.99,801.9
2021-01-25,1 day ahead inc hosp,2021-01-26,06,point,NA,1516.6
2021-01-25,2 day ahead inc hosp,2021-01-27,06,point,NA,1470
2021-01-25,3 day ahead inc hosp,2021-01-28,06,point,NA,1424.4
2021-01-25,4 day ahead inc hosp,2021-01-29,06,point,NA,1380
2021-01-25,5 day ahead inc hosp,2021-01-30,06,point,NA,1336.8
2021-01-25,6 day ahead inc hosp,2021-01-31,06,point,NA,1294.8
2021-01-25,7 day ahead inc hosp,2021-02-01,06,point,NA,1253.9
2021-01-25,8 day ahead inc hosp,2021-02-02,06,point,NA,1214.1
2021-01-25,9 day ahead inc hosp,2021-02-03,06,point,NA,1175.5
2021-01-25,10 day ahead inc hosp,2021-02-04,06,point,NA,1138
2021-01-25,11 day ahead inc hosp,2021-02-05,06,point,NA,1101.6
2021-01-25,12 day ahead inc hosp,2021-02-06,06,point,NA,1066.2
2021-01-25,13 day ahead inc hosp,2021-02-07,06,point,NA,1031.9
2021-01-25,14 day ahead inc hosp,2021-02-08,06,point,NA,998.6
2021-01-25,15 day ahead inc hosp,2021-02-09,06,point,NA,966.3
2021-01-25,16 day ahead inc hosp,2021-02-10,06,point,NA,935
2021-01-25,17 day ahead inc hosp,2021-02-11,06,point,NA,904.6
2021-01-25,18 day ahead inc hosp,2021-02-12,06,point,NA,875.1
2021-01-25,19 day ahead inc hosp,2021-02-13,06,point,NA,846.5
2021-01-25,20 day ahead inc hosp,2021-02-14,06,point,NA,818.8
2021-01-25,21 day ahead inc hosp,2021-02-15,06,point,NA,792
2021-01-25,22 day ahead inc hosp,2021-02-16,06,point,NA,765.9
2021-01-25,23 day ahead inc hosp,2021-02-17,06,point,NA,740.7
2021-01-25,24 day ahead inc hosp,2021-02-18,06,point,NA,716.3
2021-01-25,25 day ahead inc hosp,2021-02-19,06,point,NA,692.6
2021-01-25,26 day ahead inc hosp,2021-02-20,06,point,NA,669.7
2021-01-25,27 day ahead inc hosp,2021-02-21,06,point,NA,647.5
2021-01-25,28 day ahead inc hosp,2021-02-22,06,point,NA,626
2021-01-25,1 wk ahead inc death,2021-01-30,06,quantile,0.01,2713
2021-01-25,2 wk ahead inc death,2021-02-06,06,quantile,0.01,2475
2021-01-25,3 wk ahead inc death,2021-02-13,06,quantile,0.01,2161
2021-01-25,4 wk ahead inc death,2021-02-20,06,quantile,0.01,1820
2021-01-25,1 wk ahead inc death,2021-01-30,06,quantile,0.025,2762
2021-01-25,2 wk ahead inc death,2021-02-06,06,quantile,0.025,2523
2021-01-25,3 wk ahead inc death,2021-02-13,06,quantile,0.025,2209
2021-01-25,4 wk ahead inc death,2021-02-20,06,quantile,0.025,1867
2021-01-25,1 wk ahead inc death,2021-01-30,06,quantile,0.05,2803
2021-01-25,2 wk ahead inc death,2021-02-06,06,quantile,0.05,2564
2021-01-25,3 wk ahead inc death,2021-02-13,06,quantile,0.05,2250
2021-01-25,4 wk ahead inc death,2021-02-20,06,quantile,0.05,1908
2021-01-25,1 wk ahead inc death,2021-01-30,06,quantile,0.1,2851
2021-01-25,2 wk ahead inc death,2021-02-06,06,quantile,0.1,2612
2021-01-25,3 wk ahead inc death,2021-02-13,06,quantile,0.1,2297
2021-01-25,4 wk ahead inc death,2021-02-20,06,quantile,0.1,1954
2021-01-25,1 wk ahead inc death,2021-01-30,06,quantile,0.15,2883
2021-01-25,2 wk ahead inc death,2021-02-06,06,quantile,0.15,2644
2021-01-25,3 wk ahead inc death,2021-02-13,06,quantile,0.15,2329
2021-01-25,4 wk ahead inc death,2021-02-20,06,quantile,0.15,1986
2021-01-25,1 wk ahead inc death,2021-01-30,06,quantile,0.2,2909
2021-01-25,2 wk ahead inc death,2021-02-06,06,quantile,0.2,2669
2021-01-25,3 wk ahead inc death,2021-02-13,06,quantile,0.2,2354
2021-01-25,4 wk ahead inc death,2021-02-20,06,quantile,0.2,2011
2021-01-25,1 wk ahead inc death,2021-01-30,06,quantile,0.25,2931
2021-01-25,2 wk ahead inc death,2021-02-06,06,quantile,0.25,2691
2021-01-25,3 wk ahead inc death,2021-02-13,06,quantile,0.25,2376
2021-01-25,4 wk ahead inc death,2021-02-20,06,quantile,0.25,2032
2021-01-25,1 wk ahead inc death,2021-01-30,06,quantile,0.3,2951
2021-01-25,2 wk ahead inc death,2021-02-06,06,quantile,0.3,2711
2021-01-25,3 wk ahead inc death,2021-02-13,06,quantile,0.3,2395
2021-01-25,4 wk ahead inc death,2021-02-20,06,quantile,0.3,2052
2021-01-25,1 wk ahead inc death,2021-01-30,06,quantile,0.35,2969
2021-01-25,2 wk ahead inc death,2021-02-06,06,quantile,0.35,2729
2021-01-25,3 wk ahead inc death,2021-02-13,06,quantile,0.35,2413
2021-01-25,4 wk ahead inc death,2021-02-20,06,quantile,0.35,2069
2021-01-25,1 wk ahead inc death,2021-01-30,06,quantile,0.4,2986
2021-01-25,2 wk ahead inc death,2021-02-06,06,quantile,0.4,2746
2021-01-25,3 wk ahead inc death,2021-02-13,06,quantile,0.4,2430
2021-01-25,4 wk ahead inc death,2021-02-20,06,quantile,0.4,2086
2021-01-25,1 wk ahead inc death,2021-01-30,06,quantile,0.45,3003
2021-01-25,2 wk ahead inc death,2021-02-06,06,quantile,0.45,2763
2021-01-25,3 wk ahead inc death,2021-02-13,06,quantile,0.45,2447
2021-01-25,4 wk ahead inc death,2021-02-20,06,quantile,0.45,2103
2021-01-25,1 wk ahead inc death,2021-01-30,06,quantile,0.5,3020
2021-01-25,2 wk ahead inc death,2021-02-06,06,quantile,0.5,2780
2021-01-25,3 wk ahead inc death,2021-02-13,06,quantile,0.5,2463
2021-01-25,4 wk ahead inc death,2021-02-20,06,quantile,0.5,2119
2021-01-25,1 wk ahead inc death,2021-01-30,06,quantile,0.55,3036
2021-01-25,2 wk ahead inc death,2021-02-06,06,quantile,0.55,2796
2021-01-25,3 wk ahead inc death,2021-02-13,06,quantile,0.55,2479
2021-01-25,4 wk ahead inc death,2021-02-20,06,quantile,0.55,2135
2021-01-25,1 wk ahead inc death,2021-01-30,06,quantile,0.6,3053
2021-01-25,2 wk ahead inc death,2021-02-06,06,quantile,0.6,2813
2021-01-25,3 wk ahead inc death,2021-02-13,06,quantile,0.6,2496
2021-01-25,4 wk ahead inc death,2021-02-20,06,quantile,0.6,2151
2021-01-25,1 wk ahead inc death,2021-01-30,06,quantile,0.65,3070
2021-01-25,2 wk ahead inc death,2021-02-06,06,quantile,0.65,2830
2021-01-25,3 wk ahead inc death,2021-02-13,06,quantile,0.65,2513
2021-01-25,4 wk ahead inc death,2021-02-20,06,quantile,0.65,2168
2021-01-25,1 wk ahead inc death,2021-01-30,06,quantile,0.7,3089
2021-01-25,2 wk ahead inc death,2021-02-06,06,quantile,0.7,2848
2021-01-25,3 wk ahead inc death,2021-02-13,06,quantile,0.7,2531
2021-01-25,4 wk ahead inc death,2021-02-20,06,quantile,0.7,2186
2021-01-25,1 wk ahead inc death,2021-01-30,06,quantile,0.75,3109
2021-01-25,2 wk ahead inc death,2021-02-06,06,quantile,0.75,2868
2021-01-25,3 wk ahead inc death,2021-02-13,06,quantile,0.75,2550
2021-01-25,4 wk ahead inc death,2021-02-20,06,quantile,0.75,2205
2021-01-25,1 wk ahead inc death,2021-01-30,06,quantile,0.8,3131
2021-01-25,2 wk ahead inc death,2021-02-06,06,quantile,0.8,2890
2021-01-25,3 wk ahead inc death,2021-02-13,06,quantile,0.8,2572
2021-01-25,4 wk ahead inc death,2021-02-20,06,quantile,0.8,2227
2021-01-25,1 wk ahead inc death,2021-01-30,06,quantile,0.85,3156
2021-01-25,2 wk ahead inc death,2021-02-06,06,quantile,0.85,2915
2021-01-25,3 wk ahead inc death,2021-02-13,06,quantile,0.85,2597
2021-01-25,4 wk ahead inc death,2021-02-20,06,quantile,0.85,2252
2021-01-25,1 wk ahead inc death,2021-01-30,06,quantile,0.9,3188
2021-01-25,2 wk ahead inc death,2021-02-06,06,quantile,0.9,2947
2021-01-25,3 wk ahead inc death,2021-02-13,06,quantile,0.9,2629
2021-01-25,4 wk ahead inc death,2021-02-20,06,quantile,0.9,2283
2021-01-25,1 wk ahead inc death,2021-01-30,06,quantile,0.95,3236
2021-01-25,2 wk ahead inc death,2021-02-06,06,quantile,0.95,2995
2021-01-25,3 wk ahead inc death,2021-02-13,06,quantile,0.95,2676
2021-01-25,4 wk ahead inc death,2021-02-20,06,quantile,0.95,2330
2021-01-25,1 wk ahead inc death,2021-01-30,06,quantile,0.975,3278
2021-01-25,2 wk ahead inc death,2021-02-06,06,quantile,0.975,3036
2021-01-25,3 wk ahead inc death,2021-02-13,06,quantile,0.975,2717
2021-01-25,4 wk ahead inc death,2021-02-20,06,quantile,0.975,2370
2021-01-25,1 wk ahead inc death,2021-01-30,06,quantile,0.99,3326
2021-01-25,2 wk ahead inc death,2021-02-06,06,quantile,0.99,3084
2021-01-25,3 wk ahead inc death,2021-02-13,06,quantile,0.99,2765
2021-01-25,4 wk ahead inc death,2021-02-20,06,quantile,0.99,2417
2021-01-25,1 wk ahead inc death,2021-01-30,06,point,NA,3020
2021-01-25,2 wk ahead inc death,2021-02-06,06,point,NA,2780
2021-01-25,3 wk ahead inc death,2021-02-13,06,point,NA,2463
2021-01-25,4 wk ahead inc death,2021-02-20,06,point,NA,2119
