forecast_date,target,target_end_date,location,type,quantile,value
2021-02-01,1 wk ahead inc case,2021-02-06,06,quantile,0.025,117366
2021-02-01,2 wk ahead inc case,2021-02-13,06,quantile,0.025,92981
2021-02-01,3 wk ahead inc case,2021-02-20,06,quantile,0.025,73133
2021-02-01,4 wk ahead inc case,2021-02-27,06,quantile,0.025,57130
2021-02-01,1 wk ahead inc case,2021-02-06,06,quantile,0.1,124002
2021-02-01,2 wk ahead inc case,2021-02-13,06,quantile,0.1,98942
2021-02-01,3 wk ahead inc case,2021-02-20,06,quantile,0.1,78476
2021-02-01,4 wk ahead inc case,2021-02-27,06,quantile,0.1,61911
2021-02-01,1 wk ahead inc case,2021-02-06,06,quantile,0.25,129940
2021-02-01,2 wk ahead inc case,2021-02-13,06,quantile,0.25,104275
2021-02-01,3 wk ahead inc case,2021-02-20,06,quantile,0.25,83256
2021-02-01,4 wk ahead inc case,2021-02-27,06,quantile,0.25,66189
2021-02-01,1 wk ahead inc case,2021-02-06,06,quantile,0.5,136537
2021-02-01,2 wk ahead inc case,2021-02-13,06,quantile,0.5,110201
2021-02-01,3 wk ahead inc case,2021-02-20,06,quantile,0.5,88568
2021-02-01,4 wk ahead inc case,2021-02-27,06,quantile,0.5,70942
2021-02-01,1 wk ahead inc case,2021-02-06,06,quantile,0.75,143134
2021-02-01,2 wk ahead inc case,2021-02-13,06,quantile,0.75,116127
2021-02-01,3 wk ahead inc case,2021-02-20,06,quantile,0.75,93880
2021-02-01,4 wk ahead inc case,2021-02-27,06,quantile,0.75,75696
2021-02-01,1 wk ahead inc case,2021-02-06,06,quantile,0.9,149072
2021-02-01,2 wk ahead inc case,2021-02-13,06,quantile,0.9,121461
2021-02-01,3 wk ahead inc case,2021-02-20,06,quantile,0.9,98661
2021-02-01,4 wk ahead inc case,2021-02-27,06,quantile,0.9,79974
2021-02-01,1 wk ahead inc case,2021-02-06,06,quantile,0.975,155707
2021-02-01,2 wk ahead inc case,2021-02-13,06,quantile,0.975,127421
2021-02-01,3 wk ahead inc case,2021-02-20,06,quantile,0.975,104003
2021-02-01,4 wk ahead inc case,2021-02-27,06,quantile,0.975,84754
2021-02-01,1 wk ahead inc case,2021-02-06,06,point,NA,136537
2021-02-01,2 wk ahead inc case,2021-02-13,06,point,NA,110201
2021-02-01,3 wk ahead inc case,2021-02-20,06,point,NA,88568
2021-02-01,4 wk ahead inc case,2021-02-27,06,point,NA,70942
2021-02-01,1 day ahead inc hosp,2021-02-02,06,quantile,0.01,1053.6
2021-02-01,2 day ahead inc hosp,2021-02-03,06,quantile,0.01,1017.2
2021-02-01,3 day ahead inc hosp,2021-02-04,06,quantile,0.01,981.8
2021-02-01,4 day ahead inc hosp,2021-02-05,06,quantile,0.01,947.4
2021-02-01,5 day ahead inc hosp,2021-02-06,06,quantile,0.01,913.8
2021-02-01,6 day ahead inc hosp,2021-02-07,06,quantile,0.01,881.2
2021-02-01,7 day ahead inc hosp,2021-02-08,06,quantile,0.01,849.5
2021-02-01,8 day ahead inc hosp,2021-02-09,06,quantile,0.01,818.6
2021-02-01,9 day ahead inc hosp,2021-02-10,06,quantile,0.01,788.6
2021-02-01,10 day ahead inc hosp,2021-02-11,06,quantile,0.01,759.5
2021-02-01,11 day ahead inc hosp,2021-02-12,06,quantile,0.01,731.1
2021-02-01,12 day ahead inc hosp,2021-02-13,06,quantile,0.01,703.6
2021-02-01,13 day ahead inc hosp,2021-02-14,06,quantile,0.01,676.9
2021-02-01,14 day ahead inc hosp,2021-02-15,06,quantile,0.01,650.9
2021-02-01,15 day ahead inc hosp,2021-02-16,06,quantile,0.01,625.7
2021-02-01,16 day ahead inc hosp,2021-02-17,06,quantile,0.01,601.2
2021-02-01,17 day ahead inc hosp,2021-02-18,06,quantile,0.01,577.4
2021-02-01,18 day ahead inc hosp,2021-02-19,06,quantile,0.01,554.3
2021-02-01,19 day ahead inc hosp,2021-02-20,06,quantile,0.01,531.9
2021-02-01,20 day ahead inc hosp,2021-02-21,06,quantile,0.01,510.2
2021-02-01,21 day ahead inc hosp,2021-02-22,06,quantile,0.01,489.1
2021-02-01,22 day ahead inc hosp,2021-02-23,06,quantile,0.01,468.6
2021-02-01,23 day ahead inc hosp,2021-02-24,06,quantile,0.01,448.7
2021-02-01,24 day ahead inc hosp,2021-02-25,06,quantile,0.01,429.4
2021-02-01,25 day ahead inc hosp,2021-02-26,06,quantile,0.01,410.8
2021-02-01,26 day ahead inc hosp,2021-02-27,06,quantile,0.01,392.6
2021-02-01,27 day ahead inc hosp,2021-02-28,06,quantile,0.01,375
2021-02-01,28 day ahead inc hosp,2021-03-01,06,quantile,0.01,358
2021-02-01,1 day ahead inc hosp,2021-02-02,06,quantile,0.025,1082.5
2021-02-01,2 day ahead inc hosp,2021-02-03,06,quantile,0.025,1046
2021-02-01,3 day ahead inc hosp,2021-02-04,06,quantile,0.025,1010.5
2021-02-01,4 day ahead inc hosp,2021-02-05,06,quantile,0.025,975.9
2021-02-01,5 day ahead inc hosp,2021-02-06,06,quantile,0.025,942.3
2021-02-01,6 day ahead inc hosp,2021-02-07,06,quantile,0.025,909.6
2021-02-01,7 day ahead inc hosp,2021-02-08,06,quantile,0.025,877.8
2021-02-01,8 day ahead inc hosp,2021-02-09,06,quantile,0.025,846.9
2021-02-01,9 day ahead inc hosp,2021-02-10,06,quantile,0.025,816.8
2021-02-01,10 day ahead inc hosp,2021-02-11,06,quantile,0.025,787.6
2021-02-01,11 day ahead inc hosp,2021-02-12,06,quantile,0.025,759.2
2021-02-01,12 day ahead inc hosp,2021-02-13,06,quantile,0.025,731.6
2021-02-01,13 day ahead inc hosp,2021-02-14,06,quantile,0.025,704.8
2021-02-01,14 day ahead inc hosp,2021-02-15,06,quantile,0.025,678.7
2021-02-01,15 day ahead inc hosp,2021-02-16,06,quantile,0.025,653.4
2021-02-01,16 day ahead inc hosp,2021-02-17,06,quantile,0.025,628.9
2021-02-01,17 day ahead inc hosp,2021-02-18,06,quantile,0.025,605
2021-02-01,18 day ahead inc hosp,2021-02-19,06,quantile,0.025,581.9
2021-02-01,19 day ahead inc hosp,2021-02-20,06,quantile,0.025,559.4
2021-02-01,20 day ahead inc hosp,2021-02-21,06,quantile,0.025,537.6
2021-02-01,21 day ahead inc hosp,2021-02-22,06,quantile,0.025,516.5
2021-02-01,22 day ahead inc hosp,2021-02-23,06,quantile,0.025,495.9
2021-02-01,23 day ahead inc hosp,2021-02-24,06,quantile,0.025,476
2021-02-01,24 day ahead inc hosp,2021-02-25,06,quantile,0.025,456.7
2021-02-01,25 day ahead inc hosp,2021-02-26,06,quantile,0.025,438
2021-02-01,26 day ahead inc hosp,2021-02-27,06,quantile,0.025,419.8
2021-02-01,27 day ahead inc hosp,2021-02-28,06,quantile,0.025,402.1
2021-02-01,28 day ahead inc hosp,2021-03-01,06,quantile,0.025,385
2021-02-01,1 day ahead inc hosp,2021-02-02,06,quantile,0.05,1107.3
2021-02-01,2 day ahead inc hosp,2021-02-03,06,quantile,0.05,1070.7
2021-02-01,3 day ahead inc hosp,2021-02-04,06,quantile,0.05,1035.1
2021-02-01,4 day ahead inc hosp,2021-02-05,06,quantile,0.05,1000.5
2021-02-01,5 day ahead inc hosp,2021-02-06,06,quantile,0.05,966.8
2021-02-01,6 day ahead inc hosp,2021-02-07,06,quantile,0.05,934
2021-02-01,7 day ahead inc hosp,2021-02-08,06,quantile,0.05,902.1
2021-02-01,8 day ahead inc hosp,2021-02-09,06,quantile,0.05,871.2
2021-02-01,9 day ahead inc hosp,2021-02-10,06,quantile,0.05,841
2021-02-01,10 day ahead inc hosp,2021-02-11,06,quantile,0.05,811.7
2021-02-01,11 day ahead inc hosp,2021-02-12,06,quantile,0.05,783.3
2021-02-01,12 day ahead inc hosp,2021-02-13,06,quantile,0.05,755.6
2021-02-01,13 day ahead inc hosp,2021-02-14,06,quantile,0.05,728.8
2021-02-01,14 day ahead inc hosp,2021-02-15,06,quantile,0.05,702.7
2021-02-01,15 day ahead inc hosp,2021-02-16,06,quantile,0.05,677.3
2021-02-01,16 day ahead inc hosp,2021-02-17,06,quantile,0.05,652.7
2021-02-01,17 day ahead inc hosp,2021-02-18,06,quantile,0.05,628.8
2021-02-01,18 day ahead inc hosp,2021-02-19,06,quantile,0.05,605.6
2021-02-01,19 day ahead inc hosp,2021-02-20,06,quantile,0.05,583.1
2021-02-01,20 day ahead inc hosp,2021-02-21,06,quantile,0.05,561.2
2021-02-01,21 day ahead inc hosp,2021-02-22,06,quantile,0.05,540
2021-02-01,22 day ahead inc hosp,2021-02-23,06,quantile,0.05,519.5
2021-02-01,23 day ahead inc hosp,2021-02-24,06,quantile,0.05,499.5
2021-02-01,24 day ahead inc hosp,2021-02-25,06,quantile,0.05,480.1
2021-02-01,25 day ahead inc hosp,2021-02-26,06,quantile,0.05,461.3
2021-02-01,26 day ahead inc hosp,2021-02-27,06,quantile,0.05,443.1
2021-02-01,27 day ahead inc hosp,2021-02-28,06,quantile,0.05,425.5
2021-02-01,28 day ahead inc hosp,2021-03-01,06,quantile,0.05,408.3
2021-02-01,1 day ahead inc hosp,2021-02-02,06,quantile,0.1,1135.8
2021-02-01,2 day ahead inc hosp,2021-02-03,06,quantile,0.1,1099.2
2021-02-01,3 day ahead inc hosp,2021-02-04,06,quantile,0.1,1063.5
2021-02-01,4 day ahead inc hosp,2021-02-05,06,quantile,0.1,1028.8
2021-02-01,5 day ahead inc hosp,2021-02-06,06,quantile,0.1,995
2021-02-01,6 day ahead inc hosp,2021-02-07,06,quantile,0.1,962.2
2021-02-01,7 day ahead inc hosp,2021-02-08,06,quantile,0.1,930.2
2021-02-01,8 day ahead inc hosp,2021-02-09,06,quantile,0.1,899.2
2021-02-01,9 day ahead inc hosp,2021-02-10,06,quantile,0.1,869
2021-02-01,10 day ahead inc hosp,2021-02-11,06,quantile,0.1,839.6
2021-02-01,11 day ahead inc hosp,2021-02-12,06,quantile,0.1,811.1
2021-02-01,12 day ahead inc hosp,2021-02-13,06,quantile,0.1,783.3
2021-02-01,13 day ahead inc hosp,2021-02-14,06,quantile,0.1,756.4
2021-02-01,14 day ahead inc hosp,2021-02-15,06,quantile,0.1,730.2
2021-02-01,15 day ahead inc hosp,2021-02-16,06,quantile,0.1,704.8
2021-02-01,16 day ahead inc hosp,2021-02-17,06,quantile,0.1,680.2
2021-02-01,17 day ahead inc hosp,2021-02-18,06,quantile,0.1,656.2
2021-02-01,18 day ahead inc hosp,2021-02-19,06,quantile,0.1,633
2021-02-01,19 day ahead inc hosp,2021-02-20,06,quantile,0.1,610.4
2021-02-01,20 day ahead inc hosp,2021-02-21,06,quantile,0.1,588.5
2021-02-01,21 day ahead inc hosp,2021-02-22,06,quantile,0.1,567.2
2021-02-01,22 day ahead inc hosp,2021-02-23,06,quantile,0.1,546.6
2021-02-01,23 day ahead inc hosp,2021-02-24,06,quantile,0.1,526.6
2021-02-01,24 day ahead inc hosp,2021-02-25,06,quantile,0.1,507.2
2021-02-01,25 day ahead inc hosp,2021-02-26,06,quantile,0.1,488.3
2021-02-01,26 day ahead inc hosp,2021-02-27,06,quantile,0.1,470
2021-02-01,27 day ahead inc hosp,2021-02-28,06,quantile,0.1,452.3
2021-02-01,28 day ahead inc hosp,2021-03-01,06,quantile,0.1,435.2
2021-02-01,1 day ahead inc hosp,2021-02-02,06,quantile,0.15,1155.1
2021-02-01,2 day ahead inc hosp,2021-02-03,06,quantile,0.15,1118.4
2021-02-01,3 day ahead inc hosp,2021-02-04,06,quantile,0.15,1082.7
2021-02-01,4 day ahead inc hosp,2021-02-05,06,quantile,0.15,1047.9
2021-02-01,5 day ahead inc hosp,2021-02-06,06,quantile,0.15,1014.1
2021-02-01,6 day ahead inc hosp,2021-02-07,06,quantile,0.15,981.2
2021-02-01,7 day ahead inc hosp,2021-02-08,06,quantile,0.15,949.2
2021-02-01,8 day ahead inc hosp,2021-02-09,06,quantile,0.15,918.1
2021-02-01,9 day ahead inc hosp,2021-02-10,06,quantile,0.15,887.8
2021-02-01,10 day ahead inc hosp,2021-02-11,06,quantile,0.15,858.4
2021-02-01,11 day ahead inc hosp,2021-02-12,06,quantile,0.15,829.8
2021-02-01,12 day ahead inc hosp,2021-02-13,06,quantile,0.15,802
2021-02-01,13 day ahead inc hosp,2021-02-14,06,quantile,0.15,775.1
2021-02-01,14 day ahead inc hosp,2021-02-15,06,quantile,0.15,748.9
2021-02-01,15 day ahead inc hosp,2021-02-16,06,quantile,0.15,723.4
2021-02-01,16 day ahead inc hosp,2021-02-17,06,quantile,0.15,698.7
2021-02-01,17 day ahead inc hosp,2021-02-18,06,quantile,0.15,674.7
2021-02-01,18 day ahead inc hosp,2021-02-19,06,quantile,0.15,651.4
2021-02-01,19 day ahead inc hosp,2021-02-20,06,quantile,0.15,628.8
2021-02-01,20 day ahead inc hosp,2021-02-21,06,quantile,0.15,606.8
2021-02-01,21 day ahead inc hosp,2021-02-22,06,quantile,0.15,585.5
2021-02-01,22 day ahead inc hosp,2021-02-23,06,quantile,0.15,564.9
2021-02-01,23 day ahead inc hosp,2021-02-24,06,quantile,0.15,544.8
2021-02-01,24 day ahead inc hosp,2021-02-25,06,quantile,0.15,525.4
2021-02-01,25 day ahead inc hosp,2021-02-26,06,quantile,0.15,506.5
2021-02-01,26 day ahead inc hosp,2021-02-27,06,quantile,0.15,488.2
2021-02-01,27 day ahead inc hosp,2021-02-28,06,quantile,0.15,470.5
2021-02-01,28 day ahead inc hosp,2021-03-01,06,quantile,0.15,453.3
2021-02-01,1 day ahead inc hosp,2021-02-02,06,quantile,0.2,1170.5
2021-02-01,2 day ahead inc hosp,2021-02-03,06,quantile,0.2,1133.7
2021-02-01,3 day ahead inc hosp,2021-02-04,06,quantile,0.2,1097.9
2021-02-01,4 day ahead inc hosp,2021-02-05,06,quantile,0.2,1063.1
2021-02-01,5 day ahead inc hosp,2021-02-06,06,quantile,0.2,1029.2
2021-02-01,6 day ahead inc hosp,2021-02-07,06,quantile,0.2,996.3
2021-02-01,7 day ahead inc hosp,2021-02-08,06,quantile,0.2,964.2
2021-02-01,8 day ahead inc hosp,2021-02-09,06,quantile,0.2,933.1
2021-02-01,9 day ahead inc hosp,2021-02-10,06,quantile,0.2,902.8
2021-02-01,10 day ahead inc hosp,2021-02-11,06,quantile,0.2,873.3
2021-02-01,11 day ahead inc hosp,2021-02-12,06,quantile,0.2,844.7
2021-02-01,12 day ahead inc hosp,2021-02-13,06,quantile,0.2,816.9
2021-02-01,13 day ahead inc hosp,2021-02-14,06,quantile,0.2,789.9
2021-02-01,14 day ahead inc hosp,2021-02-15,06,quantile,0.2,763.7
2021-02-01,15 day ahead inc hosp,2021-02-16,06,quantile,0.2,738.2
2021-02-01,16 day ahead inc hosp,2021-02-17,06,quantile,0.2,713.4
2021-02-01,17 day ahead inc hosp,2021-02-18,06,quantile,0.2,689.4
2021-02-01,18 day ahead inc hosp,2021-02-19,06,quantile,0.2,666.1
2021-02-01,19 day ahead inc hosp,2021-02-20,06,quantile,0.2,643.4
2021-02-01,20 day ahead inc hosp,2021-02-21,06,quantile,0.2,621.4
2021-02-01,21 day ahead inc hosp,2021-02-22,06,quantile,0.2,600.1
2021-02-01,22 day ahead inc hosp,2021-02-23,06,quantile,0.2,579.4
2021-02-01,23 day ahead inc hosp,2021-02-24,06,quantile,0.2,559.3
2021-02-01,24 day ahead inc hosp,2021-02-25,06,quantile,0.2,539.9
2021-02-01,25 day ahead inc hosp,2021-02-26,06,quantile,0.2,521
2021-02-01,26 day ahead inc hosp,2021-02-27,06,quantile,0.2,502.7
2021-02-01,27 day ahead inc hosp,2021-02-28,06,quantile,0.2,484.9
2021-02-01,28 day ahead inc hosp,2021-03-01,06,quantile,0.2,467.6
2021-02-01,1 day ahead inc hosp,2021-02-02,06,quantile,0.25,1183.6
2021-02-01,2 day ahead inc hosp,2021-02-03,06,quantile,0.25,1146.8
2021-02-01,3 day ahead inc hosp,2021-02-04,06,quantile,0.25,1111
2021-02-01,4 day ahead inc hosp,2021-02-05,06,quantile,0.25,1076.2
2021-02-01,5 day ahead inc hosp,2021-02-06,06,quantile,0.25,1042.2
2021-02-01,6 day ahead inc hosp,2021-02-07,06,quantile,0.25,1009.2
2021-02-01,7 day ahead inc hosp,2021-02-08,06,quantile,0.25,977.2
2021-02-01,8 day ahead inc hosp,2021-02-09,06,quantile,0.25,946
2021-02-01,9 day ahead inc hosp,2021-02-10,06,quantile,0.25,915.6
2021-02-01,10 day ahead inc hosp,2021-02-11,06,quantile,0.25,886.1
2021-02-01,11 day ahead inc hosp,2021-02-12,06,quantile,0.25,857.5
2021-02-01,12 day ahead inc hosp,2021-02-13,06,quantile,0.25,829.7
2021-02-01,13 day ahead inc hosp,2021-02-14,06,quantile,0.25,802.6
2021-02-01,14 day ahead inc hosp,2021-02-15,06,quantile,0.25,776.3
2021-02-01,15 day ahead inc hosp,2021-02-16,06,quantile,0.25,750.8
2021-02-01,16 day ahead inc hosp,2021-02-17,06,quantile,0.25,726.1
2021-02-01,17 day ahead inc hosp,2021-02-18,06,quantile,0.25,702
2021-02-01,18 day ahead inc hosp,2021-02-19,06,quantile,0.25,678.6
2021-02-01,19 day ahead inc hosp,2021-02-20,06,quantile,0.25,656
2021-02-01,20 day ahead inc hosp,2021-02-21,06,quantile,0.25,634
2021-02-01,21 day ahead inc hosp,2021-02-22,06,quantile,0.25,612.6
2021-02-01,22 day ahead inc hosp,2021-02-23,06,quantile,0.25,591.9
2021-02-01,23 day ahead inc hosp,2021-02-24,06,quantile,0.25,571.8
2021-02-01,24 day ahead inc hosp,2021-02-25,06,quantile,0.25,552.3
2021-02-01,25 day ahead inc hosp,2021-02-26,06,quantile,0.25,533.4
2021-02-01,26 day ahead inc hosp,2021-02-27,06,quantile,0.25,515
2021-02-01,27 day ahead inc hosp,2021-02-28,06,quantile,0.25,497.2
2021-02-01,28 day ahead inc hosp,2021-03-01,06,quantile,0.25,480
2021-02-01,1 day ahead inc hosp,2021-02-02,06,quantile,0.3,1195.4
2021-02-01,2 day ahead inc hosp,2021-02-03,06,quantile,0.3,1158.6
2021-02-01,3 day ahead inc hosp,2021-02-04,06,quantile,0.3,1122.8
2021-02-01,4 day ahead inc hosp,2021-02-05,06,quantile,0.3,1087.9
2021-02-01,5 day ahead inc hosp,2021-02-06,06,quantile,0.3,1053.9
2021-02-01,6 day ahead inc hosp,2021-02-07,06,quantile,0.3,1020.9
2021-02-01,7 day ahead inc hosp,2021-02-08,06,quantile,0.3,988.8
2021-02-01,8 day ahead inc hosp,2021-02-09,06,quantile,0.3,957.5
2021-02-01,9 day ahead inc hosp,2021-02-10,06,quantile,0.3,927.2
2021-02-01,10 day ahead inc hosp,2021-02-11,06,quantile,0.3,897.7
2021-02-01,11 day ahead inc hosp,2021-02-12,06,quantile,0.3,869
2021-02-01,12 day ahead inc hosp,2021-02-13,06,quantile,0.3,841.1
2021-02-01,13 day ahead inc hosp,2021-02-14,06,quantile,0.3,814
2021-02-01,14 day ahead inc hosp,2021-02-15,06,quantile,0.3,787.7
2021-02-01,15 day ahead inc hosp,2021-02-16,06,quantile,0.3,762.2
2021-02-01,16 day ahead inc hosp,2021-02-17,06,quantile,0.3,737.4
2021-02-01,17 day ahead inc hosp,2021-02-18,06,quantile,0.3,713.3
2021-02-01,18 day ahead inc hosp,2021-02-19,06,quantile,0.3,689.9
2021-02-01,19 day ahead inc hosp,2021-02-20,06,quantile,0.3,667.2
2021-02-01,20 day ahead inc hosp,2021-02-21,06,quantile,0.3,645.2
2021-02-01,21 day ahead inc hosp,2021-02-22,06,quantile,0.3,623.8
2021-02-01,22 day ahead inc hosp,2021-02-23,06,quantile,0.3,603.1
2021-02-01,23 day ahead inc hosp,2021-02-24,06,quantile,0.3,583
2021-02-01,24 day ahead inc hosp,2021-02-25,06,quantile,0.3,563.5
2021-02-01,25 day ahead inc hosp,2021-02-26,06,quantile,0.3,544.5
2021-02-01,26 day ahead inc hosp,2021-02-27,06,quantile,0.3,526.2
2021-02-01,27 day ahead inc hosp,2021-02-28,06,quantile,0.3,508.4
2021-02-01,28 day ahead inc hosp,2021-03-01,06,quantile,0.3,491.1
2021-02-01,1 day ahead inc hosp,2021-02-02,06,quantile,0.35,1206.4
2021-02-01,2 day ahead inc hosp,2021-02-03,06,quantile,0.35,1169.5
2021-02-01,3 day ahead inc hosp,2021-02-04,06,quantile,0.35,1133.6
2021-02-01,4 day ahead inc hosp,2021-02-05,06,quantile,0.35,1098.7
2021-02-01,5 day ahead inc hosp,2021-02-06,06,quantile,0.35,1064.7
2021-02-01,6 day ahead inc hosp,2021-02-07,06,quantile,0.35,1031.7
2021-02-01,7 day ahead inc hosp,2021-02-08,06,quantile,0.35,999.5
2021-02-01,8 day ahead inc hosp,2021-02-09,06,quantile,0.35,968.3
2021-02-01,9 day ahead inc hosp,2021-02-10,06,quantile,0.35,937.9
2021-02-01,10 day ahead inc hosp,2021-02-11,06,quantile,0.35,908.3
2021-02-01,11 day ahead inc hosp,2021-02-12,06,quantile,0.35,879.6
2021-02-01,12 day ahead inc hosp,2021-02-13,06,quantile,0.35,851.7
2021-02-01,13 day ahead inc hosp,2021-02-14,06,quantile,0.35,824.6
2021-02-01,14 day ahead inc hosp,2021-02-15,06,quantile,0.35,798.3
2021-02-01,15 day ahead inc hosp,2021-02-16,06,quantile,0.35,772.7
2021-02-01,16 day ahead inc hosp,2021-02-17,06,quantile,0.35,747.9
2021-02-01,17 day ahead inc hosp,2021-02-18,06,quantile,0.35,723.8
2021-02-01,18 day ahead inc hosp,2021-02-19,06,quantile,0.35,700.4
2021-02-01,19 day ahead inc hosp,2021-02-20,06,quantile,0.35,677.7
2021-02-01,20 day ahead inc hosp,2021-02-21,06,quantile,0.35,655.6
2021-02-01,21 day ahead inc hosp,2021-02-22,06,quantile,0.35,634.3
2021-02-01,22 day ahead inc hosp,2021-02-23,06,quantile,0.35,613.5
2021-02-01,23 day ahead inc hosp,2021-02-24,06,quantile,0.35,593.3
2021-02-01,24 day ahead inc hosp,2021-02-25,06,quantile,0.35,573.8
2021-02-01,25 day ahead inc hosp,2021-02-26,06,quantile,0.35,554.9
2021-02-01,26 day ahead inc hosp,2021-02-27,06,quantile,0.35,536.5
2021-02-01,27 day ahead inc hosp,2021-02-28,06,quantile,0.35,518.6
2021-02-01,28 day ahead inc hosp,2021-03-01,06,quantile,0.35,501.4
2021-02-01,1 day ahead inc hosp,2021-02-02,06,quantile,0.4,1216.8
2021-02-01,2 day ahead inc hosp,2021-02-03,06,quantile,0.4,1179.9
2021-02-01,3 day ahead inc hosp,2021-02-04,06,quantile,0.4,1143.9
2021-02-01,4 day ahead inc hosp,2021-02-05,06,quantile,0.4,1109
2021-02-01,5 day ahead inc hosp,2021-02-06,06,quantile,0.4,1075
2021-02-01,6 day ahead inc hosp,2021-02-07,06,quantile,0.4,1041.9
2021-02-01,7 day ahead inc hosp,2021-02-08,06,quantile,0.4,1009.7
2021-02-01,8 day ahead inc hosp,2021-02-09,06,quantile,0.4,978.4
2021-02-01,9 day ahead inc hosp,2021-02-10,06,quantile,0.4,948
2021-02-01,10 day ahead inc hosp,2021-02-11,06,quantile,0.4,918.4
2021-02-01,11 day ahead inc hosp,2021-02-12,06,quantile,0.4,889.7
2021-02-01,12 day ahead inc hosp,2021-02-13,06,quantile,0.4,861.8
2021-02-01,13 day ahead inc hosp,2021-02-14,06,quantile,0.4,834.7
2021-02-01,14 day ahead inc hosp,2021-02-15,06,quantile,0.4,808.3
2021-02-01,15 day ahead inc hosp,2021-02-16,06,quantile,0.4,782.7
2021-02-01,16 day ahead inc hosp,2021-02-17,06,quantile,0.4,757.9
2021-02-01,17 day ahead inc hosp,2021-02-18,06,quantile,0.4,733.8
2021-02-01,18 day ahead inc hosp,2021-02-19,06,quantile,0.4,710.3
2021-02-01,19 day ahead inc hosp,2021-02-20,06,quantile,0.4,687.6
2021-02-01,20 day ahead inc hosp,2021-02-21,06,quantile,0.4,665.5
2021-02-01,21 day ahead inc hosp,2021-02-22,06,quantile,0.4,644.1
2021-02-01,22 day ahead inc hosp,2021-02-23,06,quantile,0.4,623.3
2021-02-01,23 day ahead inc hosp,2021-02-24,06,quantile,0.4,603.2
2021-02-01,24 day ahead inc hosp,2021-02-25,06,quantile,0.4,583.6
2021-02-01,25 day ahead inc hosp,2021-02-26,06,quantile,0.4,564.7
2021-02-01,26 day ahead inc hosp,2021-02-27,06,quantile,0.4,546.3
2021-02-01,27 day ahead inc hosp,2021-02-28,06,quantile,0.4,528.4
2021-02-01,28 day ahead inc hosp,2021-03-01,06,quantile,0.4,511.1
2021-02-01,1 day ahead inc hosp,2021-02-02,06,quantile,0.45,1226.8
2021-02-01,2 day ahead inc hosp,2021-02-03,06,quantile,0.45,1189.9
2021-02-01,3 day ahead inc hosp,2021-02-04,06,quantile,0.45,1153.9
2021-02-01,4 day ahead inc hosp,2021-02-05,06,quantile,0.45,1118.9
2021-02-01,5 day ahead inc hosp,2021-02-06,06,quantile,0.45,1084.9
2021-02-01,6 day ahead inc hosp,2021-02-07,06,quantile,0.45,1051.8
2021-02-01,7 day ahead inc hosp,2021-02-08,06,quantile,0.45,1019.6
2021-02-01,8 day ahead inc hosp,2021-02-09,06,quantile,0.45,988.3
2021-02-01,9 day ahead inc hosp,2021-02-10,06,quantile,0.45,957.8
2021-02-01,10 day ahead inc hosp,2021-02-11,06,quantile,0.45,928.2
2021-02-01,11 day ahead inc hosp,2021-02-12,06,quantile,0.45,899.5
2021-02-01,12 day ahead inc hosp,2021-02-13,06,quantile,0.45,871.5
2021-02-01,13 day ahead inc hosp,2021-02-14,06,quantile,0.45,844.4
2021-02-01,14 day ahead inc hosp,2021-02-15,06,quantile,0.45,818
2021-02-01,15 day ahead inc hosp,2021-02-16,06,quantile,0.45,792.4
2021-02-01,16 day ahead inc hosp,2021-02-17,06,quantile,0.45,767.5
2021-02-01,17 day ahead inc hosp,2021-02-18,06,quantile,0.45,743.4
2021-02-01,18 day ahead inc hosp,2021-02-19,06,quantile,0.45,719.9
2021-02-01,19 day ahead inc hosp,2021-02-20,06,quantile,0.45,697.2
2021-02-01,20 day ahead inc hosp,2021-02-21,06,quantile,0.45,675.1
2021-02-01,21 day ahead inc hosp,2021-02-22,06,quantile,0.45,653.7
2021-02-01,22 day ahead inc hosp,2021-02-23,06,quantile,0.45,632.9
2021-02-01,23 day ahead inc hosp,2021-02-24,06,quantile,0.45,612.7
2021-02-01,24 day ahead inc hosp,2021-02-25,06,quantile,0.45,593.1
2021-02-01,25 day ahead inc hosp,2021-02-26,06,quantile,0.45,574.1
2021-02-01,26 day ahead inc hosp,2021-02-27,06,quantile,0.45,555.7
2021-02-01,27 day ahead inc hosp,2021-02-28,06,quantile,0.45,537.9
2021-02-01,28 day ahead inc hosp,2021-03-01,06,quantile,0.45,520.5
2021-02-01,1 day ahead inc hosp,2021-02-02,06,quantile,0.5,1236.7
2021-02-01,2 day ahead inc hosp,2021-02-03,06,quantile,0.5,1199.7
2021-02-01,3 day ahead inc hosp,2021-02-04,06,quantile,0.5,1163.8
2021-02-01,4 day ahead inc hosp,2021-02-05,06,quantile,0.5,1128.7
2021-02-01,5 day ahead inc hosp,2021-02-06,06,quantile,0.5,1094.7
2021-02-01,6 day ahead inc hosp,2021-02-07,06,quantile,0.5,1061.5
2021-02-01,7 day ahead inc hosp,2021-02-08,06,quantile,0.5,1029.3
2021-02-01,8 day ahead inc hosp,2021-02-09,06,quantile,0.5,998
2021-02-01,9 day ahead inc hosp,2021-02-10,06,quantile,0.5,967.5
2021-02-01,10 day ahead inc hosp,2021-02-11,06,quantile,0.5,937.9
2021-02-01,11 day ahead inc hosp,2021-02-12,06,quantile,0.5,909.1
2021-02-01,12 day ahead inc hosp,2021-02-13,06,quantile,0.5,881.1
2021-02-01,13 day ahead inc hosp,2021-02-14,06,quantile,0.5,854
2021-02-01,14 day ahead inc hosp,2021-02-15,06,quantile,0.5,827.6
2021-02-01,15 day ahead inc hosp,2021-02-16,06,quantile,0.5,801.9
2021-02-01,16 day ahead inc hosp,2021-02-17,06,quantile,0.5,777
2021-02-01,17 day ahead inc hosp,2021-02-18,06,quantile,0.5,752.9
2021-02-01,18 day ahead inc hosp,2021-02-19,06,quantile,0.5,729.4
2021-02-01,19 day ahead inc hosp,2021-02-20,06,quantile,0.5,706.6
2021-02-01,20 day ahead inc hosp,2021-02-21,06,quantile,0.5,684.5
2021-02-01,21 day ahead inc hosp,2021-02-22,06,quantile,0.5,663.1
2021-02-01,22 day ahead inc hosp,2021-02-23,06,quantile,0.5,642.3
2021-02-01,23 day ahead inc hosp,2021-02-24,06,quantile,0.5,622.1
2021-02-01,24 day ahead inc hosp,2021-02-25,06,quantile,0.5,602.5
2021-02-01,25 day ahead inc hosp,2021-02-26,06,quantile,0.5,583.5
2021-02-01,26 day ahead inc hosp,2021-02-27,06,quantile,0.5,565
2021-02-01,27 day ahead inc hosp,2021-02-28,06,quantile,0.5,547.1
2021-02-01,28 day ahead inc hosp,2021-03-01,06,quantile,0.5,529.8
2021-02-01,1 day ahead inc hosp,2021-02-02,06,quantile,0.55,1246.6
2021-02-01,2 day ahead inc hosp,2021-02-03,06,quantile,0.55,1209.6
2021-02-01,3 day ahead inc hosp,2021-02-04,06,quantile,0.55,1173.6
2021-02-01,4 day ahead inc hosp,2021-02-05,06,quantile,0.55,1138.5
2021-02-01,5 day ahead inc hosp,2021-02-06,06,quantile,0.55,1104.4
2021-02-01,6 day ahead inc hosp,2021-02-07,06,quantile,0.55,1071.3
2021-02-01,7 day ahead inc hosp,2021-02-08,06,quantile,0.55,1039
2021-02-01,8 day ahead inc hosp,2021-02-09,06,quantile,0.55,1007.7
2021-02-01,9 day ahead inc hosp,2021-02-10,06,quantile,0.55,977.2
2021-02-01,10 day ahead inc hosp,2021-02-11,06,quantile,0.55,947.5
2021-02-01,11 day ahead inc hosp,2021-02-12,06,quantile,0.55,918.7
2021-02-01,12 day ahead inc hosp,2021-02-13,06,quantile,0.55,890.7
2021-02-01,13 day ahead inc hosp,2021-02-14,06,quantile,0.55,863.5
2021-02-01,14 day ahead inc hosp,2021-02-15,06,quantile,0.55,837.1
2021-02-01,15 day ahead inc hosp,2021-02-16,06,quantile,0.55,811.5
2021-02-01,16 day ahead inc hosp,2021-02-17,06,quantile,0.55,786.5
2021-02-01,17 day ahead inc hosp,2021-02-18,06,quantile,0.55,762.3
2021-02-01,18 day ahead inc hosp,2021-02-19,06,quantile,0.55,738.9
2021-02-01,19 day ahead inc hosp,2021-02-20,06,quantile,0.55,716.1
2021-02-01,20 day ahead inc hosp,2021-02-21,06,quantile,0.55,693.9
2021-02-01,21 day ahead inc hosp,2021-02-22,06,quantile,0.55,672.5
2021-02-01,22 day ahead inc hosp,2021-02-23,06,quantile,0.55,651.6
2021-02-01,23 day ahead inc hosp,2021-02-24,06,quantile,0.55,631.4
2021-02-01,24 day ahead inc hosp,2021-02-25,06,quantile,0.55,611.8
2021-02-01,25 day ahead inc hosp,2021-02-26,06,quantile,0.55,592.8
2021-02-01,26 day ahead inc hosp,2021-02-27,06,quantile,0.55,574.3
2021-02-01,27 day ahead inc hosp,2021-02-28,06,quantile,0.55,556.4
2021-02-01,28 day ahead inc hosp,2021-03-01,06,quantile,0.55,539.1
2021-02-01,1 day ahead inc hosp,2021-02-02,06,quantile,0.6,1256.6
2021-02-01,2 day ahead inc hosp,2021-02-03,06,quantile,0.6,1219.6
2021-02-01,3 day ahead inc hosp,2021-02-04,06,quantile,0.6,1183.6
2021-02-01,4 day ahead inc hosp,2021-02-05,06,quantile,0.6,1148.5
2021-02-01,5 day ahead inc hosp,2021-02-06,06,quantile,0.6,1114.4
2021-02-01,6 day ahead inc hosp,2021-02-07,06,quantile,0.6,1081.2
2021-02-01,7 day ahead inc hosp,2021-02-08,06,quantile,0.6,1048.9
2021-02-01,8 day ahead inc hosp,2021-02-09,06,quantile,0.6,1017.5
2021-02-01,9 day ahead inc hosp,2021-02-10,06,quantile,0.6,987
2021-02-01,10 day ahead inc hosp,2021-02-11,06,quantile,0.6,957.3
2021-02-01,11 day ahead inc hosp,2021-02-12,06,quantile,0.6,928.5
2021-02-01,12 day ahead inc hosp,2021-02-13,06,quantile,0.6,900.5
2021-02-01,13 day ahead inc hosp,2021-02-14,06,quantile,0.6,873.2
2021-02-01,14 day ahead inc hosp,2021-02-15,06,quantile,0.6,846.8
2021-02-01,15 day ahead inc hosp,2021-02-16,06,quantile,0.6,821.1
2021-02-01,16 day ahead inc hosp,2021-02-17,06,quantile,0.6,796.2
2021-02-01,17 day ahead inc hosp,2021-02-18,06,quantile,0.6,772
2021-02-01,18 day ahead inc hosp,2021-02-19,06,quantile,0.6,748.5
2021-02-01,19 day ahead inc hosp,2021-02-20,06,quantile,0.6,725.7
2021-02-01,20 day ahead inc hosp,2021-02-21,06,quantile,0.6,703.5
2021-02-01,21 day ahead inc hosp,2021-02-22,06,quantile,0.6,682
2021-02-01,22 day ahead inc hosp,2021-02-23,06,quantile,0.6,661.2
2021-02-01,23 day ahead inc hosp,2021-02-24,06,quantile,0.6,640.9
2021-02-01,24 day ahead inc hosp,2021-02-25,06,quantile,0.6,621.3
2021-02-01,25 day ahead inc hosp,2021-02-26,06,quantile,0.6,602.3
2021-02-01,26 day ahead inc hosp,2021-02-27,06,quantile,0.6,583.8
2021-02-01,27 day ahead inc hosp,2021-02-28,06,quantile,0.6,565.9
2021-02-01,28 day ahead inc hosp,2021-03-01,06,quantile,0.6,548.5
2021-02-01,1 day ahead inc hosp,2021-02-02,06,quantile,0.65,1267
2021-02-01,2 day ahead inc hosp,2021-02-03,06,quantile,0.65,1230
2021-02-01,3 day ahead inc hosp,2021-02-04,06,quantile,0.65,1193.9
2021-02-01,4 day ahead inc hosp,2021-02-05,06,quantile,0.65,1158.8
2021-02-01,5 day ahead inc hosp,2021-02-06,06,quantile,0.65,1124.6
2021-02-01,6 day ahead inc hosp,2021-02-07,06,quantile,0.65,1091.4
2021-02-01,7 day ahead inc hosp,2021-02-08,06,quantile,0.65,1059.1
2021-02-01,8 day ahead inc hosp,2021-02-09,06,quantile,0.65,1027.7
2021-02-01,9 day ahead inc hosp,2021-02-10,06,quantile,0.65,997.1
2021-02-01,10 day ahead inc hosp,2021-02-11,06,quantile,0.65,967.4
2021-02-01,11 day ahead inc hosp,2021-02-12,06,quantile,0.65,938.6
2021-02-01,12 day ahead inc hosp,2021-02-13,06,quantile,0.65,910.5
2021-02-01,13 day ahead inc hosp,2021-02-14,06,quantile,0.65,883.3
2021-02-01,14 day ahead inc hosp,2021-02-15,06,quantile,0.65,856.8
2021-02-01,15 day ahead inc hosp,2021-02-16,06,quantile,0.65,831.1
2021-02-01,16 day ahead inc hosp,2021-02-17,06,quantile,0.65,806.2
2021-02-01,17 day ahead inc hosp,2021-02-18,06,quantile,0.65,781.9
2021-02-01,18 day ahead inc hosp,2021-02-19,06,quantile,0.65,758.4
2021-02-01,19 day ahead inc hosp,2021-02-20,06,quantile,0.65,735.6
2021-02-01,20 day ahead inc hosp,2021-02-21,06,quantile,0.65,713.4
2021-02-01,21 day ahead inc hosp,2021-02-22,06,quantile,0.65,691.9
2021-02-01,22 day ahead inc hosp,2021-02-23,06,quantile,0.65,671
2021-02-01,23 day ahead inc hosp,2021-02-24,06,quantile,0.65,650.8
2021-02-01,24 day ahead inc hosp,2021-02-25,06,quantile,0.65,631.1
2021-02-01,25 day ahead inc hosp,2021-02-26,06,quantile,0.65,612.1
2021-02-01,26 day ahead inc hosp,2021-02-27,06,quantile,0.65,593.6
2021-02-01,27 day ahead inc hosp,2021-02-28,06,quantile,0.65,575.7
2021-02-01,28 day ahead inc hosp,2021-03-01,06,quantile,0.65,558.3
2021-02-01,1 day ahead inc hosp,2021-02-02,06,quantile,0.7,1278
2021-02-01,2 day ahead inc hosp,2021-02-03,06,quantile,0.7,1240.9
2021-02-01,3 day ahead inc hosp,2021-02-04,06,quantile,0.7,1204.8
2021-02-01,4 day ahead inc hosp,2021-02-05,06,quantile,0.7,1169.6
2021-02-01,5 day ahead inc hosp,2021-02-06,06,quantile,0.7,1135.4
2021-02-01,6 day ahead inc hosp,2021-02-07,06,quantile,0.7,1102.2
2021-02-01,7 day ahead inc hosp,2021-02-08,06,quantile,0.7,1069.8
2021-02-01,8 day ahead inc hosp,2021-02-09,06,quantile,0.7,1038.4
2021-02-01,9 day ahead inc hosp,2021-02-10,06,quantile,0.7,1007.8
2021-02-01,10 day ahead inc hosp,2021-02-11,06,quantile,0.7,978.1
2021-02-01,11 day ahead inc hosp,2021-02-12,06,quantile,0.7,949.2
2021-02-01,12 day ahead inc hosp,2021-02-13,06,quantile,0.7,921.1
2021-02-01,13 day ahead inc hosp,2021-02-14,06,quantile,0.7,893.9
2021-02-01,14 day ahead inc hosp,2021-02-15,06,quantile,0.7,867.4
2021-02-01,15 day ahead inc hosp,2021-02-16,06,quantile,0.7,841.7
2021-02-01,16 day ahead inc hosp,2021-02-17,06,quantile,0.7,816.7
2021-02-01,17 day ahead inc hosp,2021-02-18,06,quantile,0.7,792.4
2021-02-01,18 day ahead inc hosp,2021-02-19,06,quantile,0.7,768.9
2021-02-01,19 day ahead inc hosp,2021-02-20,06,quantile,0.7,746
2021-02-01,20 day ahead inc hosp,2021-02-21,06,quantile,0.7,723.8
2021-02-01,21 day ahead inc hosp,2021-02-22,06,quantile,0.7,702.3
2021-02-01,22 day ahead inc hosp,2021-02-23,06,quantile,0.7,681.4
2021-02-01,23 day ahead inc hosp,2021-02-24,06,quantile,0.7,661.1
2021-02-01,24 day ahead inc hosp,2021-02-25,06,quantile,0.7,641.5
2021-02-01,25 day ahead inc hosp,2021-02-26,06,quantile,0.7,622.4
2021-02-01,26 day ahead inc hosp,2021-02-27,06,quantile,0.7,603.9
2021-02-01,27 day ahead inc hosp,2021-02-28,06,quantile,0.7,585.9
2021-02-01,28 day ahead inc hosp,2021-03-01,06,quantile,0.7,568.5
2021-02-01,1 day ahead inc hosp,2021-02-02,06,quantile,0.75,1289.8
2021-02-01,2 day ahead inc hosp,2021-02-03,06,quantile,0.75,1252.7
2021-02-01,3 day ahead inc hosp,2021-02-04,06,quantile,0.75,1216.5
2021-02-01,4 day ahead inc hosp,2021-02-05,06,quantile,0.75,1181.3
2021-02-01,5 day ahead inc hosp,2021-02-06,06,quantile,0.75,1147.1
2021-02-01,6 day ahead inc hosp,2021-02-07,06,quantile,0.75,1113.8
2021-02-01,7 day ahead inc hosp,2021-02-08,06,quantile,0.75,1081.4
2021-02-01,8 day ahead inc hosp,2021-02-09,06,quantile,0.75,1050
2021-02-01,9 day ahead inc hosp,2021-02-10,06,quantile,0.75,1019.4
2021-02-01,10 day ahead inc hosp,2021-02-11,06,quantile,0.75,989.6
2021-02-01,11 day ahead inc hosp,2021-02-12,06,quantile,0.75,960.7
2021-02-01,12 day ahead inc hosp,2021-02-13,06,quantile,0.75,932.6
2021-02-01,13 day ahead inc hosp,2021-02-14,06,quantile,0.75,905.3
2021-02-01,14 day ahead inc hosp,2021-02-15,06,quantile,0.75,878.8
2021-02-01,15 day ahead inc hosp,2021-02-16,06,quantile,0.75,853
2021-02-01,16 day ahead inc hosp,2021-02-17,06,quantile,0.75,828
2021-02-01,17 day ahead inc hosp,2021-02-18,06,quantile,0.75,803.7
2021-02-01,18 day ahead inc hosp,2021-02-19,06,quantile,0.75,780.2
2021-02-01,19 day ahead inc hosp,2021-02-20,06,quantile,0.75,757.3
2021-02-01,20 day ahead inc hosp,2021-02-21,06,quantile,0.75,735.1
2021-02-01,21 day ahead inc hosp,2021-02-22,06,quantile,0.75,713.5
2021-02-01,22 day ahead inc hosp,2021-02-23,06,quantile,0.75,692.6
2021-02-01,23 day ahead inc hosp,2021-02-24,06,quantile,0.75,672.3
2021-02-01,24 day ahead inc hosp,2021-02-25,06,quantile,0.75,652.6
2021-02-01,25 day ahead inc hosp,2021-02-26,06,quantile,0.75,633.5
2021-02-01,26 day ahead inc hosp,2021-02-27,06,quantile,0.75,615
2021-02-01,27 day ahead inc hosp,2021-02-28,06,quantile,0.75,597.1
2021-02-01,28 day ahead inc hosp,2021-03-01,06,quantile,0.75,579.6
2021-02-01,1 day ahead inc hosp,2021-02-02,06,quantile,0.8,1302.9
2021-02-01,2 day ahead inc hosp,2021-02-03,06,quantile,0.8,1265.8
2021-02-01,3 day ahead inc hosp,2021-02-04,06,quantile,0.8,1229.6
2021-02-01,4 day ahead inc hosp,2021-02-05,06,quantile,0.8,1194.4
2021-02-01,5 day ahead inc hosp,2021-02-06,06,quantile,0.8,1160.1
2021-02-01,6 day ahead inc hosp,2021-02-07,06,quantile,0.8,1126.8
2021-02-01,7 day ahead inc hosp,2021-02-08,06,quantile,0.8,1094.4
2021-02-01,8 day ahead inc hosp,2021-02-09,06,quantile,0.8,1062.8
2021-02-01,9 day ahead inc hosp,2021-02-10,06,quantile,0.8,1032.2
2021-02-01,10 day ahead inc hosp,2021-02-11,06,quantile,0.8,1002.4
2021-02-01,11 day ahead inc hosp,2021-02-12,06,quantile,0.8,973.5
2021-02-01,12 day ahead inc hosp,2021-02-13,06,quantile,0.8,945.3
2021-02-01,13 day ahead inc hosp,2021-02-14,06,quantile,0.8,918
2021-02-01,14 day ahead inc hosp,2021-02-15,06,quantile,0.8,891.5
2021-02-01,15 day ahead inc hosp,2021-02-16,06,quantile,0.8,865.7
2021-02-01,16 day ahead inc hosp,2021-02-17,06,quantile,0.8,840.7
2021-02-01,17 day ahead inc hosp,2021-02-18,06,quantile,0.8,816.3
2021-02-01,18 day ahead inc hosp,2021-02-19,06,quantile,0.8,792.7
2021-02-01,19 day ahead inc hosp,2021-02-20,06,quantile,0.8,769.8
2021-02-01,20 day ahead inc hosp,2021-02-21,06,quantile,0.8,747.6
2021-02-01,21 day ahead inc hosp,2021-02-22,06,quantile,0.8,726
2021-02-01,22 day ahead inc hosp,2021-02-23,06,quantile,0.8,705.1
2021-02-01,23 day ahead inc hosp,2021-02-24,06,quantile,0.8,684.8
2021-02-01,24 day ahead inc hosp,2021-02-25,06,quantile,0.8,665.1
2021-02-01,25 day ahead inc hosp,2021-02-26,06,quantile,0.8,645.9
2021-02-01,26 day ahead inc hosp,2021-02-27,06,quantile,0.8,627.4
2021-02-01,27 day ahead inc hosp,2021-02-28,06,quantile,0.8,609.4
2021-02-01,28 day ahead inc hosp,2021-03-01,06,quantile,0.8,592
2021-02-01,1 day ahead inc hosp,2021-02-02,06,quantile,0.85,1318.3
2021-02-01,2 day ahead inc hosp,2021-02-03,06,quantile,0.85,1281
2021-02-01,3 day ahead inc hosp,2021-02-04,06,quantile,0.85,1244.8
2021-02-01,4 day ahead inc hosp,2021-02-05,06,quantile,0.85,1209.6
2021-02-01,5 day ahead inc hosp,2021-02-06,06,quantile,0.85,1175.3
2021-02-01,6 day ahead inc hosp,2021-02-07,06,quantile,0.85,1141.9
2021-02-01,7 day ahead inc hosp,2021-02-08,06,quantile,0.85,1109.4
2021-02-01,8 day ahead inc hosp,2021-02-09,06,quantile,0.85,1077.9
2021-02-01,9 day ahead inc hosp,2021-02-10,06,quantile,0.85,1047.2
2021-02-01,10 day ahead inc hosp,2021-02-11,06,quantile,0.85,1017.4
2021-02-01,11 day ahead inc hosp,2021-02-12,06,quantile,0.85,988.4
2021-02-01,12 day ahead inc hosp,2021-02-13,06,quantile,0.85,960.2
2021-02-01,13 day ahead inc hosp,2021-02-14,06,quantile,0.85,932.8
2021-02-01,14 day ahead inc hosp,2021-02-15,06,quantile,0.85,906.3
2021-02-01,15 day ahead inc hosp,2021-02-16,06,quantile,0.85,880.5
2021-02-01,16 day ahead inc hosp,2021-02-17,06,quantile,0.85,855.4
2021-02-01,17 day ahead inc hosp,2021-02-18,06,quantile,0.85,831
2021-02-01,18 day ahead inc hosp,2021-02-19,06,quantile,0.85,807.4
2021-02-01,19 day ahead inc hosp,2021-02-20,06,quantile,0.85,784.5
2021-02-01,20 day ahead inc hosp,2021-02-21,06,quantile,0.85,762.2
2021-02-01,21 day ahead inc hosp,2021-02-22,06,quantile,0.85,740.6
2021-02-01,22 day ahead inc hosp,2021-02-23,06,quantile,0.85,719.6
2021-02-01,23 day ahead inc hosp,2021-02-24,06,quantile,0.85,699.3
2021-02-01,24 day ahead inc hosp,2021-02-25,06,quantile,0.85,679.6
2021-02-01,25 day ahead inc hosp,2021-02-26,06,quantile,0.85,660.4
2021-02-01,26 day ahead inc hosp,2021-02-27,06,quantile,0.85,641.8
2021-02-01,27 day ahead inc hosp,2021-02-28,06,quantile,0.85,623.8
2021-02-01,28 day ahead inc hosp,2021-03-01,06,quantile,0.85,606.4
2021-02-01,1 day ahead inc hosp,2021-02-02,06,quantile,0.9,1337.5
2021-02-01,2 day ahead inc hosp,2021-02-03,06,quantile,0.9,1300.3
2021-02-01,3 day ahead inc hosp,2021-02-04,06,quantile,0.9,1264
2021-02-01,4 day ahead inc hosp,2021-02-05,06,quantile,0.9,1228.7
2021-02-01,5 day ahead inc hosp,2021-02-06,06,quantile,0.9,1194.3
2021-02-01,6 day ahead inc hosp,2021-02-07,06,quantile,0.9,1160.9
2021-02-01,7 day ahead inc hosp,2021-02-08,06,quantile,0.9,1128.4
2021-02-01,8 day ahead inc hosp,2021-02-09,06,quantile,0.9,1096.8
2021-02-01,9 day ahead inc hosp,2021-02-10,06,quantile,0.9,1066
2021-02-01,10 day ahead inc hosp,2021-02-11,06,quantile,0.9,1036.2
2021-02-01,11 day ahead inc hosp,2021-02-12,06,quantile,0.9,1007.1
2021-02-01,12 day ahead inc hosp,2021-02-13,06,quantile,0.9,978.9
2021-02-01,13 day ahead inc hosp,2021-02-14,06,quantile,0.9,951.5
2021-02-01,14 day ahead inc hosp,2021-02-15,06,quantile,0.9,924.9
2021-02-01,15 day ahead inc hosp,2021-02-16,06,quantile,0.9,899
2021-02-01,16 day ahead inc hosp,2021-02-17,06,quantile,0.9,873.9
2021-02-01,17 day ahead inc hosp,2021-02-18,06,quantile,0.9,849.5
2021-02-01,18 day ahead inc hosp,2021-02-19,06,quantile,0.9,825.9
2021-02-01,19 day ahead inc hosp,2021-02-20,06,quantile,0.9,802.9
2021-02-01,20 day ahead inc hosp,2021-02-21,06,quantile,0.9,780.6
2021-02-01,21 day ahead inc hosp,2021-02-22,06,quantile,0.9,758.9
2021-02-01,22 day ahead inc hosp,2021-02-23,06,quantile,0.9,737.9
2021-02-01,23 day ahead inc hosp,2021-02-24,06,quantile,0.9,717.6
2021-02-01,24 day ahead inc hosp,2021-02-25,06,quantile,0.9,697.8
2021-02-01,25 day ahead inc hosp,2021-02-26,06,quantile,0.9,678.6
2021-02-01,26 day ahead inc hosp,2021-02-27,06,quantile,0.9,660
2021-02-01,27 day ahead inc hosp,2021-02-28,06,quantile,0.9,642
2021-02-01,28 day ahead inc hosp,2021-03-01,06,quantile,0.9,624.5
2021-02-01,1 day ahead inc hosp,2021-02-02,06,quantile,0.95,1366.1
2021-02-01,2 day ahead inc hosp,2021-02-03,06,quantile,0.95,1328.8
2021-02-01,3 day ahead inc hosp,2021-02-04,06,quantile,0.95,1292.4
2021-02-01,4 day ahead inc hosp,2021-02-05,06,quantile,0.95,1257
2021-02-01,5 day ahead inc hosp,2021-02-06,06,quantile,0.95,1222.6
2021-02-01,6 day ahead inc hosp,2021-02-07,06,quantile,0.95,1189.1
2021-02-01,7 day ahead inc hosp,2021-02-08,06,quantile,0.95,1156.5
2021-02-01,8 day ahead inc hosp,2021-02-09,06,quantile,0.95,1124.8
2021-02-01,9 day ahead inc hosp,2021-02-10,06,quantile,0.95,1094
2021-02-01,10 day ahead inc hosp,2021-02-11,06,quantile,0.95,1064
2021-02-01,11 day ahead inc hosp,2021-02-12,06,quantile,0.95,1034.9
2021-02-01,12 day ahead inc hosp,2021-02-13,06,quantile,0.95,1006.6
2021-02-01,13 day ahead inc hosp,2021-02-14,06,quantile,0.95,979.2
2021-02-01,14 day ahead inc hosp,2021-02-15,06,quantile,0.95,952.5
2021-02-01,15 day ahead inc hosp,2021-02-16,06,quantile,0.95,926.5
2021-02-01,16 day ahead inc hosp,2021-02-17,06,quantile,0.95,901.4
2021-02-01,17 day ahead inc hosp,2021-02-18,06,quantile,0.95,876.9
2021-02-01,18 day ahead inc hosp,2021-02-19,06,quantile,0.95,853.2
2021-02-01,19 day ahead inc hosp,2021-02-20,06,quantile,0.95,830.2
2021-02-01,20 day ahead inc hosp,2021-02-21,06,quantile,0.95,807.8
2021-02-01,21 day ahead inc hosp,2021-02-22,06,quantile,0.95,786.1
2021-02-01,22 day ahead inc hosp,2021-02-23,06,quantile,0.95,765.1
2021-02-01,23 day ahead inc hosp,2021-02-24,06,quantile,0.95,744.6
2021-02-01,24 day ahead inc hosp,2021-02-25,06,quantile,0.95,724.8
2021-02-01,25 day ahead inc hosp,2021-02-26,06,quantile,0.95,705.6
2021-02-01,26 day ahead inc hosp,2021-02-27,06,quantile,0.95,686.9
2021-02-01,27 day ahead inc hosp,2021-02-28,06,quantile,0.95,668.8
2021-02-01,28 day ahead inc hosp,2021-03-01,06,quantile,0.95,651.3
2021-02-01,1 day ahead inc hosp,2021-02-02,06,quantile,0.975,1390.9
2021-02-01,2 day ahead inc hosp,2021-02-03,06,quantile,0.975,1353.5
2021-02-01,3 day ahead inc hosp,2021-02-04,06,quantile,0.975,1317
2021-02-01,4 day ahead inc hosp,2021-02-05,06,quantile,0.975,1281.6
2021-02-01,5 day ahead inc hosp,2021-02-06,06,quantile,0.975,1247.1
2021-02-01,6 day ahead inc hosp,2021-02-07,06,quantile,0.975,1213.5
2021-02-01,7 day ahead inc hosp,2021-02-08,06,quantile,0.975,1180.8
2021-02-01,8 day ahead inc hosp,2021-02-09,06,quantile,0.975,1149.1
2021-02-01,9 day ahead inc hosp,2021-02-10,06,quantile,0.975,1118.2
2021-02-01,10 day ahead inc hosp,2021-02-11,06,quantile,0.975,1088.2
2021-02-01,11 day ahead inc hosp,2021-02-12,06,quantile,0.975,1059
2021-02-01,12 day ahead inc hosp,2021-02-13,06,quantile,0.975,1030.7
2021-02-01,13 day ahead inc hosp,2021-02-14,06,quantile,0.975,1003.1
2021-02-01,14 day ahead inc hosp,2021-02-15,06,quantile,0.975,976.4
2021-02-01,15 day ahead inc hosp,2021-02-16,06,quantile,0.975,950.4
2021-02-01,16 day ahead inc hosp,2021-02-17,06,quantile,0.975,925.2
2021-02-01,17 day ahead inc hosp,2021-02-18,06,quantile,0.975,900.7
2021-02-01,18 day ahead inc hosp,2021-02-19,06,quantile,0.975,876.9
2021-02-01,19 day ahead inc hosp,2021-02-20,06,quantile,0.975,853.8
2021-02-01,20 day ahead inc hosp,2021-02-21,06,quantile,0.975,831.4
2021-02-01,21 day ahead inc hosp,2021-02-22,06,quantile,0.975,809.7
2021-02-01,22 day ahead inc hosp,2021-02-23,06,quantile,0.975,788.6
2021-02-01,23 day ahead inc hosp,2021-02-24,06,quantile,0.975,768.1
2021-02-01,24 day ahead inc hosp,2021-02-25,06,quantile,0.975,748.2
2021-02-01,25 day ahead inc hosp,2021-02-26,06,quantile,0.975,729
2021-02-01,26 day ahead inc hosp,2021-02-27,06,quantile,0.975,710.3
2021-02-01,27 day ahead inc hosp,2021-02-28,06,quantile,0.975,692.2
2021-02-01,28 day ahead inc hosp,2021-03-01,06,quantile,0.975,674.6
2021-02-01,1 day ahead inc hosp,2021-02-02,06,quantile,0.99,1419.8
2021-02-01,2 day ahead inc hosp,2021-02-03,06,quantile,0.99,1382.2
2021-02-01,3 day ahead inc hosp,2021-02-04,06,quantile,0.99,1345.7
2021-02-01,4 day ahead inc hosp,2021-02-05,06,quantile,0.99,1310.1
2021-02-01,5 day ahead inc hosp,2021-02-06,06,quantile,0.99,1275.5
2021-02-01,6 day ahead inc hosp,2021-02-07,06,quantile,0.99,1241.9
2021-02-01,7 day ahead inc hosp,2021-02-08,06,quantile,0.99,1209.1
2021-02-01,8 day ahead inc hosp,2021-02-09,06,quantile,0.99,1177.3
2021-02-01,9 day ahead inc hosp,2021-02-10,06,quantile,0.99,1146.4
2021-02-01,10 day ahead inc hosp,2021-02-11,06,quantile,0.99,1116.3
2021-02-01,11 day ahead inc hosp,2021-02-12,06,quantile,0.99,1087
2021-02-01,12 day ahead inc hosp,2021-02-13,06,quantile,0.99,1058.6
2021-02-01,13 day ahead inc hosp,2021-02-14,06,quantile,0.99,1031
2021-02-01,14 day ahead inc hosp,2021-02-15,06,quantile,0.99,1004.2
2021-02-01,15 day ahead inc hosp,2021-02-16,06,quantile,0.99,978.2
2021-02-01,16 day ahead inc hosp,2021-02-17,06,quantile,0.99,952.9
2021-02-01,17 day ahead inc hosp,2021-02-18,06,quantile,0.99,928.3
2021-02-01,18 day ahead inc hosp,2021-02-19,06,quantile,0.99,904.5
2021-02-01,19 day ahead inc hosp,2021-02-20,06,quantile,0.99,881.3
2021-02-01,20 day ahead inc hosp,2021-02-21,06,quantile,0.99,858.9
2021-02-01,21 day ahead inc hosp,2021-02-22,06,quantile,0.99,837.1
2021-02-01,22 day ahead inc hosp,2021-02-23,06,quantile,0.99,815.9
2021-02-01,23 day ahead inc hosp,2021-02-24,06,quantile,0.99,795.4
2021-02-01,24 day ahead inc hosp,2021-02-25,06,quantile,0.99,775.5
2021-02-01,25 day ahead inc hosp,2021-02-26,06,quantile,0.99,756.2
2021-02-01,26 day ahead inc hosp,2021-02-27,06,quantile,0.99,737.4
2021-02-01,27 day ahead inc hosp,2021-02-28,06,quantile,0.99,719.3
2021-02-01,28 day ahead inc hosp,2021-03-01,06,quantile,0.99,701.6
2021-02-01,1 day ahead inc hosp,2021-02-02,06,point,NA,1236.7
2021-02-01,2 day ahead inc hosp,2021-02-03,06,point,NA,1199.7
2021-02-01,3 day ahead inc hosp,2021-02-04,06,point,NA,1163.8
2021-02-01,4 day ahead inc hosp,2021-02-05,06,point,NA,1128.7
2021-02-01,5 day ahead inc hosp,2021-02-06,06,point,NA,1094.7
2021-02-01,6 day ahead inc hosp,2021-02-07,06,point,NA,1061.5
2021-02-01,7 day ahead inc hosp,2021-02-08,06,point,NA,1029.3
2021-02-01,8 day ahead inc hosp,2021-02-09,06,point,NA,998
2021-02-01,9 day ahead inc hosp,2021-02-10,06,point,NA,967.5
2021-02-01,10 day ahead inc hosp,2021-02-11,06,point,NA,937.9
2021-02-01,11 day ahead inc hosp,2021-02-12,06,point,NA,909.1
2021-02-01,12 day ahead inc hosp,2021-02-13,06,point,NA,881.1
2021-02-01,13 day ahead inc hosp,2021-02-14,06,point,NA,854
2021-02-01,14 day ahead inc hosp,2021-02-15,06,point,NA,827.6
2021-02-01,15 day ahead inc hosp,2021-02-16,06,point,NA,801.9
2021-02-01,16 day ahead inc hosp,2021-02-17,06,point,NA,777
2021-02-01,17 day ahead inc hosp,2021-02-18,06,point,NA,752.9
2021-02-01,18 day ahead inc hosp,2021-02-19,06,point,NA,729.4
2021-02-01,19 day ahead inc hosp,2021-02-20,06,point,NA,706.6
2021-02-01,20 day ahead inc hosp,2021-02-21,06,point,NA,684.5
2021-02-01,21 day ahead inc hosp,2021-02-22,06,point,NA,663.1
2021-02-01,22 day ahead inc hosp,2021-02-23,06,point,NA,642.3
2021-02-01,23 day ahead inc hosp,2021-02-24,06,point,NA,622.1
2021-02-01,24 day ahead inc hosp,2021-02-25,06,point,NA,602.5
2021-02-01,25 day ahead inc hosp,2021-02-26,06,point,NA,583.5
2021-02-01,26 day ahead inc hosp,2021-02-27,06,point,NA,565
2021-02-01,27 day ahead inc hosp,2021-02-28,06,point,NA,547.1
2021-02-01,28 day ahead inc hosp,2021-03-01,06,point,NA,529.8
2021-02-01,1 wk ahead inc death,2021-02-06,06,quantile,0.01,2582
2021-02-01,2 wk ahead inc death,2021-02-13,06,quantile,0.01,2263
2021-02-01,3 wk ahead inc death,2021-02-20,06,quantile,0.01,1917
2021-02-01,4 wk ahead inc death,2021-02-27,06,quantile,0.01,1579
2021-02-01,1 wk ahead inc death,2021-02-06,06,quantile,0.025,2633
2021-02-01,2 wk ahead inc death,2021-02-13,06,quantile,0.025,2314
2021-02-01,3 wk ahead inc death,2021-02-20,06,quantile,0.025,1968
2021-02-01,4 wk ahead inc death,2021-02-27,06,quantile,0.025,1629
2021-02-01,1 wk ahead inc death,2021-02-06,06,quantile,0.05,2677
2021-02-01,2 wk ahead inc death,2021-02-13,06,quantile,0.05,2358
2021-02-01,3 wk ahead inc death,2021-02-20,06,quantile,0.05,2011
2021-02-01,4 wk ahead inc death,2021-02-27,06,quantile,0.05,1672
2021-02-01,1 wk ahead inc death,2021-02-06,06,quantile,0.1,2728
2021-02-01,2 wk ahead inc death,2021-02-13,06,quantile,0.1,2408
2021-02-01,3 wk ahead inc death,2021-02-20,06,quantile,0.1,2061
2021-02-01,4 wk ahead inc death,2021-02-27,06,quantile,0.1,1721
2021-02-01,1 wk ahead inc death,2021-02-06,06,quantile,0.15,2762
2021-02-01,2 wk ahead inc death,2021-02-13,06,quantile,0.15,2442
2021-02-01,3 wk ahead inc death,2021-02-20,06,quantile,0.15,2094
2021-02-01,4 wk ahead inc death,2021-02-27,06,quantile,0.15,1754
2021-02-01,1 wk ahead inc death,2021-02-06,06,quantile,0.2,2790
2021-02-01,2 wk ahead inc death,2021-02-13,06,quantile,0.2,2469
2021-02-01,3 wk ahead inc death,2021-02-20,06,quantile,0.2,2121
2021-02-01,4 wk ahead inc death,2021-02-27,06,quantile,0.2,1781
2021-02-01,1 wk ahead inc death,2021-02-06,06,quantile,0.25,2813
2021-02-01,2 wk ahead inc death,2021-02-13,06,quantile,0.25,2492
2021-02-01,3 wk ahead inc death,2021-02-20,06,quantile,0.25,2144
2021-02-01,4 wk ahead inc death,2021-02-27,06,quantile,0.25,1804
2021-02-01,1 wk ahead inc death,2021-02-06,06,quantile,0.3,2834
2021-02-01,2 wk ahead inc death,2021-02-13,06,quantile,0.3,2513
2021-02-01,3 wk ahead inc death,2021-02-20,06,quantile,0.3,2165
2021-02-01,4 wk ahead inc death,2021-02-27,06,quantile,0.3,1824
2021-02-01,1 wk ahead inc death,2021-02-06,06,quantile,0.35,2853
2021-02-01,2 wk ahead inc death,2021-02-13,06,quantile,0.35,2532
2021-02-01,3 wk ahead inc death,2021-02-20,06,quantile,0.35,2184
2021-02-01,4 wk ahead inc death,2021-02-27,06,quantile,0.35,1843
2021-02-01,1 wk ahead inc death,2021-02-06,06,quantile,0.4,2872
2021-02-01,2 wk ahead inc death,2021-02-13,06,quantile,0.4,2550
2021-02-01,3 wk ahead inc death,2021-02-20,06,quantile,0.4,2202
2021-02-01,4 wk ahead inc death,2021-02-27,06,quantile,0.4,1861
2021-02-01,1 wk ahead inc death,2021-02-06,06,quantile,0.45,2890
2021-02-01,2 wk ahead inc death,2021-02-13,06,quantile,0.45,2568
2021-02-01,3 wk ahead inc death,2021-02-20,06,quantile,0.45,2220
2021-02-01,4 wk ahead inc death,2021-02-27,06,quantile,0.45,1878
2021-02-01,1 wk ahead inc death,2021-02-06,06,quantile,0.5,2907
2021-02-01,2 wk ahead inc death,2021-02-13,06,quantile,0.5,2585
2021-02-01,3 wk ahead inc death,2021-02-20,06,quantile,0.5,2237
2021-02-01,4 wk ahead inc death,2021-02-27,06,quantile,0.5,1895
2021-02-01,1 wk ahead inc death,2021-02-06,06,quantile,0.55,2925
2021-02-01,2 wk ahead inc death,2021-02-13,06,quantile,0.55,2603
2021-02-01,3 wk ahead inc death,2021-02-20,06,quantile,0.55,2254
2021-02-01,4 wk ahead inc death,2021-02-27,06,quantile,0.55,1913
2021-02-01,1 wk ahead inc death,2021-02-06,06,quantile,0.6,2943
2021-02-01,2 wk ahead inc death,2021-02-13,06,quantile,0.6,2621
2021-02-01,3 wk ahead inc death,2021-02-20,06,quantile,0.6,2272
2021-02-01,4 wk ahead inc death,2021-02-27,06,quantile,0.6,1930
2021-02-01,1 wk ahead inc death,2021-02-06,06,quantile,0.65,2961
2021-02-01,2 wk ahead inc death,2021-02-13,06,quantile,0.65,2639
2021-02-01,3 wk ahead inc death,2021-02-20,06,quantile,0.65,2290
2021-02-01,4 wk ahead inc death,2021-02-27,06,quantile,0.65,1948
2021-02-01,1 wk ahead inc death,2021-02-06,06,quantile,0.7,2981
2021-02-01,2 wk ahead inc death,2021-02-13,06,quantile,0.7,2658
2021-02-01,3 wk ahead inc death,2021-02-20,06,quantile,0.7,2309
2021-02-01,4 wk ahead inc death,2021-02-27,06,quantile,0.7,1967
2021-02-01,1 wk ahead inc death,2021-02-06,06,quantile,0.75,3001
2021-02-01,2 wk ahead inc death,2021-02-13,06,quantile,0.75,2679
2021-02-01,3 wk ahead inc death,2021-02-20,06,quantile,0.75,2329
2021-02-01,4 wk ahead inc death,2021-02-27,06,quantile,0.75,1987
2021-02-01,1 wk ahead inc death,2021-02-06,06,quantile,0.8,3025
2021-02-01,2 wk ahead inc death,2021-02-13,06,quantile,0.8,2702
2021-02-01,3 wk ahead inc death,2021-02-20,06,quantile,0.8,2352
2021-02-01,4 wk ahead inc death,2021-02-27,06,quantile,0.8,2010
2021-02-01,1 wk ahead inc death,2021-02-06,06,quantile,0.85,3052
2021-02-01,2 wk ahead inc death,2021-02-13,06,quantile,0.85,2729
2021-02-01,3 wk ahead inc death,2021-02-20,06,quantile,0.85,2379
2021-02-01,4 wk ahead inc death,2021-02-27,06,quantile,0.85,2036
2021-02-01,1 wk ahead inc death,2021-02-06,06,quantile,0.9,3086
2021-02-01,2 wk ahead inc death,2021-02-13,06,quantile,0.9,2763
2021-02-01,3 wk ahead inc death,2021-02-20,06,quantile,0.9,2413
2021-02-01,4 wk ahead inc death,2021-02-27,06,quantile,0.9,2070
2021-02-01,1 wk ahead inc death,2021-02-06,06,quantile,0.95,3137
2021-02-01,2 wk ahead inc death,2021-02-13,06,quantile,0.95,2813
2021-02-01,3 wk ahead inc death,2021-02-20,06,quantile,0.95,2463
2021-02-01,4 wk ahead inc death,2021-02-27,06,quantile,0.95,2119
2021-02-01,1 wk ahead inc death,2021-02-06,06,quantile,0.975,3181
2021-02-01,2 wk ahead inc death,2021-02-13,06,quantile,0.975,2857
2021-02-01,3 wk ahead inc death,2021-02-20,06,quantile,0.975,2506
2021-02-01,4 wk ahead inc death,2021-02-27,06,quantile,0.975,2162
2021-02-01,1 wk ahead inc death,2021-02-06,06,quantile,0.99,3232
2021-02-01,2 wk ahead inc death,2021-02-13,06,quantile,0.99,2908
2021-02-01,3 wk ahead inc death,2021-02-20,06,quantile,0.99,2556
2021-02-01,4 wk ahead inc death,2021-02-27,06,quantile,0.99,2212
2021-02-01,1 wk ahead inc death,2021-02-06,06,point,NA,2907
2021-02-01,2 wk ahead inc death,2021-02-13,06,point,NA,2585
2021-02-01,3 wk ahead inc death,2021-02-20,06,point,NA,2237
2021-02-01,4 wk ahead inc death,2021-02-27,06,point,NA,1895
