forecast_date,target,target_end_date,location,type,quantile,value
2021-03-08,1 wk ahead inc case,2021-03-13,06,quantile,0.025,15114
2021-03-08,2 wk ahead inc case,2021-03-20,06,quantile,0.025,8520
2021-03-08,3 wk ahead inc case,2021-03-27,06,quantile,0.025,4150
2021-03-08,4 wk ahead inc case,2021-04-03,06,quantile,0.025,1547
2021-03-08,1 wk ahead inc case,2021-03-13,06,quantile,0.1,17685
2021-03-08,2 wk ahead inc case,2021-03-20,06,quantile,0.1,10572
2021-03-08,3 wk ahead inc case,2021-03-27,06,quantile,0.1,5742
2021-03-08,4 wk ahead inc case,2021-04-03,06,quantile,0.1,2750
2021-03-08,1 wk ahead inc case,2021-03-13,06,quantile,0.25,19985
2021-03-08,2 wk ahead inc case,2021-03-20,06,quantile,0.25,12408
2021-03-08,3 wk ahead inc case,2021-03-27,06,quantile,0.25,7167
2021-03-08,4 wk ahead inc case,2021-04-03,06,quantile,0.25,3827
2021-03-08,1 wk ahead inc case,2021-03-13,06,quantile,0.5,22541
2021-03-08,2 wk ahead inc case,2021-03-20,06,quantile,0.5,14448
2021-03-08,3 wk ahead inc case,2021-03-27,06,quantile,0.5,8750
2021-03-08,4 wk ahead inc case,2021-04-03,06,quantile,0.5,5023
2021-03-08,1 wk ahead inc case,2021-03-13,06,quantile,0.75,25097
2021-03-08,2 wk ahead inc case,2021-03-20,06,quantile,0.75,16489
2021-03-08,3 wk ahead inc case,2021-03-27,06,quantile,0.75,10334
2021-03-08,4 wk ahead inc case,2021-04-03,06,quantile,0.75,6219
2021-03-08,1 wk ahead inc case,2021-03-13,06,quantile,0.9,27398
2021-03-08,2 wk ahead inc case,2021-03-20,06,quantile,0.9,18325
2021-03-08,3 wk ahead inc case,2021-03-27,06,quantile,0.9,11759
2021-03-08,4 wk ahead inc case,2021-04-03,06,quantile,0.9,7296
2021-03-08,1 wk ahead inc case,2021-03-13,06,quantile,0.975,29969
2021-03-08,2 wk ahead inc case,2021-03-20,06,quantile,0.975,20377
2021-03-08,3 wk ahead inc case,2021-03-27,06,quantile,0.975,13351
2021-03-08,4 wk ahead inc case,2021-04-03,06,quantile,0.975,8500
2021-03-08,1 wk ahead inc case,2021-03-13,06,point,NA,22541
2021-03-08,2 wk ahead inc case,2021-03-20,06,point,NA,14448
2021-03-08,3 wk ahead inc case,2021-03-27,06,point,NA,8750
2021-03-08,4 wk ahead inc case,2021-04-03,06,point,NA,5023
2021-03-08,1 day ahead inc hosp,2021-03-09,06,quantile,0.01,170.6535
2021-03-08,2 day ahead inc hosp,2021-03-10,06,quantile,0.01,151.5881
2021-03-08,3 day ahead inc hosp,2021-03-11,06,quantile,0.01,133.2845
2021-03-08,4 day ahead inc hosp,2021-03-12,06,quantile,0.01,115.7468
2021-03-08,5 day ahead inc hosp,2021-03-13,06,quantile,0.01,98.9739
2021-03-08,6 day ahead inc hosp,2021-03-14,06,quantile,0.01,82.9608
2021-03-08,7 day ahead inc hosp,2021-03-15,06,quantile,0.01,67.6987
2021-03-08,8 day ahead inc hosp,2021-03-16,06,quantile,0.01,53.1764
2021-03-08,9 day ahead inc hosp,2021-03-17,06,quantile,0.01,39.38
2021-03-08,10 day ahead inc hosp,2021-03-18,06,quantile,0.01,26.2935
2021-03-08,11 day ahead inc hosp,2021-03-19,06,quantile,0.01,13.8994
2021-03-08,12 day ahead inc hosp,2021-03-20,06,quantile,0.01,2.1786
2021-03-08,13 day ahead inc hosp,2021-03-21,06,quantile,0.01,0
2021-03-08,14 day ahead inc hosp,2021-03-22,06,quantile,0.01,0
2021-03-08,15 day ahead inc hosp,2021-03-23,06,quantile,0.01,0
2021-03-08,16 day ahead inc hosp,2021-03-24,06,quantile,0.01,0
2021-03-08,17 day ahead inc hosp,2021-03-25,06,quantile,0.01,0
2021-03-08,18 day ahead inc hosp,2021-03-26,06,quantile,0.01,0
2021-03-08,19 day ahead inc hosp,2021-03-27,06,quantile,0.01,0
2021-03-08,20 day ahead inc hosp,2021-03-28,06,quantile,0.01,0
2021-03-08,21 day ahead inc hosp,2021-03-29,06,quantile,0.01,0
2021-03-08,22 day ahead inc hosp,2021-03-30,06,quantile,0.01,0
2021-03-08,23 day ahead inc hosp,2021-03-31,06,quantile,0.01,0
2021-03-08,24 day ahead inc hosp,2021-04-01,06,quantile,0.01,0
2021-03-08,25 day ahead inc hosp,2021-04-02,06,quantile,0.01,0
2021-03-08,26 day ahead inc hosp,2021-04-03,06,quantile,0.01,0
2021-03-08,27 day ahead inc hosp,2021-04-04,06,quantile,0.01,0
2021-03-08,28 day ahead inc hosp,2021-04-05,06,quantile,0.01,0
2021-03-08,1 day ahead inc hosp,2021-03-09,06,quantile,0.025,195.9097
2021-03-08,2 day ahead inc hosp,2021-03-10,06,quantile,0.025,176.7903
2021-03-08,3 day ahead inc hosp,2021-03-11,06,quantile,0.025,158.4346
2021-03-08,4 day ahead inc hosp,2021-03-12,06,quantile,0.025,140.847
2021-03-08,5 day ahead inc hosp,2021-03-13,06,quantile,0.025,124.0264
2021-03-08,6 day ahead inc hosp,2021-03-14,06,quantile,0.025,107.9676
2021-03-08,7 day ahead inc hosp,2021-03-15,06,quantile,0.025,92.6621
2021-03-08,8 day ahead inc hosp,2021-03-16,06,quantile,0.025,78.0983
2021-03-08,9 day ahead inc hosp,2021-03-17,06,quantile,0.025,64.2624
2021-03-08,10 day ahead inc hosp,2021-03-18,06,quantile,0.025,51.1385
2021-03-08,11 day ahead inc hosp,2021-03-19,06,quantile,0.025,38.709
2021-03-08,12 day ahead inc hosp,2021-03-20,06,quantile,0.025,26.9547
2021-03-08,13 day ahead inc hosp,2021-03-21,06,quantile,0.025,15.8553
2021-03-08,14 day ahead inc hosp,2021-03-22,06,quantile,0.025,5.3896
2021-03-08,15 day ahead inc hosp,2021-03-23,06,quantile,0.025,0
2021-03-08,16 day ahead inc hosp,2021-03-24,06,quantile,0.025,0
2021-03-08,17 day ahead inc hosp,2021-03-25,06,quantile,0.025,0
2021-03-08,18 day ahead inc hosp,2021-03-26,06,quantile,0.025,0
2021-03-08,19 day ahead inc hosp,2021-03-27,06,quantile,0.025,0
2021-03-08,20 day ahead inc hosp,2021-03-28,06,quantile,0.025,0
2021-03-08,21 day ahead inc hosp,2021-03-29,06,quantile,0.025,0
2021-03-08,22 day ahead inc hosp,2021-03-30,06,quantile,0.025,0
2021-03-08,23 day ahead inc hosp,2021-03-31,06,quantile,0.025,0
2021-03-08,24 day ahead inc hosp,2021-04-01,06,quantile,0.025,0
2021-03-08,25 day ahead inc hosp,2021-04-02,06,quantile,0.025,0
2021-03-08,26 day ahead inc hosp,2021-04-03,06,quantile,0.025,0
2021-03-08,27 day ahead inc hosp,2021-04-04,06,quantile,0.025,0
2021-03-08,28 day ahead inc hosp,2021-04-05,06,quantile,0.025,0
2021-03-08,1 day ahead inc hosp,2021-03-09,06,quantile,0.05,217.6315
2021-03-08,2 day ahead inc hosp,2021-03-10,06,quantile,0.05,198.4655
2021-03-08,3 day ahead inc hosp,2021-03-11,06,quantile,0.05,180.0652
2021-03-08,4 day ahead inc hosp,2021-03-12,06,quantile,0.05,162.4347
2021-03-08,5 day ahead inc hosp,2021-03-13,06,quantile,0.05,145.573
2021-03-08,6 day ahead inc hosp,2021-03-14,06,quantile,0.05,129.4749
2021-03-08,7 day ahead inc hosp,2021-03-15,06,quantile,0.05,114.1319
2021-03-08,8 day ahead inc hosp,2021-03-16,06,quantile,0.05,99.5325
2021-03-08,9 day ahead inc hosp,2021-03-17,06,quantile,0.05,85.6627
2021-03-08,10 day ahead inc hosp,2021-03-18,06,quantile,0.05,72.5066
2021-03-08,11 day ahead inc hosp,2021-03-19,06,quantile,0.05,60.0466
2021-03-08,12 day ahead inc hosp,2021-03-20,06,quantile,0.05,48.2634
2021-03-08,13 day ahead inc hosp,2021-03-21,06,quantile,0.05,37.1368
2021-03-08,14 day ahead inc hosp,2021-03-22,06,quantile,0.05,26.6454
2021-03-08,15 day ahead inc hosp,2021-03-23,06,quantile,0.05,16.7671
2021-03-08,16 day ahead inc hosp,2021-03-24,06,quantile,0.05,7.4791
2021-03-08,17 day ahead inc hosp,2021-03-25,06,quantile,0.05,0
2021-03-08,18 day ahead inc hosp,2021-03-26,06,quantile,0.05,0
2021-03-08,19 day ahead inc hosp,2021-03-27,06,quantile,0.05,0
2021-03-08,20 day ahead inc hosp,2021-03-28,06,quantile,0.05,0
2021-03-08,21 day ahead inc hosp,2021-03-29,06,quantile,0.05,0
2021-03-08,22 day ahead inc hosp,2021-03-30,06,quantile,0.05,0
2021-03-08,23 day ahead inc hosp,2021-03-31,06,quantile,0.05,0
2021-03-08,24 day ahead inc hosp,2021-04-01,06,quantile,0.05,0
2021-03-08,25 day ahead inc hosp,2021-04-02,06,quantile,0.05,0
2021-03-08,26 day ahead inc hosp,2021-04-03,06,quantile,0.05,0
2021-03-08,27 day ahead inc hosp,2021-04-04,06,quantile,0.05,0
2021-03-08,28 day ahead inc hosp,2021-04-05,06,quantile,0.05,0
2021-03-08,1 day ahead inc hosp,2021-03-09,06,quantile,0.1,242.6752
2021-03-08,2 day ahead inc hosp,2021-03-10,06,quantile,0.1,223.4556
2021-03-08,3 day ahead inc hosp,2021-03-11,06,quantile,0.1,205.0038
2021-03-08,4 day ahead inc hosp,2021-03-12,06,quantile,0.1,187.3238
2021-03-08,5 day ahead inc hosp,2021-03-13,06,quantile,0.1,170.4148
2021-03-08,6 day ahead inc hosp,2021-03-14,06,quantile,0.1,154.2715
2021-03-08,7 day ahead inc hosp,2021-03-15,06,quantile,0.1,138.8853
2021-03-08,8 day ahead inc hosp,2021-03-16,06,quantile,0.1,124.2447
2021-03-08,9 day ahead inc hosp,2021-03-17,06,quantile,0.1,110.3358
2021-03-08,10 day ahead inc hosp,2021-03-18,06,quantile,0.1,97.1426
2021-03-08,11 day ahead inc hosp,2021-03-19,06,quantile,0.1,84.6474
2021-03-08,12 day ahead inc hosp,2021-03-20,06,quantile,0.1,72.831
2021-03-08,13 day ahead inc hosp,2021-03-21,06,quantile,0.1,61.673
2021-03-08,14 day ahead inc hosp,2021-03-22,06,quantile,0.1,51.152
2021-03-08,15 day ahead inc hosp,2021-03-23,06,quantile,0.1,41.2457
2021-03-08,16 day ahead inc hosp,2021-03-24,06,quantile,0.1,31.9315
2021-03-08,17 day ahead inc hosp,2021-03-25,06,quantile,0.1,23.1861
2021-03-08,18 day ahead inc hosp,2021-03-26,06,quantile,0.1,14.986
2021-03-08,19 day ahead inc hosp,2021-03-27,06,quantile,0.1,7.3077
2021-03-08,20 day ahead inc hosp,2021-03-28,06,quantile,0.1,0.1275
2021-03-08,21 day ahead inc hosp,2021-03-29,06,quantile,0.1,0
2021-03-08,22 day ahead inc hosp,2021-03-30,06,quantile,0.1,0
2021-03-08,23 day ahead inc hosp,2021-03-31,06,quantile,0.1,0
2021-03-08,24 day ahead inc hosp,2021-04-01,06,quantile,0.1,0
2021-03-08,25 day ahead inc hosp,2021-04-02,06,quantile,0.1,0
2021-03-08,26 day ahead inc hosp,2021-04-03,06,quantile,0.1,0
2021-03-08,27 day ahead inc hosp,2021-04-04,06,quantile,0.1,0
2021-03-08,28 day ahead inc hosp,2021-04-05,06,quantile,0.1,0
2021-03-08,1 day ahead inc hosp,2021-03-09,06,quantile,0.15,259.5721
2021-03-08,2 day ahead inc hosp,2021-03-10,06,quantile,0.15,240.3164
2021-03-08,3 day ahead inc hosp,2021-03-11,06,quantile,0.15,221.8297
2021-03-08,4 day ahead inc hosp,2021-03-12,06,quantile,0.15,204.1164
2021-03-08,5 day ahead inc hosp,2021-03-13,06,quantile,0.15,187.1754
2021-03-08,6 day ahead inc hosp,2021-03-14,06,quantile,0.15,171.0016
2021-03-08,7 day ahead inc hosp,2021-03-15,06,quantile,0.15,155.5862
2021-03-08,8 day ahead inc hosp,2021-03-16,06,quantile,0.15,140.9179
2021-03-08,9 day ahead inc hosp,2021-03-17,06,quantile,0.15,126.9827
2021-03-08,10 day ahead inc hosp,2021-03-18,06,quantile,0.15,113.7645
2021-03-08,11 day ahead inc hosp,2021-03-19,06,quantile,0.15,101.2455
2021-03-08,12 day ahead inc hosp,2021-03-20,06,quantile,0.15,89.4067
2021-03-08,13 day ahead inc hosp,2021-03-21,06,quantile,0.15,78.2275
2021-03-08,14 day ahead inc hosp,2021-03-22,06,quantile,0.15,67.6864
2021-03-08,15 day ahead inc hosp,2021-03-23,06,quantile,0.15,57.7614
2021-03-08,16 day ahead inc hosp,2021-03-24,06,quantile,0.15,48.4295
2021-03-08,17 day ahead inc hosp,2021-03-25,06,quantile,0.15,39.6674
2021-03-08,18 day ahead inc hosp,2021-03-26,06,quantile,0.15,31.4517
2021-03-08,19 day ahead inc hosp,2021-03-27,06,quantile,0.15,23.7588
2021-03-08,20 day ahead inc hosp,2021-03-28,06,quantile,0.15,16.565
2021-03-08,21 day ahead inc hosp,2021-03-29,06,quantile,0.15,9.8468
2021-03-08,22 day ahead inc hosp,2021-03-30,06,quantile,0.15,3.5809
2021-03-08,23 day ahead inc hosp,2021-03-31,06,quantile,0.15,0
2021-03-08,24 day ahead inc hosp,2021-04-01,06,quantile,0.15,0
2021-03-08,25 day ahead inc hosp,2021-04-02,06,quantile,0.15,0
2021-03-08,26 day ahead inc hosp,2021-04-03,06,quantile,0.15,0
2021-03-08,27 day ahead inc hosp,2021-04-04,06,quantile,0.15,0
2021-03-08,28 day ahead inc hosp,2021-04-05,06,quantile,0.15,0
2021-03-08,1 day ahead inc hosp,2021-03-09,06,quantile,0.2,273.0012
2021-03-08,2 day ahead inc hosp,2021-03-10,06,quantile,0.2,253.7168
2021-03-08,3 day ahead inc hosp,2021-03-11,06,quantile,0.2,235.2025
2021-03-08,4 day ahead inc hosp,2021-03-12,06,quantile,0.2,217.4626
2021-03-08,5 day ahead inc hosp,2021-03-13,06,quantile,0.2,200.4962
2021-03-08,6 day ahead inc hosp,2021-03-14,06,quantile,0.2,184.2981
2021-03-08,7 day ahead inc hosp,2021-03-15,06,quantile,0.2,168.8596
2021-03-08,8 day ahead inc hosp,2021-03-16,06,quantile,0.2,154.1693
2021-03-08,9 day ahead inc hosp,2021-03-17,06,quantile,0.2,140.2131
2021-03-08,10 day ahead inc hosp,2021-03-18,06,quantile,0.2,126.9749
2021-03-08,11 day ahead inc hosp,2021-03-19,06,quantile,0.2,114.4372
2021-03-08,12 day ahead inc hosp,2021-03-20,06,quantile,0.2,102.5805
2021-03-08,13 day ahead inc hosp,2021-03-21,06,quantile,0.2,91.3844
2021-03-08,14 day ahead inc hosp,2021-03-22,06,quantile,0.2,80.8275
2021-03-08,15 day ahead inc hosp,2021-03-23,06,quantile,0.2,70.8875
2021-03-08,16 day ahead inc hosp,2021-03-24,06,quantile,0.2,61.5415
2021-03-08,17 day ahead inc hosp,2021-03-25,06,quantile,0.2,52.7662
2021-03-08,18 day ahead inc hosp,2021-03-26,06,quantile,0.2,44.5382
2021-03-08,19 day ahead inc hosp,2021-03-27,06,quantile,0.2,36.8337
2021-03-08,20 day ahead inc hosp,2021-03-28,06,quantile,0.2,29.629
2021-03-08,21 day ahead inc hosp,2021-03-29,06,quantile,0.2,22.9007
2021-03-08,22 day ahead inc hosp,2021-03-30,06,quantile,0.2,16.6254
2021-03-08,23 day ahead inc hosp,2021-03-31,06,quantile,0.2,10.7802
2021-03-08,24 day ahead inc hosp,2021-04-01,06,quantile,0.2,5.3426
2021-03-08,25 day ahead inc hosp,2021-04-02,06,quantile,0.2,0.2905
2021-03-08,26 day ahead inc hosp,2021-04-03,06,quantile,0.2,0
2021-03-08,27 day ahead inc hosp,2021-04-04,06,quantile,0.2,0
2021-03-08,28 day ahead inc hosp,2021-04-05,06,quantile,0.2,0
2021-03-08,1 day ahead inc hosp,2021-03-09,06,quantile,0.25,284.5222
2021-03-08,2 day ahead inc hosp,2021-03-10,06,quantile,0.25,265.2131
2021-03-08,3 day ahead inc hosp,2021-03-11,06,quantile,0.25,246.6751
2021-03-08,4 day ahead inc hosp,2021-03-12,06,quantile,0.25,228.9125
2021-03-08,5 day ahead inc hosp,2021-03-13,06,quantile,0.25,211.9243
2021-03-08,6 day ahead inc hosp,2021-03-14,06,quantile,0.25,195.7054
2021-03-08,7 day ahead inc hosp,2021-03-15,06,quantile,0.25,180.247
2021-03-08,8 day ahead inc hosp,2021-03-16,06,quantile,0.25,165.5378
2021-03-08,9 day ahead inc hosp,2021-03-17,06,quantile,0.25,151.5635
2021-03-08,10 day ahead inc hosp,2021-03-18,06,quantile,0.25,138.3084
2021-03-08,11 day ahead inc hosp,2021-03-19,06,quantile,0.25,125.7544
2021-03-08,12 day ahead inc hosp,2021-03-20,06,quantile,0.25,113.8825
2021-03-08,13 day ahead inc hosp,2021-03-21,06,quantile,0.25,102.6719
2021-03-08,14 day ahead inc hosp,2021-03-22,06,quantile,0.25,92.1014
2021-03-08,15 day ahead inc hosp,2021-03-23,06,quantile,0.25,82.1485
2021-03-08,16 day ahead inc hosp,2021-03-24,06,quantile,0.25,72.7904
2021-03-08,17 day ahead inc hosp,2021-03-25,06,quantile,0.25,64.0039
2021-03-08,18 day ahead inc hosp,2021-03-26,06,quantile,0.25,55.7652
2021-03-08,19 day ahead inc hosp,2021-03-27,06,quantile,0.25,48.0507
2021-03-08,20 day ahead inc hosp,2021-03-28,06,quantile,0.25,40.8367
2021-03-08,21 day ahead inc hosp,2021-03-29,06,quantile,0.25,34.0997
2021-03-08,22 day ahead inc hosp,2021-03-30,06,quantile,0.25,27.8163
2021-03-08,23 day ahead inc hosp,2021-03-31,06,quantile,0.25,21.9636
2021-03-08,24 day ahead inc hosp,2021-04-01,06,quantile,0.25,16.519
2021-03-08,25 day ahead inc hosp,2021-04-02,06,quantile,0.25,11.4604
2021-03-08,26 day ahead inc hosp,2021-04-03,06,quantile,0.25,6.7663
2021-03-08,27 day ahead inc hosp,2021-04-04,06,quantile,0.25,2.4159
2021-03-08,28 day ahead inc hosp,2021-04-05,06,quantile,0.25,0
2021-03-08,1 day ahead inc hosp,2021-03-09,06,quantile,0.3,294.8684
2021-03-08,2 day ahead inc hosp,2021-03-10,06,quantile,0.3,275.5371
2021-03-08,3 day ahead inc hosp,2021-03-11,06,quantile,0.3,256.9778
2021-03-08,4 day ahead inc hosp,2021-03-12,06,quantile,0.3,239.1948
2021-03-08,5 day ahead inc hosp,2021-03-13,06,quantile,0.3,222.1871
2021-03-08,6 day ahead inc hosp,2021-03-14,06,quantile,0.3,205.9494
2021-03-08,7 day ahead inc hosp,2021-03-15,06,quantile,0.3,190.4733
2021-03-08,8 day ahead inc hosp,2021-03-16,06,quantile,0.3,175.747
2021-03-08,9 day ahead inc hosp,2021-03-17,06,quantile,0.3,161.7566
2021-03-08,10 day ahead inc hosp,2021-03-18,06,quantile,0.3,148.4861
2021-03-08,11 day ahead inc hosp,2021-03-19,06,quantile,0.3,135.9177
2021-03-08,12 day ahead inc hosp,2021-03-20,06,quantile,0.3,124.032
2021-03-08,13 day ahead inc hosp,2021-03-21,06,quantile,0.3,112.8085
2021-03-08,14 day ahead inc hosp,2021-03-22,06,quantile,0.3,102.2257
2021-03-08,15 day ahead inc hosp,2021-03-23,06,quantile,0.3,92.2613
2021-03-08,16 day ahead inc hosp,2021-03-24,06,quantile,0.3,82.8924
2021-03-08,17 day ahead inc hosp,2021-03-25,06,quantile,0.3,74.0956
2021-03-08,18 day ahead inc hosp,2021-03-26,06,quantile,0.3,65.8474
2021-03-08,19 day ahead inc hosp,2021-03-27,06,quantile,0.3,58.124
2021-03-08,20 day ahead inc hosp,2021-03-28,06,quantile,0.3,50.9016
2021-03-08,21 day ahead inc hosp,2021-03-29,06,quantile,0.3,44.1568
2021-03-08,22 day ahead inc hosp,2021-03-30,06,quantile,0.3,37.8661
2021-03-08,23 day ahead inc hosp,2021-03-31,06,quantile,0.3,32.0066
2021-03-08,24 day ahead inc hosp,2021-04-01,06,quantile,0.3,26.5557
2021-03-08,25 day ahead inc hosp,2021-04-02,06,quantile,0.3,21.4913
2021-03-08,26 day ahead inc hosp,2021-04-03,06,quantile,0.3,16.7918
2021-03-08,27 day ahead inc hosp,2021-04-04,06,quantile,0.3,12.4363
2021-03-08,28 day ahead inc hosp,2021-04-05,06,quantile,0.3,8.4046
2021-03-08,1 day ahead inc hosp,2021-03-09,06,quantile,0.35,304.4557
2021-03-08,2 day ahead inc hosp,2021-03-10,06,quantile,0.35,285.1039
2021-03-08,3 day ahead inc hosp,2021-03-11,06,quantile,0.35,266.5249
2021-03-08,4 day ahead inc hosp,2021-03-12,06,quantile,0.35,248.7229
2021-03-08,5 day ahead inc hosp,2021-03-13,06,quantile,0.35,231.6971
2021-03-08,6 day ahead inc hosp,2021-03-14,06,quantile,0.35,215.4421
2021-03-08,7 day ahead inc hosp,2021-03-15,06,quantile,0.35,199.9494
2021-03-08,8 day ahead inc hosp,2021-03-16,06,quantile,0.35,185.2074
2021-03-08,9 day ahead inc hosp,2021-03-17,06,quantile,0.35,171.2021
2021-03-08,10 day ahead inc hosp,2021-03-18,06,quantile,0.35,157.9174
2021-03-08,11 day ahead inc hosp,2021-03-19,06,quantile,0.35,145.3354
2021-03-08,12 day ahead inc hosp,2021-03-20,06,quantile,0.35,133.437
2021-03-08,13 day ahead inc hosp,2021-03-21,06,quantile,0.35,122.2015
2021-03-08,14 day ahead inc hosp,2021-03-22,06,quantile,0.35,111.6073
2021-03-08,15 day ahead inc hosp,2021-03-23,06,quantile,0.35,101.6322
2021-03-08,16 day ahead inc hosp,2021-03-24,06,quantile,0.35,92.2533
2021-03-08,17 day ahead inc hosp,2021-03-25,06,quantile,0.35,83.4471
2021-03-08,18 day ahead inc hosp,2021-03-26,06,quantile,0.35,75.19
2021-03-08,19 day ahead inc hosp,2021-03-27,06,quantile,0.35,67.4583
2021-03-08,20 day ahead inc hosp,2021-03-28,06,quantile,0.35,60.2283
2021-03-08,21 day ahead inc hosp,2021-03-29,06,quantile,0.35,53.4762
2021-03-08,22 day ahead inc hosp,2021-03-30,06,quantile,0.35,47.1788
2021-03-08,23 day ahead inc hosp,2021-03-31,06,quantile,0.35,41.313
2021-03-08,24 day ahead inc hosp,2021-04-01,06,quantile,0.35,35.8563
2021-03-08,25 day ahead inc hosp,2021-04-02,06,quantile,0.35,30.7864
2021-03-08,26 day ahead inc hosp,2021-04-03,06,quantile,0.35,26.0818
2021-03-08,27 day ahead inc hosp,2021-04-04,06,quantile,0.35,21.7217
2021-03-08,28 day ahead inc hosp,2021-04-05,06,quantile,0.35,17.6857
2021-03-08,1 day ahead inc hosp,2021-03-09,06,quantile,0.4,313.5532
2021-03-08,2 day ahead inc hosp,2021-03-10,06,quantile,0.4,294.1819
2021-03-08,3 day ahead inc hosp,2021-03-11,06,quantile,0.4,275.5841
2021-03-08,4 day ahead inc hosp,2021-03-12,06,quantile,0.4,257.7642
2021-03-08,5 day ahead inc hosp,2021-03-13,06,quantile,0.4,240.7211
2021-03-08,6 day ahead inc hosp,2021-03-14,06,quantile,0.4,224.4497
2021-03-08,7 day ahead inc hosp,2021-03-15,06,quantile,0.4,208.9413
2021-03-08,8 day ahead inc hosp,2021-03-16,06,quantile,0.4,194.1844
2021-03-08,9 day ahead inc hosp,2021-03-17,06,quantile,0.4,180.1649
2021-03-08,10 day ahead inc hosp,2021-03-18,06,quantile,0.4,166.8667
2021-03-08,11 day ahead inc hosp,2021-03-19,06,quantile,0.4,154.272
2021-03-08,12 day ahead inc hosp,2021-03-20,06,quantile,0.4,142.3614
2021-03-08,13 day ahead inc hosp,2021-03-21,06,quantile,0.4,131.1145
2021-03-08,14 day ahead inc hosp,2021-03-22,06,quantile,0.4,120.5096
2021-03-08,15 day ahead inc hosp,2021-03-23,06,quantile,0.4,110.5244
2021-03-08,16 day ahead inc hosp,2021-03-24,06,quantile,0.4,101.1359
2021-03-08,17 day ahead inc hosp,2021-03-25,06,quantile,0.4,92.3208
2021-03-08,18 day ahead inc hosp,2021-03-26,06,quantile,0.4,84.0553
2021-03-08,19 day ahead inc hosp,2021-03-27,06,quantile,0.4,76.3157
2021-03-08,20 day ahead inc hosp,2021-03-28,06,quantile,0.4,69.0783
2021-03-08,21 day ahead inc hosp,2021-03-29,06,quantile,0.4,62.3194
2021-03-08,22 day ahead inc hosp,2021-03-30,06,quantile,0.4,56.0156
2021-03-08,23 day ahead inc hosp,2021-03-31,06,quantile,0.4,50.1439
2021-03-08,24 day ahead inc hosp,2021-04-01,06,quantile,0.4,44.6816
2021-03-08,25 day ahead inc hosp,2021-04-02,06,quantile,0.4,39.6065
2021-03-08,26 day ahead inc hosp,2021-04-03,06,quantile,0.4,34.8972
2021-03-08,27 day ahead inc hosp,2021-04-04,06,quantile,0.4,30.5327
2021-03-08,28 day ahead inc hosp,2021-04-05,06,quantile,0.4,26.4926
2021-03-08,1 day ahead inc hosp,2021-03-09,06,quantile,0.45,322.355
2021-03-08,2 day ahead inc hosp,2021-03-10,06,quantile,0.45,302.9649
2021-03-08,3 day ahead inc hosp,2021-03-11,06,quantile,0.45,284.349
2021-03-08,4 day ahead inc hosp,2021-03-12,06,quantile,0.45,266.5117
2021-03-08,5 day ahead inc hosp,2021-03-13,06,quantile,0.45,249.452
2021-03-08,6 day ahead inc hosp,2021-03-14,06,quantile,0.45,233.1647
2021-03-08,7 day ahead inc hosp,2021-03-15,06,quantile,0.45,217.6411
2021-03-08,8 day ahead inc hosp,2021-03-16,06,quantile,0.45,202.8697
2021-03-08,9 day ahead inc hosp,2021-03-17,06,quantile,0.45,188.8364
2021-03-08,10 day ahead inc hosp,2021-03-18,06,quantile,0.45,175.5252
2021-03-08,11 day ahead inc hosp,2021-03-19,06,quantile,0.45,162.9182
2021-03-08,12 day ahead inc hosp,2021-03-20,06,quantile,0.45,150.9959
2021-03-08,13 day ahead inc hosp,2021-03-21,06,quantile,0.45,139.738
2021-03-08,14 day ahead inc hosp,2021-03-22,06,quantile,0.45,129.1226
2021-03-08,15 day ahead inc hosp,2021-03-23,06,quantile,0.45,119.1276
2021-03-08,16 day ahead inc hosp,2021-03-24,06,quantile,0.45,109.7299
2021-03-08,17 day ahead inc hosp,2021-03-25,06,quantile,0.45,100.9061
2021-03-08,18 day ahead inc hosp,2021-03-26,06,quantile,0.45,92.6325
2021-03-08,19 day ahead inc hosp,2021-03-27,06,quantile,0.45,84.8854
2021-03-08,20 day ahead inc hosp,2021-03-28,06,quantile,0.45,77.6409
2021-03-08,21 day ahead inc hosp,2021-03-29,06,quantile,0.45,70.8753
2021-03-08,22 day ahead inc hosp,2021-03-30,06,quantile,0.45,64.5653
2021-03-08,23 day ahead inc hosp,2021-03-31,06,quantile,0.45,58.6878
2021-03-08,24 day ahead inc hosp,2021-04-01,06,quantile,0.45,53.2201
2021-03-08,25 day ahead inc hosp,2021-04-02,06,quantile,0.45,48.1401
2021-03-08,26 day ahead inc hosp,2021-04-03,06,quantile,0.45,43.4262
2021-03-08,27 day ahead inc hosp,2021-04-04,06,quantile,0.45,39.0574
2021-03-08,28 day ahead inc hosp,2021-04-05,06,quantile,0.45,35.0134
2021-03-08,1 day ahead inc hosp,2021-03-09,06,quantile,0.5,331.0173
2021-03-08,2 day ahead inc hosp,2021-03-10,06,quantile,0.5,311.6086
2021-03-08,3 day ahead inc hosp,2021-03-11,06,quantile,0.5,292.9749
2021-03-08,4 day ahead inc hosp,2021-03-12,06,quantile,0.5,275.1205
2021-03-08,5 day ahead inc hosp,2021-03-13,06,quantile,0.5,258.0444
2021-03-08,6 day ahead inc hosp,2021-03-14,06,quantile,0.5,241.7415
2021-03-08,7 day ahead inc hosp,2021-03-15,06,quantile,0.5,226.203
2021-03-08,8 day ahead inc hosp,2021-03-16,06,quantile,0.5,211.4173
2021-03-08,9 day ahead inc hosp,2021-03-17,06,quantile,0.5,197.3706
2021-03-08,10 day ahead inc hosp,2021-03-18,06,quantile,0.5,184.0465
2021-03-08,11 day ahead inc hosp,2021-03-19,06,quantile,0.5,171.4273
2021-03-08,12 day ahead inc hosp,2021-03-20,06,quantile,0.5,159.4936
2021-03-08,13 day ahead inc hosp,2021-03-21,06,quantile,0.5,148.2247
2021-03-08,14 day ahead inc hosp,2021-03-22,06,quantile,0.5,137.5991
2021-03-08,15 day ahead inc hosp,2021-03-23,06,quantile,0.5,127.5945
2021-03-08,16 day ahead inc hosp,2021-03-24,06,quantile,0.5,118.1877
2021-03-08,17 day ahead inc hosp,2021-03-25,06,quantile,0.5,109.3554
2021-03-08,18 day ahead inc hosp,2021-03-26,06,quantile,0.5,101.0738
2021-03-08,19 day ahead inc hosp,2021-03-27,06,quantile,0.5,93.3192
2021-03-08,20 day ahead inc hosp,2021-03-28,06,quantile,0.5,86.0676
2021-03-08,21 day ahead inc hosp,2021-03-29,06,quantile,0.5,79.2956
2021-03-08,22 day ahead inc hosp,2021-03-30,06,quantile,0.5,72.9795
2021-03-08,23 day ahead inc hosp,2021-03-31,06,quantile,0.5,67.0963
2021-03-08,24 day ahead inc hosp,2021-04-01,06,quantile,0.5,61.6233
2021-03-08,25 day ahead inc hosp,2021-04-02,06,quantile,0.5,56.5384
2021-03-08,26 day ahead inc hosp,2021-04-03,06,quantile,0.5,51.82
2021-03-08,27 day ahead inc hosp,2021-04-04,06,quantile,0.5,47.4469
2021-03-08,28 day ahead inc hosp,2021-04-05,06,quantile,0.5,43.399
2021-03-08,1 day ahead inc hosp,2021-03-09,06,quantile,0.55,339.6796
2021-03-08,2 day ahead inc hosp,2021-03-10,06,quantile,0.55,320.2524
2021-03-08,3 day ahead inc hosp,2021-03-11,06,quantile,0.55,301.6009
2021-03-08,4 day ahead inc hosp,2021-03-12,06,quantile,0.55,283.7293
2021-03-08,5 day ahead inc hosp,2021-03-13,06,quantile,0.55,266.6369
2021-03-08,6 day ahead inc hosp,2021-03-14,06,quantile,0.55,250.3183
2021-03-08,7 day ahead inc hosp,2021-03-15,06,quantile,0.55,234.7648
2021-03-08,8 day ahead inc hosp,2021-03-16,06,quantile,0.55,219.965
2021-03-08,9 day ahead inc hosp,2021-03-17,06,quantile,0.55,205.9047
2021-03-08,10 day ahead inc hosp,2021-03-18,06,quantile,0.55,192.5678
2021-03-08,11 day ahead inc hosp,2021-03-19,06,quantile,0.55,179.9364
2021-03-08,12 day ahead inc hosp,2021-03-20,06,quantile,0.55,167.9912
2021-03-08,13 day ahead inc hosp,2021-03-21,06,quantile,0.55,156.7115
2021-03-08,14 day ahead inc hosp,2021-03-22,06,quantile,0.55,146.0756
2021-03-08,15 day ahead inc hosp,2021-03-23,06,quantile,0.55,136.0613
2021-03-08,16 day ahead inc hosp,2021-03-24,06,quantile,0.55,126.6455
2021-03-08,17 day ahead inc hosp,2021-03-25,06,quantile,0.55,117.8046
2021-03-08,18 day ahead inc hosp,2021-03-26,06,quantile,0.55,109.515
2021-03-08,19 day ahead inc hosp,2021-03-27,06,quantile,0.55,101.7529
2021-03-08,20 day ahead inc hosp,2021-03-28,06,quantile,0.55,94.4944
2021-03-08,21 day ahead inc hosp,2021-03-29,06,quantile,0.55,87.7158
2021-03-08,22 day ahead inc hosp,2021-03-30,06,quantile,0.55,81.3936
2021-03-08,23 day ahead inc hosp,2021-03-31,06,quantile,0.55,75.5048
2021-03-08,24 day ahead inc hosp,2021-04-01,06,quantile,0.55,70.0266
2021-03-08,25 day ahead inc hosp,2021-04-02,06,quantile,0.55,64.9368
2021-03-08,26 day ahead inc hosp,2021-04-03,06,quantile,0.55,60.2137
2021-03-08,27 day ahead inc hosp,2021-04-04,06,quantile,0.55,55.8365
2021-03-08,28 day ahead inc hosp,2021-04-05,06,quantile,0.55,51.7847
2021-03-08,1 day ahead inc hosp,2021-03-09,06,quantile,0.6,348.4815
2021-03-08,2 day ahead inc hosp,2021-03-10,06,quantile,0.6,329.0354
2021-03-08,3 day ahead inc hosp,2021-03-11,06,quantile,0.6,310.3658
2021-03-08,4 day ahead inc hosp,2021-03-12,06,quantile,0.6,292.4768
2021-03-08,5 day ahead inc hosp,2021-03-13,06,quantile,0.6,275.3677
2021-03-08,6 day ahead inc hosp,2021-03-14,06,quantile,0.6,259.0332
2021-03-08,7 day ahead inc hosp,2021-03-15,06,quantile,0.6,243.4646
2021-03-08,8 day ahead inc hosp,2021-03-16,06,quantile,0.6,228.6503
2021-03-08,9 day ahead inc hosp,2021-03-17,06,quantile,0.6,214.5763
2021-03-08,10 day ahead inc hosp,2021-03-18,06,quantile,0.6,201.2263
2021-03-08,11 day ahead inc hosp,2021-03-19,06,quantile,0.6,188.5826
2021-03-08,12 day ahead inc hosp,2021-03-20,06,quantile,0.6,176.6257
2021-03-08,13 day ahead inc hosp,2021-03-21,06,quantile,0.6,165.3349
2021-03-08,14 day ahead inc hosp,2021-03-22,06,quantile,0.6,154.6887
2021-03-08,15 day ahead inc hosp,2021-03-23,06,quantile,0.6,144.6646
2021-03-08,16 day ahead inc hosp,2021-03-24,06,quantile,0.6,135.2395
2021-03-08,17 day ahead inc hosp,2021-03-25,06,quantile,0.6,126.39
2021-03-08,18 day ahead inc hosp,2021-03-26,06,quantile,0.6,118.0923
2021-03-08,19 day ahead inc hosp,2021-03-27,06,quantile,0.6,110.3226
2021-03-08,20 day ahead inc hosp,2021-03-28,06,quantile,0.6,103.0569
2021-03-08,21 day ahead inc hosp,2021-03-29,06,quantile,0.6,96.2717
2021-03-08,22 day ahead inc hosp,2021-03-30,06,quantile,0.6,89.9433
2021-03-08,23 day ahead inc hosp,2021-03-31,06,quantile,0.6,84.0487
2021-03-08,24 day ahead inc hosp,2021-04-01,06,quantile,0.6,78.5651
2021-03-08,25 day ahead inc hosp,2021-04-02,06,quantile,0.6,73.4704
2021-03-08,26 day ahead inc hosp,2021-04-03,06,quantile,0.6,68.7427
2021-03-08,27 day ahead inc hosp,2021-04-04,06,quantile,0.6,64.3612
2021-03-08,28 day ahead inc hosp,2021-04-05,06,quantile,0.6,60.3054
2021-03-08,1 day ahead inc hosp,2021-03-09,06,quantile,0.65,357.5789
2021-03-08,2 day ahead inc hosp,2021-03-10,06,quantile,0.65,338.1133
2021-03-08,3 day ahead inc hosp,2021-03-11,06,quantile,0.65,319.425
2021-03-08,4 day ahead inc hosp,2021-03-12,06,quantile,0.65,301.5181
2021-03-08,5 day ahead inc hosp,2021-03-13,06,quantile,0.65,284.3918
2021-03-08,6 day ahead inc hosp,2021-03-14,06,quantile,0.65,268.0408
2021-03-08,7 day ahead inc hosp,2021-03-15,06,quantile,0.65,252.4565
2021-03-08,8 day ahead inc hosp,2021-03-16,06,quantile,0.65,237.6273
2021-03-08,9 day ahead inc hosp,2021-03-17,06,quantile,0.65,223.539
2021-03-08,10 day ahead inc hosp,2021-03-18,06,quantile,0.65,210.1756
2021-03-08,11 day ahead inc hosp,2021-03-19,06,quantile,0.65,197.5191
2021-03-08,12 day ahead inc hosp,2021-03-20,06,quantile,0.65,185.5501
2021-03-08,13 day ahead inc hosp,2021-03-21,06,quantile,0.65,174.248
2021-03-08,14 day ahead inc hosp,2021-03-22,06,quantile,0.65,163.591
2021-03-08,15 day ahead inc hosp,2021-03-23,06,quantile,0.65,153.5567
2021-03-08,16 day ahead inc hosp,2021-03-24,06,quantile,0.65,144.1221
2021-03-08,17 day ahead inc hosp,2021-03-25,06,quantile,0.65,135.2636
2021-03-08,18 day ahead inc hosp,2021-03-26,06,quantile,0.65,126.9576
2021-03-08,19 day ahead inc hosp,2021-03-27,06,quantile,0.65,119.18
2021-03-08,20 day ahead inc hosp,2021-03-28,06,quantile,0.65,111.907
2021-03-08,21 day ahead inc hosp,2021-03-29,06,quantile,0.65,105.1149
2021-03-08,22 day ahead inc hosp,2021-03-30,06,quantile,0.65,98.7801
2021-03-08,23 day ahead inc hosp,2021-03-31,06,quantile,0.65,92.8796
2021-03-08,24 day ahead inc hosp,2021-04-01,06,quantile,0.65,87.3904
2021-03-08,25 day ahead inc hosp,2021-04-02,06,quantile,0.65,82.2905
2021-03-08,26 day ahead inc hosp,2021-04-03,06,quantile,0.65,77.5581
2021-03-08,27 day ahead inc hosp,2021-04-04,06,quantile,0.65,73.1722
2021-03-08,28 day ahead inc hosp,2021-04-05,06,quantile,0.65,69.1123
2021-03-08,1 day ahead inc hosp,2021-03-09,06,quantile,0.7,367.1662
2021-03-08,2 day ahead inc hosp,2021-03-10,06,quantile,0.7,347.6801
2021-03-08,3 day ahead inc hosp,2021-03-11,06,quantile,0.7,328.972
2021-03-08,4 day ahead inc hosp,2021-03-12,06,quantile,0.7,311.0462
2021-03-08,5 day ahead inc hosp,2021-03-13,06,quantile,0.7,293.9018
2021-03-08,6 day ahead inc hosp,2021-03-14,06,quantile,0.7,277.5335
2021-03-08,7 day ahead inc hosp,2021-03-15,06,quantile,0.7,261.9327
2021-03-08,8 day ahead inc hosp,2021-03-16,06,quantile,0.7,247.0877
2021-03-08,9 day ahead inc hosp,2021-03-17,06,quantile,0.7,232.9845
2021-03-08,10 day ahead inc hosp,2021-03-18,06,quantile,0.7,219.6069
2021-03-08,11 day ahead inc hosp,2021-03-19,06,quantile,0.7,206.9369
2021-03-08,12 day ahead inc hosp,2021-03-20,06,quantile,0.7,194.9552
2021-03-08,13 day ahead inc hosp,2021-03-21,06,quantile,0.7,183.641
2021-03-08,14 day ahead inc hosp,2021-03-22,06,quantile,0.7,172.9726
2021-03-08,15 day ahead inc hosp,2021-03-23,06,quantile,0.7,162.9277
2021-03-08,16 day ahead inc hosp,2021-03-24,06,quantile,0.7,153.483
2021-03-08,17 day ahead inc hosp,2021-03-25,06,quantile,0.7,144.6151
2021-03-08,18 day ahead inc hosp,2021-03-26,06,quantile,0.7,136.3002
2021-03-08,19 day ahead inc hosp,2021-03-27,06,quantile,0.7,128.5143
2021-03-08,20 day ahead inc hosp,2021-03-28,06,quantile,0.7,121.2336
2021-03-08,21 day ahead inc hosp,2021-03-29,06,quantile,0.7,114.4343
2021-03-08,22 day ahead inc hosp,2021-03-30,06,quantile,0.7,108.0928
2021-03-08,23 day ahead inc hosp,2021-03-31,06,quantile,0.7,102.186
2021-03-08,24 day ahead inc hosp,2021-04-01,06,quantile,0.7,96.691
2021-03-08,25 day ahead inc hosp,2021-04-02,06,quantile,0.7,91.5856
2021-03-08,26 day ahead inc hosp,2021-04-03,06,quantile,0.7,86.8482
2021-03-08,27 day ahead inc hosp,2021-04-04,06,quantile,0.7,82.4576
2021-03-08,28 day ahead inc hosp,2021-04-05,06,quantile,0.7,78.3934
2021-03-08,1 day ahead inc hosp,2021-03-09,06,quantile,0.75,377.5124
2021-03-08,2 day ahead inc hosp,2021-03-10,06,quantile,0.75,358.0042
2021-03-08,3 day ahead inc hosp,2021-03-11,06,quantile,0.75,339.2748
2021-03-08,4 day ahead inc hosp,2021-03-12,06,quantile,0.75,321.3285
2021-03-08,5 day ahead inc hosp,2021-03-13,06,quantile,0.75,304.1645
2021-03-08,6 day ahead inc hosp,2021-03-14,06,quantile,0.75,287.7776
2021-03-08,7 day ahead inc hosp,2021-03-15,06,quantile,0.75,272.1589
2021-03-08,8 day ahead inc hosp,2021-03-16,06,quantile,0.75,257.2969
2021-03-08,9 day ahead inc hosp,2021-03-17,06,quantile,0.75,243.1776
2021-03-08,10 day ahead inc hosp,2021-03-18,06,quantile,0.75,229.7846
2021-03-08,11 day ahead inc hosp,2021-03-19,06,quantile,0.75,217.1001
2021-03-08,12 day ahead inc hosp,2021-03-20,06,quantile,0.75,205.1047
2021-03-08,13 day ahead inc hosp,2021-03-21,06,quantile,0.75,193.7775
2021-03-08,14 day ahead inc hosp,2021-03-22,06,quantile,0.75,183.0969
2021-03-08,15 day ahead inc hosp,2021-03-23,06,quantile,0.75,173.0404
2021-03-08,16 day ahead inc hosp,2021-03-24,06,quantile,0.75,163.5849
2021-03-08,17 day ahead inc hosp,2021-03-25,06,quantile,0.75,154.7069
2021-03-08,18 day ahead inc hosp,2021-03-26,06,quantile,0.75,146.3824
2021-03-08,19 day ahead inc hosp,2021-03-27,06,quantile,0.75,138.5876
2021-03-08,20 day ahead inc hosp,2021-03-28,06,quantile,0.75,131.2985
2021-03-08,21 day ahead inc hosp,2021-03-29,06,quantile,0.75,124.4914
2021-03-08,22 day ahead inc hosp,2021-03-30,06,quantile,0.75,118.1426
2021-03-08,23 day ahead inc hosp,2021-03-31,06,quantile,0.75,112.229
2021-03-08,24 day ahead inc hosp,2021-04-01,06,quantile,0.75,106.7277
2021-03-08,25 day ahead inc hosp,2021-04-02,06,quantile,0.75,101.6165
2021-03-08,26 day ahead inc hosp,2021-04-03,06,quantile,0.75,96.8737
2021-03-08,27 day ahead inc hosp,2021-04-04,06,quantile,0.75,92.478
2021-03-08,28 day ahead inc hosp,2021-04-05,06,quantile,0.75,88.4092
2021-03-08,1 day ahead inc hosp,2021-03-09,06,quantile,0.8,389.0334
2021-03-08,2 day ahead inc hosp,2021-03-10,06,quantile,0.8,369.5005
2021-03-08,3 day ahead inc hosp,2021-03-11,06,quantile,0.8,350.7474
2021-03-08,4 day ahead inc hosp,2021-03-12,06,quantile,0.8,332.7784
2021-03-08,5 day ahead inc hosp,2021-03-13,06,quantile,0.8,315.5926
2021-03-08,6 day ahead inc hosp,2021-03-14,06,quantile,0.8,299.1848
2021-03-08,7 day ahead inc hosp,2021-03-15,06,quantile,0.8,283.5463
2021-03-08,8 day ahead inc hosp,2021-03-16,06,quantile,0.8,268.6654
2021-03-08,9 day ahead inc hosp,2021-03-17,06,quantile,0.8,254.5281
2021-03-08,10 day ahead inc hosp,2021-03-18,06,quantile,0.8,241.1181
2021-03-08,11 day ahead inc hosp,2021-03-19,06,quantile,0.8,228.4174
2021-03-08,12 day ahead inc hosp,2021-03-20,06,quantile,0.8,216.4066
2021-03-08,13 day ahead inc hosp,2021-03-21,06,quantile,0.8,205.065
2021-03-08,14 day ahead inc hosp,2021-03-22,06,quantile,0.8,194.3708
2021-03-08,15 day ahead inc hosp,2021-03-23,06,quantile,0.8,184.3015
2021-03-08,16 day ahead inc hosp,2021-03-24,06,quantile,0.8,174.8339
2021-03-08,17 day ahead inc hosp,2021-03-25,06,quantile,0.8,165.9445
2021-03-08,18 day ahead inc hosp,2021-03-26,06,quantile,0.8,157.6094
2021-03-08,19 day ahead inc hosp,2021-03-27,06,quantile,0.8,149.8046
2021-03-08,20 day ahead inc hosp,2021-03-28,06,quantile,0.8,142.5063
2021-03-08,21 day ahead inc hosp,2021-03-29,06,quantile,0.8,135.6904
2021-03-08,22 day ahead inc hosp,2021-03-30,06,quantile,0.8,129.3336
2021-03-08,23 day ahead inc hosp,2021-03-31,06,quantile,0.8,123.4124
2021-03-08,24 day ahead inc hosp,2021-04-01,06,quantile,0.8,117.9041
2021-03-08,25 day ahead inc hosp,2021-04-02,06,quantile,0.8,112.7864
2021-03-08,26 day ahead inc hosp,2021-04-03,06,quantile,0.8,108.0375
2021-03-08,27 day ahead inc hosp,2021-04-04,06,quantile,0.8,103.6363
2021-03-08,28 day ahead inc hosp,2021-04-05,06,quantile,0.8,99.5622
2021-03-08,1 day ahead inc hosp,2021-03-09,06,quantile,0.85,402.4625
2021-03-08,2 day ahead inc hosp,2021-03-10,06,quantile,0.85,382.9009
2021-03-08,3 day ahead inc hosp,2021-03-11,06,quantile,0.85,364.1201
2021-03-08,4 day ahead inc hosp,2021-03-12,06,quantile,0.85,346.1246
2021-03-08,5 day ahead inc hosp,2021-03-13,06,quantile,0.85,328.9134
2021-03-08,6 day ahead inc hosp,2021-03-14,06,quantile,0.85,312.4814
2021-03-08,7 day ahead inc hosp,2021-03-15,06,quantile,0.85,296.8197
2021-03-08,8 day ahead inc hosp,2021-03-16,06,quantile,0.85,281.9168
2021-03-08,9 day ahead inc hosp,2021-03-17,06,quantile,0.85,267.7585
2021-03-08,10 day ahead inc hosp,2021-03-18,06,quantile,0.85,254.3285
2021-03-08,11 day ahead inc hosp,2021-03-19,06,quantile,0.85,241.609
2021-03-08,12 day ahead inc hosp,2021-03-20,06,quantile,0.85,229.5804
2021-03-08,13 day ahead inc hosp,2021-03-21,06,quantile,0.85,218.2219
2021-03-08,14 day ahead inc hosp,2021-03-22,06,quantile,0.85,207.5118
2021-03-08,15 day ahead inc hosp,2021-03-23,06,quantile,0.85,197.4276
2021-03-08,16 day ahead inc hosp,2021-03-24,06,quantile,0.85,187.9459
2021-03-08,17 day ahead inc hosp,2021-03-25,06,quantile,0.85,179.0433
2021-03-08,18 day ahead inc hosp,2021-03-26,06,quantile,0.85,170.6958
2021-03-08,19 day ahead inc hosp,2021-03-27,06,quantile,0.85,162.8795
2021-03-08,20 day ahead inc hosp,2021-03-28,06,quantile,0.85,155.5703
2021-03-08,21 day ahead inc hosp,2021-03-29,06,quantile,0.85,148.7443
2021-03-08,22 day ahead inc hosp,2021-03-30,06,quantile,0.85,142.378
2021-03-08,23 day ahead inc hosp,2021-03-31,06,quantile,0.85,136.448
2021-03-08,24 day ahead inc hosp,2021-04-01,06,quantile,0.85,130.9316
2021-03-08,25 day ahead inc hosp,2021-04-02,06,quantile,0.85,125.8063
2021-03-08,26 day ahead inc hosp,2021-04-03,06,quantile,0.85,121.0503
2021-03-08,27 day ahead inc hosp,2021-04-04,06,quantile,0.85,116.6425
2021-03-08,28 day ahead inc hosp,2021-04-05,06,quantile,0.85,112.5624
2021-03-08,1 day ahead inc hosp,2021-03-09,06,quantile,0.9,419.3594
2021-03-08,2 day ahead inc hosp,2021-03-10,06,quantile,0.9,399.7616
2021-03-08,3 day ahead inc hosp,2021-03-11,06,quantile,0.9,380.9461
2021-03-08,4 day ahead inc hosp,2021-03-12,06,quantile,0.9,362.9172
2021-03-08,5 day ahead inc hosp,2021-03-13,06,quantile,0.9,345.6741
2021-03-08,6 day ahead inc hosp,2021-03-14,06,quantile,0.9,329.2115
2021-03-08,7 day ahead inc hosp,2021-03-15,06,quantile,0.9,313.5207
2021-03-08,8 day ahead inc hosp,2021-03-16,06,quantile,0.9,298.59
2021-03-08,9 day ahead inc hosp,2021-03-17,06,quantile,0.9,284.4053
2021-03-08,10 day ahead inc hosp,2021-03-18,06,quantile,0.9,270.9504
2021-03-08,11 day ahead inc hosp,2021-03-19,06,quantile,0.9,258.2071
2021-03-08,12 day ahead inc hosp,2021-03-20,06,quantile,0.9,246.1561
2021-03-08,13 day ahead inc hosp,2021-03-21,06,quantile,0.9,234.7764
2021-03-08,14 day ahead inc hosp,2021-03-22,06,quantile,0.9,224.0463
2021-03-08,15 day ahead inc hosp,2021-03-23,06,quantile,0.9,213.9432
2021-03-08,16 day ahead inc hosp,2021-03-24,06,quantile,0.9,204.4439
2021-03-08,17 day ahead inc hosp,2021-03-25,06,quantile,0.9,195.5246
2021-03-08,18 day ahead inc hosp,2021-03-26,06,quantile,0.9,187.1616
2021-03-08,19 day ahead inc hosp,2021-03-27,06,quantile,0.9,179.3306
2021-03-08,20 day ahead inc hosp,2021-03-28,06,quantile,0.9,172.0078
2021-03-08,21 day ahead inc hosp,2021-03-29,06,quantile,0.9,165.1691
2021-03-08,22 day ahead inc hosp,2021-03-30,06,quantile,0.9,158.7909
2021-03-08,23 day ahead inc hosp,2021-03-31,06,quantile,0.9,152.8498
2021-03-08,24 day ahead inc hosp,2021-04-01,06,quantile,0.9,147.3231
2021-03-08,25 day ahead inc hosp,2021-04-02,06,quantile,0.9,142.1882
2021-03-08,26 day ahead inc hosp,2021-04-03,06,quantile,0.9,137.4234
2021-03-08,27 day ahead inc hosp,2021-04-04,06,quantile,0.9,133.0074
2021-03-08,28 day ahead inc hosp,2021-04-05,06,quantile,0.9,128.9197
2021-03-08,1 day ahead inc hosp,2021-03-09,06,quantile,0.95,444.4032
2021-03-08,2 day ahead inc hosp,2021-03-10,06,quantile,0.95,424.7518
2021-03-08,3 day ahead inc hosp,2021-03-11,06,quantile,0.95,405.8847
2021-03-08,4 day ahead inc hosp,2021-03-12,06,quantile,0.95,387.8064
2021-03-08,5 day ahead inc hosp,2021-03-13,06,quantile,0.95,370.5159
2021-03-08,6 day ahead inc hosp,2021-03-14,06,quantile,0.95,354.008
2021-03-08,7 day ahead inc hosp,2021-03-15,06,quantile,0.95,338.274
2021-03-08,8 day ahead inc hosp,2021-03-16,06,quantile,0.95,323.3022
2021-03-08,9 day ahead inc hosp,2021-03-17,06,quantile,0.95,309.0784
2021-03-08,10 day ahead inc hosp,2021-03-18,06,quantile,0.95,295.5864
2021-03-08,11 day ahead inc hosp,2021-03-19,06,quantile,0.95,282.808
2021-03-08,12 day ahead inc hosp,2021-03-20,06,quantile,0.95,270.7237
2021-03-08,13 day ahead inc hosp,2021-03-21,06,quantile,0.95,259.3126
2021-03-08,14 day ahead inc hosp,2021-03-22,06,quantile,0.95,248.5529
2021-03-08,15 day ahead inc hosp,2021-03-23,06,quantile,0.95,238.4219
2021-03-08,16 day ahead inc hosp,2021-03-24,06,quantile,0.95,228.8963
2021-03-08,17 day ahead inc hosp,2021-03-25,06,quantile,0.95,219.9524
2021-03-08,18 day ahead inc hosp,2021-03-26,06,quantile,0.95,211.5662
2021-03-08,19 day ahead inc hosp,2021-03-27,06,quantile,0.95,203.7137
2021-03-08,20 day ahead inc hosp,2021-03-28,06,quantile,0.95,196.3706
2021-03-08,21 day ahead inc hosp,2021-03-29,06,quantile,0.95,189.513
2021-03-08,22 day ahead inc hosp,2021-03-30,06,quantile,0.95,183.1172
2021-03-08,23 day ahead inc hosp,2021-03-31,06,quantile,0.95,177.1598
2021-03-08,24 day ahead inc hosp,2021-04-01,06,quantile,0.95,171.6178
2021-03-08,25 day ahead inc hosp,2021-04-02,06,quantile,0.95,166.4687
2021-03-08,26 day ahead inc hosp,2021-04-03,06,quantile,0.95,161.6908
2021-03-08,27 day ahead inc hosp,2021-04-04,06,quantile,0.95,157.2626
2021-03-08,28 day ahead inc hosp,2021-04-05,06,quantile,0.95,153.1636
2021-03-08,1 day ahead inc hosp,2021-03-09,06,quantile,0.975,466.1249
2021-03-08,2 day ahead inc hosp,2021-03-10,06,quantile,0.975,446.427
2021-03-08,3 day ahead inc hosp,2021-03-11,06,quantile,0.975,427.5152
2021-03-08,4 day ahead inc hosp,2021-03-12,06,quantile,0.975,409.394
2021-03-08,5 day ahead inc hosp,2021-03-13,06,quantile,0.975,392.0624
2021-03-08,6 day ahead inc hosp,2021-03-14,06,quantile,0.975,375.5153
2021-03-08,7 day ahead inc hosp,2021-03-15,06,quantile,0.975,359.7438
2021-03-08,8 day ahead inc hosp,2021-03-16,06,quantile,0.975,344.7364
2021-03-08,9 day ahead inc hosp,2021-03-17,06,quantile,0.975,330.4787
2021-03-08,10 day ahead inc hosp,2021-03-18,06,quantile,0.975,316.9545
2021-03-08,11 day ahead inc hosp,2021-03-19,06,quantile,0.975,304.1456
2021-03-08,12 day ahead inc hosp,2021-03-20,06,quantile,0.975,292.0324
2021-03-08,13 day ahead inc hosp,2021-03-21,06,quantile,0.975,280.5941
2021-03-08,14 day ahead inc hosp,2021-03-22,06,quantile,0.975,269.8087
2021-03-08,15 day ahead inc hosp,2021-03-23,06,quantile,0.975,259.6535
2021-03-08,16 day ahead inc hosp,2021-03-24,06,quantile,0.975,250.1051
2021-03-08,17 day ahead inc hosp,2021-03-25,06,quantile,0.975,241.1399
2021-03-08,18 day ahead inc hosp,2021-03-26,06,quantile,0.975,232.7337
2021-03-08,19 day ahead inc hosp,2021-03-27,06,quantile,0.975,224.8623
2021-03-08,20 day ahead inc hosp,2021-03-28,06,quantile,0.975,217.5017
2021-03-08,21 day ahead inc hosp,2021-03-29,06,quantile,0.975,210.6277
2021-03-08,22 day ahead inc hosp,2021-03-30,06,quantile,0.975,204.2167
2021-03-08,23 day ahead inc hosp,2021-03-31,06,quantile,0.975,198.245
2021-03-08,24 day ahead inc hosp,2021-04-01,06,quantile,0.975,192.6898
2021-03-08,25 day ahead inc hosp,2021-04-02,06,quantile,0.975,187.5285
2021-03-08,26 day ahead inc hosp,2021-04-03,06,quantile,0.975,182.7391
2021-03-08,27 day ahead inc hosp,2021-04-04,06,quantile,0.975,178.3004
2021-03-08,28 day ahead inc hosp,2021-04-05,06,quantile,0.975,174.1916
2021-03-08,1 day ahead inc hosp,2021-03-09,06,quantile,0.99,491.3811
2021-03-08,2 day ahead inc hosp,2021-03-10,06,quantile,0.99,471.6291
2021-03-08,3 day ahead inc hosp,2021-03-11,06,quantile,0.99,452.6654
2021-03-08,4 day ahead inc hosp,2021-03-12,06,quantile,0.99,434.4943
2021-03-08,5 day ahead inc hosp,2021-03-13,06,quantile,0.99,417.1149
2021-03-08,6 day ahead inc hosp,2021-03-14,06,quantile,0.99,400.5222
2021-03-08,7 day ahead inc hosp,2021-03-15,06,quantile,0.99,384.7072
2021-03-08,8 day ahead inc hosp,2021-03-16,06,quantile,0.99,369.6583
2021-03-08,9 day ahead inc hosp,2021-03-17,06,quantile,0.99,355.3612
2021-03-08,10 day ahead inc hosp,2021-03-18,06,quantile,0.99,341.7995
2021-03-08,11 day ahead inc hosp,2021-03-19,06,quantile,0.99,328.9552
2021-03-08,12 day ahead inc hosp,2021-03-20,06,quantile,0.99,316.8085
2021-03-08,13 day ahead inc hosp,2021-03-21,06,quantile,0.99,305.3384
2021-03-08,14 day ahead inc hosp,2021-03-22,06,quantile,0.99,294.5231
2021-03-08,15 day ahead inc hosp,2021-03-23,06,quantile,0.99,284.3398
2021-03-08,16 day ahead inc hosp,2021-03-24,06,quantile,0.99,274.765
2021-03-08,17 day ahead inc hosp,2021-03-25,06,quantile,0.99,265.7749
2021-03-08,18 day ahead inc hosp,2021-03-26,06,quantile,0.99,257.3454
2021-03-08,19 day ahead inc hosp,2021-03-27,06,quantile,0.99,249.4522
2021-03-08,20 day ahead inc hosp,2021-03-28,06,quantile,0.99,242.0712
2021-03-08,21 day ahead inc hosp,2021-03-29,06,quantile,0.99,235.1782
2021-03-08,22 day ahead inc hosp,2021-03-30,06,quantile,0.99,228.7494
2021-03-08,23 day ahead inc hosp,2021-03-31,06,quantile,0.99,222.7612
2021-03-08,24 day ahead inc hosp,2021-04-01,06,quantile,0.99,217.1906
2021-03-08,25 day ahead inc hosp,2021-04-02,06,quantile,0.99,212.0149
2021-03-08,26 day ahead inc hosp,2021-04-03,06,quantile,0.99,207.2123
2021-03-08,27 day ahead inc hosp,2021-04-04,06,quantile,0.99,202.7613
2021-03-08,28 day ahead inc hosp,2021-04-05,06,quantile,0.99,198.6412
2021-03-08,1 day ahead inc hosp,2021-03-09,06,point,NA,331.0173
2021-03-08,2 day ahead inc hosp,2021-03-10,06,point,NA,311.6086
2021-03-08,3 day ahead inc hosp,2021-03-11,06,point,NA,292.9749
2021-03-08,4 day ahead inc hosp,2021-03-12,06,point,NA,275.1205
2021-03-08,5 day ahead inc hosp,2021-03-13,06,point,NA,258.0444
2021-03-08,6 day ahead inc hosp,2021-03-14,06,point,NA,241.7415
2021-03-08,7 day ahead inc hosp,2021-03-15,06,point,NA,226.203
2021-03-08,8 day ahead inc hosp,2021-03-16,06,point,NA,211.4173
2021-03-08,9 day ahead inc hosp,2021-03-17,06,point,NA,197.3706
2021-03-08,10 day ahead inc hosp,2021-03-18,06,point,NA,184.0465
2021-03-08,11 day ahead inc hosp,2021-03-19,06,point,NA,171.4273
2021-03-08,12 day ahead inc hosp,2021-03-20,06,point,NA,159.4936
2021-03-08,13 day ahead inc hosp,2021-03-21,06,point,NA,148.2247
2021-03-08,14 day ahead inc hosp,2021-03-22,06,point,NA,137.5991
2021-03-08,15 day ahead inc hosp,2021-03-23,06,point,NA,127.5945
2021-03-08,16 day ahead inc hosp,2021-03-24,06,point,NA,118.1877
2021-03-08,17 day ahead inc hosp,2021-03-25,06,point,NA,109.3554
2021-03-08,18 day ahead inc hosp,2021-03-26,06,point,NA,101.0738
2021-03-08,19 day ahead inc hosp,2021-03-27,06,point,NA,93.3192
2021-03-08,20 day ahead inc hosp,2021-03-28,06,point,NA,86.0676
2021-03-08,21 day ahead inc hosp,2021-03-29,06,point,NA,79.2956
2021-03-08,22 day ahead inc hosp,2021-03-30,06,point,NA,72.9795
2021-03-08,23 day ahead inc hosp,2021-03-31,06,point,NA,67.0963
2021-03-08,24 day ahead inc hosp,2021-04-01,06,point,NA,61.6233
2021-03-08,25 day ahead inc hosp,2021-04-02,06,point,NA,56.5384
2021-03-08,26 day ahead inc hosp,2021-04-03,06,point,NA,51.82
2021-03-08,27 day ahead inc hosp,2021-04-04,06,point,NA,47.4469
2021-03-08,28 day ahead inc hosp,2021-04-05,06,point,NA,43.399
2021-03-08,1 wk ahead inc death,2021-03-13,06,quantile,0.01,834.4
2021-03-08,2 wk ahead inc death,2021-03-20,06,quantile,0.01,576.2
2021-03-08,3 wk ahead inc death,2021-03-27,06,quantile,0.01,347.7
2021-03-08,4 wk ahead inc death,2021-04-03,06,quantile,0.01,151.9
2021-03-08,1 wk ahead inc death,2021-03-13,06,quantile,0.025,901.4
2021-03-08,2 wk ahead inc death,2021-03-20,06,quantile,0.025,642.9
2021-03-08,3 wk ahead inc death,2021-03-27,06,quantile,0.025,414.2
2021-03-08,4 wk ahead inc death,2021-04-03,06,quantile,0.025,218.1
2021-03-08,1 wk ahead inc death,2021-03-13,06,quantile,0.05,959
2021-03-08,2 wk ahead inc death,2021-03-20,06,quantile,0.05,700.3
2021-03-08,3 wk ahead inc death,2021-03-27,06,quantile,0.05,471.4
2021-03-08,4 wk ahead inc death,2021-04-03,06,quantile,0.05,275.2
2021-03-08,1 wk ahead inc death,2021-03-13,06,quantile,0.1,1025.5
2021-03-08,2 wk ahead inc death,2021-03-20,06,quantile,0.1,766.5
2021-03-08,3 wk ahead inc death,2021-03-27,06,quantile,0.1,537.3
2021-03-08,4 wk ahead inc death,2021-04-03,06,quantile,0.1,340.9
2021-03-08,1 wk ahead inc death,2021-03-13,06,quantile,0.15,1070.3
2021-03-08,2 wk ahead inc death,2021-03-20,06,quantile,0.15,811.1
2021-03-08,3 wk ahead inc death,2021-03-27,06,quantile,0.15,581.8
2021-03-08,4 wk ahead inc death,2021-04-03,06,quantile,0.15,385.2
2021-03-08,1 wk ahead inc death,2021-03-13,06,quantile,0.2,1105.9
2021-03-08,2 wk ahead inc death,2021-03-20,06,quantile,0.2,846.6
2021-03-08,3 wk ahead inc death,2021-03-27,06,quantile,0.2,617.1
2021-03-08,4 wk ahead inc death,2021-04-03,06,quantile,0.2,420.5
2021-03-08,1 wk ahead inc death,2021-03-13,06,quantile,0.25,1136.5
2021-03-08,2 wk ahead inc death,2021-03-20,06,quantile,0.25,877
2021-03-08,3 wk ahead inc death,2021-03-27,06,quantile,0.25,647.5
2021-03-08,4 wk ahead inc death,2021-04-03,06,quantile,0.25,450.7
2021-03-08,1 wk ahead inc death,2021-03-13,06,quantile,0.3,1163.9
2021-03-08,2 wk ahead inc death,2021-03-20,06,quantile,0.3,904.4
2021-03-08,3 wk ahead inc death,2021-03-27,06,quantile,0.3,674.7
2021-03-08,4 wk ahead inc death,2021-04-03,06,quantile,0.3,477.9
2021-03-08,1 wk ahead inc death,2021-03-13,06,quantile,0.35,1189.3
2021-03-08,2 wk ahead inc death,2021-03-20,06,quantile,0.35,929.7
2021-03-08,3 wk ahead inc death,2021-03-27,06,quantile,0.35,699.9
2021-03-08,4 wk ahead inc death,2021-04-03,06,quantile,0.35,503
2021-03-08,1 wk ahead inc death,2021-03-13,06,quantile,0.4,1213.5
2021-03-08,2 wk ahead inc death,2021-03-20,06,quantile,0.4,953.7
2021-03-08,3 wk ahead inc death,2021-03-27,06,quantile,0.4,723.9
2021-03-08,4 wk ahead inc death,2021-04-03,06,quantile,0.4,526.9
2021-03-08,1 wk ahead inc death,2021-03-13,06,quantile,0.45,1236.8
2021-03-08,2 wk ahead inc death,2021-03-20,06,quantile,0.45,977
2021-03-08,3 wk ahead inc death,2021-03-27,06,quantile,0.45,747.1
2021-03-08,4 wk ahead inc death,2021-04-03,06,quantile,0.45,550
2021-03-08,1 wk ahead inc death,2021-03-13,06,quantile,0.5,1259.8
2021-03-08,2 wk ahead inc death,2021-03-20,06,quantile,0.5,999.9
2021-03-08,3 wk ahead inc death,2021-03-27,06,quantile,0.5,769.9
2021-03-08,4 wk ahead inc death,2021-04-03,06,quantile,0.5,572.8
2021-03-08,1 wk ahead inc death,2021-03-13,06,quantile,0.55,1282.8
2021-03-08,2 wk ahead inc death,2021-03-20,06,quantile,0.55,1022.8
2021-03-08,3 wk ahead inc death,2021-03-27,06,quantile,0.55,792.7
2021-03-08,4 wk ahead inc death,2021-04-03,06,quantile,0.55,595.5
2021-03-08,1 wk ahead inc death,2021-03-13,06,quantile,0.6,1306.1
2021-03-08,2 wk ahead inc death,2021-03-20,06,quantile,0.6,1046
2021-03-08,3 wk ahead inc death,2021-03-27,06,quantile,0.6,815.9
2021-03-08,4 wk ahead inc death,2021-04-03,06,quantile,0.6,618.6
2021-03-08,1 wk ahead inc death,2021-03-13,06,quantile,0.65,1330.3
2021-03-08,2 wk ahead inc death,2021-03-20,06,quantile,0.65,1070.1
2021-03-08,3 wk ahead inc death,2021-03-27,06,quantile,0.65,839.8
2021-03-08,4 wk ahead inc death,2021-04-03,06,quantile,0.65,642.5
2021-03-08,1 wk ahead inc death,2021-03-13,06,quantile,0.7,1355.7
2021-03-08,2 wk ahead inc death,2021-03-20,06,quantile,0.7,1095.4
2021-03-08,3 wk ahead inc death,2021-03-27,06,quantile,0.7,865.1
2021-03-08,4 wk ahead inc death,2021-04-03,06,quantile,0.7,667.6
2021-03-08,1 wk ahead inc death,2021-03-13,06,quantile,0.75,1383.1
2021-03-08,2 wk ahead inc death,2021-03-20,06,quantile,0.75,1122.7
2021-03-08,3 wk ahead inc death,2021-03-27,06,quantile,0.75,892.3
2021-03-08,4 wk ahead inc death,2021-04-03,06,quantile,0.75,694.8
2021-03-08,1 wk ahead inc death,2021-03-13,06,quantile,0.8,1413.7
2021-03-08,2 wk ahead inc death,2021-03-20,06,quantile,0.8,1153.2
2021-03-08,3 wk ahead inc death,2021-03-27,06,quantile,0.8,922.6
2021-03-08,4 wk ahead inc death,2021-04-03,06,quantile,0.8,725
2021-03-08,1 wk ahead inc death,2021-03-13,06,quantile,0.85,1449.3
2021-03-08,2 wk ahead inc death,2021-03-20,06,quantile,0.85,1188.7
2021-03-08,3 wk ahead inc death,2021-03-27,06,quantile,0.85,958
2021-03-08,4 wk ahead inc death,2021-04-03,06,quantile,0.85,760.3
2021-03-08,1 wk ahead inc death,2021-03-13,06,quantile,0.9,1494.1
2021-03-08,2 wk ahead inc death,2021-03-20,06,quantile,0.9,1233.3
2021-03-08,3 wk ahead inc death,2021-03-27,06,quantile,0.9,1002.5
2021-03-08,4 wk ahead inc death,2021-04-03,06,quantile,0.9,804.6
2021-03-08,1 wk ahead inc death,2021-03-13,06,quantile,0.95,1560.6
2021-03-08,2 wk ahead inc death,2021-03-20,06,quantile,0.95,1299.5
2021-03-08,3 wk ahead inc death,2021-03-27,06,quantile,0.95,1068.4
2021-03-08,4 wk ahead inc death,2021-04-03,06,quantile,0.95,870.4
2021-03-08,1 wk ahead inc death,2021-03-13,06,quantile,0.975,1618.2
2021-03-08,2 wk ahead inc death,2021-03-20,06,quantile,0.975,1356.9
2021-03-08,3 wk ahead inc death,2021-03-27,06,quantile,0.975,1125.6
2021-03-08,4 wk ahead inc death,2021-04-03,06,quantile,0.975,927.4
2021-03-08,1 wk ahead inc death,2021-03-13,06,quantile,0.99,1685.2
2021-03-08,2 wk ahead inc death,2021-03-20,06,quantile,0.99,1423.6
2021-03-08,3 wk ahead inc death,2021-03-27,06,quantile,0.99,1192.1
2021-03-08,4 wk ahead inc death,2021-04-03,06,quantile,0.99,993.7
2021-03-08,1 wk ahead inc death,2021-03-13,06,point,NA,1259.8
2021-03-08,2 wk ahead inc death,2021-03-20,06,point,NA,999.9
2021-03-08,3 wk ahead inc death,2021-03-27,06,point,NA,769.9
2021-03-08,4 wk ahead inc death,2021-04-03,06,point,NA,572.8
