forecast_date,target,target_end_date,location,type,quantile,value
2021-04-19,1 wk ahead inc case,2021-04-24,06,quantile,0.025,10987
2021-04-19,2 wk ahead inc case,2021-05-01,06,quantile,0.025,9182
2021-04-19,3 wk ahead inc case,2021-05-08,06,quantile,0.025,7953
2021-04-19,4 wk ahead inc case,2021-05-15,06,quantile,0.025,6871
2021-04-19,1 wk ahead inc case,2021-04-24,06,quantile,0.1,12876
2021-04-19,2 wk ahead inc case,2021-05-01,06,quantile,0.1,11120
2021-04-19,3 wk ahead inc case,2021-05-08,06,quantile,0.1,9789
2021-04-19,4 wk ahead inc case,2021-05-15,06,quantile,0.1,8610
2021-04-19,1 wk ahead inc case,2021-04-24,06,quantile,0.25,14565
2021-04-19,2 wk ahead inc case,2021-05-01,06,quantile,0.25,12855
2021-04-19,3 wk ahead inc case,2021-05-08,06,quantile,0.25,11433
2021-04-19,4 wk ahead inc case,2021-05-15,06,quantile,0.25,10167
2021-04-19,1 wk ahead inc case,2021-04-24,06,quantile,0.5,16443
2021-04-19,2 wk ahead inc case,2021-05-01,06,quantile,0.5,14782
2021-04-19,3 wk ahead inc case,2021-05-08,06,quantile,0.5,13258
2021-04-19,4 wk ahead inc case,2021-05-15,06,quantile,0.5,11897
2021-04-19,1 wk ahead inc case,2021-04-24,06,quantile,0.75,18320
2021-04-19,2 wk ahead inc case,2021-05-01,06,quantile,0.75,16709
2021-04-19,3 wk ahead inc case,2021-05-08,06,quantile,0.75,15084
2021-04-19,4 wk ahead inc case,2021-05-15,06,quantile,0.75,13627
2021-04-19,1 wk ahead inc case,2021-04-24,06,quantile,0.9,20010
2021-04-19,2 wk ahead inc case,2021-05-01,06,quantile,0.9,18444
2021-04-19,3 wk ahead inc case,2021-05-08,06,quantile,0.9,16727
2021-04-19,4 wk ahead inc case,2021-05-15,06,quantile,0.9,15184
2021-04-19,1 wk ahead inc case,2021-04-24,06,quantile,0.975,21898
2021-04-19,2 wk ahead inc case,2021-05-01,06,quantile,0.975,20382
2021-04-19,3 wk ahead inc case,2021-05-08,06,quantile,0.975,18563
2021-04-19,4 wk ahead inc case,2021-05-15,06,quantile,0.975,16924
2021-04-19,1 wk ahead inc case,2021-04-24,06,point,NA,16443
2021-04-19,2 wk ahead inc case,2021-05-01,06,point,NA,14782
2021-04-19,3 wk ahead inc case,2021-05-08,06,point,NA,13258
2021-04-19,4 wk ahead inc case,2021-05-15,06,point,NA,11897
2021-04-19,1 day ahead inc hosp,2021-04-20,06,quantile,0.01,106.67
2021-04-19,2 day ahead inc hosp,2021-04-21,06,quantile,0.01,103.04
2021-04-19,3 day ahead inc hosp,2021-04-22,06,quantile,0.01,99.42
2021-04-19,4 day ahead inc hosp,2021-04-23,06,quantile,0.01,95.82
2021-04-19,5 day ahead inc hosp,2021-04-24,06,quantile,0.01,92.25
2021-04-19,6 day ahead inc hosp,2021-04-25,06,quantile,0.01,88.74
2021-04-19,7 day ahead inc hosp,2021-04-26,06,quantile,0.01,85.27
2021-04-19,8 day ahead inc hosp,2021-04-27,06,quantile,0.01,81.85
2021-04-19,9 day ahead inc hosp,2021-04-28,06,quantile,0.01,78.49
2021-04-19,10 day ahead inc hosp,2021-04-29,06,quantile,0.01,75.17
2021-04-19,11 day ahead inc hosp,2021-04-30,06,quantile,0.01,71.91
2021-04-19,12 day ahead inc hosp,2021-05-01,06,quantile,0.01,68.71
2021-04-19,13 day ahead inc hosp,2021-05-02,06,quantile,0.01,65.55
2021-04-19,14 day ahead inc hosp,2021-05-03,06,quantile,0.01,62.44
2021-04-19,15 day ahead inc hosp,2021-05-04,06,quantile,0.01,59.39
2021-04-19,16 day ahead inc hosp,2021-05-05,06,quantile,0.01,56.38
2021-04-19,17 day ahead inc hosp,2021-05-06,06,quantile,0.01,53.42
2021-04-19,18 day ahead inc hosp,2021-05-07,06,quantile,0.01,50.51
2021-04-19,19 day ahead inc hosp,2021-05-08,06,quantile,0.01,47.65
2021-04-19,20 day ahead inc hosp,2021-05-09,06,quantile,0.01,44.84
2021-04-19,21 day ahead inc hosp,2021-05-10,06,quantile,0.01,42.06
2021-04-19,22 day ahead inc hosp,2021-05-11,06,quantile,0.01,39.34
2021-04-19,23 day ahead inc hosp,2021-05-12,06,quantile,0.01,36.66
2021-04-19,24 day ahead inc hosp,2021-05-13,06,quantile,0.01,34.02
2021-04-19,25 day ahead inc hosp,2021-05-14,06,quantile,0.01,31.42
2021-04-19,26 day ahead inc hosp,2021-05-15,06,quantile,0.01,28.87
2021-04-19,27 day ahead inc hosp,2021-05-16,06,quantile,0.01,26.36
2021-04-19,28 day ahead inc hosp,2021-05-17,06,quantile,0.01,23.88
2021-04-19,1 day ahead inc hosp,2021-04-20,06,quantile,0.025,128.88
2021-04-19,2 day ahead inc hosp,2021-04-21,06,quantile,0.025,125.24
2021-04-19,3 day ahead inc hosp,2021-04-22,06,quantile,0.025,121.6
2021-04-19,4 day ahead inc hosp,2021-04-23,06,quantile,0.025,117.99
2021-04-19,5 day ahead inc hosp,2021-04-24,06,quantile,0.025,114.41
2021-04-19,6 day ahead inc hosp,2021-04-25,06,quantile,0.025,110.88
2021-04-19,7 day ahead inc hosp,2021-04-26,06,quantile,0.025,107.4
2021-04-19,8 day ahead inc hosp,2021-04-27,06,quantile,0.025,103.98
2021-04-19,9 day ahead inc hosp,2021-04-28,06,quantile,0.025,100.6
2021-04-19,10 day ahead inc hosp,2021-04-29,06,quantile,0.025,97.28
2021-04-19,11 day ahead inc hosp,2021-04-30,06,quantile,0.025,94.01
2021-04-19,12 day ahead inc hosp,2021-05-01,06,quantile,0.025,90.79
2021-04-19,13 day ahead inc hosp,2021-05-02,06,quantile,0.025,87.62
2021-04-19,14 day ahead inc hosp,2021-05-03,06,quantile,0.025,84.51
2021-04-19,15 day ahead inc hosp,2021-05-04,06,quantile,0.025,81.44
2021-04-19,16 day ahead inc hosp,2021-05-05,06,quantile,0.025,78.42
2021-04-19,17 day ahead inc hosp,2021-05-06,06,quantile,0.025,75.46
2021-04-19,18 day ahead inc hosp,2021-05-07,06,quantile,0.025,72.54
2021-04-19,19 day ahead inc hosp,2021-05-08,06,quantile,0.025,69.67
2021-04-19,20 day ahead inc hosp,2021-05-09,06,quantile,0.025,66.84
2021-04-19,21 day ahead inc hosp,2021-05-10,06,quantile,0.025,64.06
2021-04-19,22 day ahead inc hosp,2021-05-11,06,quantile,0.025,61.32
2021-04-19,23 day ahead inc hosp,2021-05-12,06,quantile,0.025,58.63
2021-04-19,24 day ahead inc hosp,2021-05-13,06,quantile,0.025,55.99
2021-04-19,25 day ahead inc hosp,2021-05-14,06,quantile,0.025,53.38
2021-04-19,26 day ahead inc hosp,2021-05-15,06,quantile,0.025,50.82
2021-04-19,27 day ahead inc hosp,2021-05-16,06,quantile,0.025,48.3
2021-04-19,28 day ahead inc hosp,2021-05-17,06,quantile,0.025,45.82
2021-04-19,1 day ahead inc hosp,2021-04-20,06,quantile,0.05,147.97
2021-04-19,2 day ahead inc hosp,2021-04-21,06,quantile,0.05,144.32
2021-04-19,3 day ahead inc hosp,2021-04-22,06,quantile,0.05,140.68
2021-04-19,4 day ahead inc hosp,2021-04-23,06,quantile,0.05,137.06
2021-04-19,5 day ahead inc hosp,2021-04-24,06,quantile,0.05,133.47
2021-04-19,6 day ahead inc hosp,2021-04-25,06,quantile,0.05,129.93
2021-04-19,7 day ahead inc hosp,2021-04-26,06,quantile,0.05,126.44
2021-04-19,8 day ahead inc hosp,2021-04-27,06,quantile,0.05,123.01
2021-04-19,9 day ahead inc hosp,2021-04-28,06,quantile,0.05,119.62
2021-04-19,10 day ahead inc hosp,2021-04-29,06,quantile,0.05,116.29
2021-04-19,11 day ahead inc hosp,2021-04-30,06,quantile,0.05,113.01
2021-04-19,12 day ahead inc hosp,2021-05-01,06,quantile,0.05,109.78
2021-04-19,13 day ahead inc hosp,2021-05-02,06,quantile,0.05,106.6
2021-04-19,14 day ahead inc hosp,2021-05-03,06,quantile,0.05,103.48
2021-04-19,15 day ahead inc hosp,2021-05-04,06,quantile,0.05,100.41
2021-04-19,16 day ahead inc hosp,2021-05-05,06,quantile,0.05,97.38
2021-04-19,17 day ahead inc hosp,2021-05-06,06,quantile,0.05,94.41
2021-04-19,18 day ahead inc hosp,2021-05-07,06,quantile,0.05,91.48
2021-04-19,19 day ahead inc hosp,2021-05-08,06,quantile,0.05,88.6
2021-04-19,20 day ahead inc hosp,2021-05-09,06,quantile,0.05,85.76
2021-04-19,21 day ahead inc hosp,2021-05-10,06,quantile,0.05,82.98
2021-04-19,22 day ahead inc hosp,2021-05-11,06,quantile,0.05,80.23
2021-04-19,23 day ahead inc hosp,2021-05-12,06,quantile,0.05,77.53
2021-04-19,24 day ahead inc hosp,2021-05-13,06,quantile,0.05,74.88
2021-04-19,25 day ahead inc hosp,2021-05-14,06,quantile,0.05,72.27
2021-04-19,26 day ahead inc hosp,2021-05-15,06,quantile,0.05,69.7
2021-04-19,27 day ahead inc hosp,2021-05-16,06,quantile,0.05,67.17
2021-04-19,28 day ahead inc hosp,2021-05-17,06,quantile,0.05,64.68
2021-04-19,1 day ahead inc hosp,2021-04-20,06,quantile,0.1,169.99
2021-04-19,2 day ahead inc hosp,2021-04-21,06,quantile,0.1,166.33
2021-04-19,3 day ahead inc hosp,2021-04-22,06,quantile,0.1,162.67
2021-04-19,4 day ahead inc hosp,2021-04-23,06,quantile,0.1,159.04
2021-04-19,5 day ahead inc hosp,2021-04-24,06,quantile,0.1,155.44
2021-04-19,6 day ahead inc hosp,2021-04-25,06,quantile,0.1,151.89
2021-04-19,7 day ahead inc hosp,2021-04-26,06,quantile,0.1,148.39
2021-04-19,8 day ahead inc hosp,2021-04-27,06,quantile,0.1,144.94
2021-04-19,9 day ahead inc hosp,2021-04-28,06,quantile,0.1,141.55
2021-04-19,10 day ahead inc hosp,2021-04-29,06,quantile,0.1,138.21
2021-04-19,11 day ahead inc hosp,2021-04-30,06,quantile,0.1,134.92
2021-04-19,12 day ahead inc hosp,2021-05-01,06,quantile,0.1,131.68
2021-04-19,13 day ahead inc hosp,2021-05-02,06,quantile,0.1,128.49
2021-04-19,14 day ahead inc hosp,2021-05-03,06,quantile,0.1,125.36
2021-04-19,15 day ahead inc hosp,2021-05-04,06,quantile,0.1,122.27
2021-04-19,16 day ahead inc hosp,2021-05-05,06,quantile,0.1,119.24
2021-04-19,17 day ahead inc hosp,2021-05-06,06,quantile,0.1,116.25
2021-04-19,18 day ahead inc hosp,2021-05-07,06,quantile,0.1,113.32
2021-04-19,19 day ahead inc hosp,2021-05-08,06,quantile,0.1,110.43
2021-04-19,20 day ahead inc hosp,2021-05-09,06,quantile,0.1,107.58
2021-04-19,21 day ahead inc hosp,2021-05-10,06,quantile,0.1,104.79
2021-04-19,22 day ahead inc hosp,2021-05-11,06,quantile,0.1,102.03
2021-04-19,23 day ahead inc hosp,2021-05-12,06,quantile,0.1,99.33
2021-04-19,24 day ahead inc hosp,2021-05-13,06,quantile,0.1,96.66
2021-04-19,25 day ahead inc hosp,2021-05-14,06,quantile,0.1,94.04
2021-04-19,26 day ahead inc hosp,2021-05-15,06,quantile,0.1,91.46
2021-04-19,27 day ahead inc hosp,2021-05-16,06,quantile,0.1,88.93
2021-04-19,28 day ahead inc hosp,2021-05-17,06,quantile,0.1,86.43
2021-04-19,1 day ahead inc hosp,2021-04-20,06,quantile,0.15,184.85
2021-04-19,2 day ahead inc hosp,2021-04-21,06,quantile,0.15,181.18
2021-04-19,3 day ahead inc hosp,2021-04-22,06,quantile,0.15,177.51
2021-04-19,4 day ahead inc hosp,2021-04-23,06,quantile,0.15,173.87
2021-04-19,5 day ahead inc hosp,2021-04-24,06,quantile,0.15,170.27
2021-04-19,6 day ahead inc hosp,2021-04-25,06,quantile,0.15,166.71
2021-04-19,7 day ahead inc hosp,2021-04-26,06,quantile,0.15,163.2
2021-04-19,8 day ahead inc hosp,2021-04-27,06,quantile,0.15,159.75
2021-04-19,9 day ahead inc hosp,2021-04-28,06,quantile,0.15,156.34
2021-04-19,10 day ahead inc hosp,2021-04-29,06,quantile,0.15,152.99
2021-04-19,11 day ahead inc hosp,2021-04-30,06,quantile,0.15,149.7
2021-04-19,12 day ahead inc hosp,2021-05-01,06,quantile,0.15,146.45
2021-04-19,13 day ahead inc hosp,2021-05-02,06,quantile,0.15,143.26
2021-04-19,14 day ahead inc hosp,2021-05-03,06,quantile,0.15,140.12
2021-04-19,15 day ahead inc hosp,2021-05-04,06,quantile,0.15,137.03
2021-04-19,16 day ahead inc hosp,2021-05-05,06,quantile,0.15,133.99
2021-04-19,17 day ahead inc hosp,2021-05-06,06,quantile,0.15,130.99
2021-04-19,18 day ahead inc hosp,2021-05-07,06,quantile,0.15,128.05
2021-04-19,19 day ahead inc hosp,2021-05-08,06,quantile,0.15,125.15
2021-04-19,20 day ahead inc hosp,2021-05-09,06,quantile,0.15,122.3
2021-04-19,21 day ahead inc hosp,2021-05-10,06,quantile,0.15,119.5
2021-04-19,22 day ahead inc hosp,2021-05-11,06,quantile,0.15,116.74
2021-04-19,23 day ahead inc hosp,2021-05-12,06,quantile,0.15,114.03
2021-04-19,24 day ahead inc hosp,2021-05-13,06,quantile,0.15,111.36
2021-04-19,25 day ahead inc hosp,2021-05-14,06,quantile,0.15,108.73
2021-04-19,26 day ahead inc hosp,2021-05-15,06,quantile,0.15,106.15
2021-04-19,27 day ahead inc hosp,2021-05-16,06,quantile,0.15,103.61
2021-04-19,28 day ahead inc hosp,2021-05-17,06,quantile,0.15,101.11
2021-04-19,1 day ahead inc hosp,2021-04-20,06,quantile,0.2,196.66
2021-04-19,2 day ahead inc hosp,2021-04-21,06,quantile,0.2,192.98
2021-04-19,3 day ahead inc hosp,2021-04-22,06,quantile,0.2,189.31
2021-04-19,4 day ahead inc hosp,2021-04-23,06,quantile,0.2,185.66
2021-04-19,5 day ahead inc hosp,2021-04-24,06,quantile,0.2,182.05
2021-04-19,6 day ahead inc hosp,2021-04-25,06,quantile,0.2,178.49
2021-04-19,7 day ahead inc hosp,2021-04-26,06,quantile,0.2,174.97
2021-04-19,8 day ahead inc hosp,2021-04-27,06,quantile,0.2,171.51
2021-04-19,9 day ahead inc hosp,2021-04-28,06,quantile,0.2,168.1
2021-04-19,10 day ahead inc hosp,2021-04-29,06,quantile,0.2,164.75
2021-04-19,11 day ahead inc hosp,2021-04-30,06,quantile,0.2,161.44
2021-04-19,12 day ahead inc hosp,2021-05-01,06,quantile,0.2,158.19
2021-04-19,13 day ahead inc hosp,2021-05-02,06,quantile,0.2,155
2021-04-19,14 day ahead inc hosp,2021-05-03,06,quantile,0.2,151.85
2021-04-19,15 day ahead inc hosp,2021-05-04,06,quantile,0.2,148.75
2021-04-19,16 day ahead inc hosp,2021-05-05,06,quantile,0.2,145.71
2021-04-19,17 day ahead inc hosp,2021-05-06,06,quantile,0.2,142.71
2021-04-19,18 day ahead inc hosp,2021-05-07,06,quantile,0.2,139.76
2021-04-19,19 day ahead inc hosp,2021-05-08,06,quantile,0.2,136.86
2021-04-19,20 day ahead inc hosp,2021-05-09,06,quantile,0.2,134
2021-04-19,21 day ahead inc hosp,2021-05-10,06,quantile,0.2,131.2
2021-04-19,22 day ahead inc hosp,2021-05-11,06,quantile,0.2,128.43
2021-04-19,23 day ahead inc hosp,2021-05-12,06,quantile,0.2,125.72
2021-04-19,24 day ahead inc hosp,2021-05-13,06,quantile,0.2,123.04
2021-04-19,25 day ahead inc hosp,2021-05-14,06,quantile,0.2,120.41
2021-04-19,26 day ahead inc hosp,2021-05-15,06,quantile,0.2,117.82
2021-04-19,27 day ahead inc hosp,2021-05-16,06,quantile,0.2,115.28
2021-04-19,28 day ahead inc hosp,2021-05-17,06,quantile,0.2,112.77
2021-04-19,1 day ahead inc hosp,2021-04-20,06,quantile,0.25,206.79
2021-04-19,2 day ahead inc hosp,2021-04-21,06,quantile,0.25,203.11
2021-04-19,3 day ahead inc hosp,2021-04-22,06,quantile,0.25,199.43
2021-04-19,4 day ahead inc hosp,2021-04-23,06,quantile,0.25,195.78
2021-04-19,5 day ahead inc hosp,2021-04-24,06,quantile,0.25,192.16
2021-04-19,6 day ahead inc hosp,2021-04-25,06,quantile,0.25,188.59
2021-04-19,7 day ahead inc hosp,2021-04-26,06,quantile,0.25,185.07
2021-04-19,8 day ahead inc hosp,2021-04-27,06,quantile,0.25,181.61
2021-04-19,9 day ahead inc hosp,2021-04-28,06,quantile,0.25,178.19
2021-04-19,10 day ahead inc hosp,2021-04-29,06,quantile,0.25,174.83
2021-04-19,11 day ahead inc hosp,2021-04-30,06,quantile,0.25,171.52
2021-04-19,12 day ahead inc hosp,2021-05-01,06,quantile,0.25,168.27
2021-04-19,13 day ahead inc hosp,2021-05-02,06,quantile,0.25,165.06
2021-04-19,14 day ahead inc hosp,2021-05-03,06,quantile,0.25,161.91
2021-04-19,15 day ahead inc hosp,2021-05-04,06,quantile,0.25,158.81
2021-04-19,16 day ahead inc hosp,2021-05-05,06,quantile,0.25,155.76
2021-04-19,17 day ahead inc hosp,2021-05-06,06,quantile,0.25,152.76
2021-04-19,18 day ahead inc hosp,2021-05-07,06,quantile,0.25,149.81
2021-04-19,19 day ahead inc hosp,2021-05-08,06,quantile,0.25,146.9
2021-04-19,20 day ahead inc hosp,2021-05-09,06,quantile,0.25,144.04
2021-04-19,21 day ahead inc hosp,2021-05-10,06,quantile,0.25,141.23
2021-04-19,22 day ahead inc hosp,2021-05-11,06,quantile,0.25,138.46
2021-04-19,23 day ahead inc hosp,2021-05-12,06,quantile,0.25,135.74
2021-04-19,24 day ahead inc hosp,2021-05-13,06,quantile,0.25,133.06
2021-04-19,25 day ahead inc hosp,2021-05-14,06,quantile,0.25,130.43
2021-04-19,26 day ahead inc hosp,2021-05-15,06,quantile,0.25,127.84
2021-04-19,27 day ahead inc hosp,2021-05-16,06,quantile,0.25,125.28
2021-04-19,28 day ahead inc hosp,2021-05-17,06,quantile,0.25,122.78
2021-04-19,1 day ahead inc hosp,2021-04-20,06,quantile,0.3,215.88
2021-04-19,2 day ahead inc hosp,2021-04-21,06,quantile,0.3,212.2
2021-04-19,3 day ahead inc hosp,2021-04-22,06,quantile,0.3,208.51
2021-04-19,4 day ahead inc hosp,2021-04-23,06,quantile,0.3,204.86
2021-04-19,5 day ahead inc hosp,2021-04-24,06,quantile,0.3,201.24
2021-04-19,6 day ahead inc hosp,2021-04-25,06,quantile,0.3,197.66
2021-04-19,7 day ahead inc hosp,2021-04-26,06,quantile,0.3,194.14
2021-04-19,8 day ahead inc hosp,2021-04-27,06,quantile,0.3,190.67
2021-04-19,9 day ahead inc hosp,2021-04-28,06,quantile,0.3,187.25
2021-04-19,10 day ahead inc hosp,2021-04-29,06,quantile,0.3,183.88
2021-04-19,11 day ahead inc hosp,2021-04-30,06,quantile,0.3,180.57
2021-04-19,12 day ahead inc hosp,2021-05-01,06,quantile,0.3,177.31
2021-04-19,13 day ahead inc hosp,2021-05-02,06,quantile,0.3,174.11
2021-04-19,14 day ahead inc hosp,2021-05-03,06,quantile,0.3,170.95
2021-04-19,15 day ahead inc hosp,2021-05-04,06,quantile,0.3,167.85
2021-04-19,16 day ahead inc hosp,2021-05-05,06,quantile,0.3,164.79
2021-04-19,17 day ahead inc hosp,2021-05-06,06,quantile,0.3,161.78
2021-04-19,18 day ahead inc hosp,2021-05-07,06,quantile,0.3,158.83
2021-04-19,19 day ahead inc hosp,2021-05-08,06,quantile,0.3,155.92
2021-04-19,20 day ahead inc hosp,2021-05-09,06,quantile,0.3,153.06
2021-04-19,21 day ahead inc hosp,2021-05-10,06,quantile,0.3,150.24
2021-04-19,22 day ahead inc hosp,2021-05-11,06,quantile,0.3,147.47
2021-04-19,23 day ahead inc hosp,2021-05-12,06,quantile,0.3,144.74
2021-04-19,24 day ahead inc hosp,2021-05-13,06,quantile,0.3,142.06
2021-04-19,25 day ahead inc hosp,2021-05-14,06,quantile,0.3,139.42
2021-04-19,26 day ahead inc hosp,2021-05-15,06,quantile,0.3,136.83
2021-04-19,27 day ahead inc hosp,2021-05-16,06,quantile,0.3,134.27
2021-04-19,28 day ahead inc hosp,2021-05-17,06,quantile,0.3,131.76
2021-04-19,1 day ahead inc hosp,2021-04-20,06,quantile,0.35,224.31
2021-04-19,2 day ahead inc hosp,2021-04-21,06,quantile,0.35,220.62
2021-04-19,3 day ahead inc hosp,2021-04-22,06,quantile,0.35,216.94
2021-04-19,4 day ahead inc hosp,2021-04-23,06,quantile,0.35,213.27
2021-04-19,5 day ahead inc hosp,2021-04-24,06,quantile,0.35,209.65
2021-04-19,6 day ahead inc hosp,2021-04-25,06,quantile,0.35,206.07
2021-04-19,7 day ahead inc hosp,2021-04-26,06,quantile,0.35,202.54
2021-04-19,8 day ahead inc hosp,2021-04-27,06,quantile,0.35,199.07
2021-04-19,9 day ahead inc hosp,2021-04-28,06,quantile,0.35,195.65
2021-04-19,10 day ahead inc hosp,2021-04-29,06,quantile,0.35,192.28
2021-04-19,11 day ahead inc hosp,2021-04-30,06,quantile,0.35,188.96
2021-04-19,12 day ahead inc hosp,2021-05-01,06,quantile,0.35,185.7
2021-04-19,13 day ahead inc hosp,2021-05-02,06,quantile,0.35,182.48
2021-04-19,14 day ahead inc hosp,2021-05-03,06,quantile,0.35,179.32
2021-04-19,15 day ahead inc hosp,2021-05-04,06,quantile,0.35,176.22
2021-04-19,16 day ahead inc hosp,2021-05-05,06,quantile,0.35,173.16
2021-04-19,17 day ahead inc hosp,2021-05-06,06,quantile,0.35,170.15
2021-04-19,18 day ahead inc hosp,2021-05-07,06,quantile,0.35,167.19
2021-04-19,19 day ahead inc hosp,2021-05-08,06,quantile,0.35,164.27
2021-04-19,20 day ahead inc hosp,2021-05-09,06,quantile,0.35,161.41
2021-04-19,21 day ahead inc hosp,2021-05-10,06,quantile,0.35,158.59
2021-04-19,22 day ahead inc hosp,2021-05-11,06,quantile,0.35,155.82
2021-04-19,23 day ahead inc hosp,2021-05-12,06,quantile,0.35,153.09
2021-04-19,24 day ahead inc hosp,2021-05-13,06,quantile,0.35,150.4
2021-04-19,25 day ahead inc hosp,2021-05-14,06,quantile,0.35,147.76
2021-04-19,26 day ahead inc hosp,2021-05-15,06,quantile,0.35,145.16
2021-04-19,27 day ahead inc hosp,2021-05-16,06,quantile,0.35,142.6
2021-04-19,28 day ahead inc hosp,2021-05-17,06,quantile,0.35,140.09
2021-04-19,1 day ahead inc hosp,2021-04-20,06,quantile,0.4,232.31
2021-04-19,2 day ahead inc hosp,2021-04-21,06,quantile,0.4,228.62
2021-04-19,3 day ahead inc hosp,2021-04-22,06,quantile,0.4,224.93
2021-04-19,4 day ahead inc hosp,2021-04-23,06,quantile,0.4,221.26
2021-04-19,5 day ahead inc hosp,2021-04-24,06,quantile,0.4,217.63
2021-04-19,6 day ahead inc hosp,2021-04-25,06,quantile,0.4,214.05
2021-04-19,7 day ahead inc hosp,2021-04-26,06,quantile,0.4,210.52
2021-04-19,8 day ahead inc hosp,2021-04-27,06,quantile,0.4,207.04
2021-04-19,9 day ahead inc hosp,2021-04-28,06,quantile,0.4,203.61
2021-04-19,10 day ahead inc hosp,2021-04-29,06,quantile,0.4,200.24
2021-04-19,11 day ahead inc hosp,2021-04-30,06,quantile,0.4,196.92
2021-04-19,12 day ahead inc hosp,2021-05-01,06,quantile,0.4,193.65
2021-04-19,13 day ahead inc hosp,2021-05-02,06,quantile,0.4,190.44
2021-04-19,14 day ahead inc hosp,2021-05-03,06,quantile,0.4,187.27
2021-04-19,15 day ahead inc hosp,2021-05-04,06,quantile,0.4,184.16
2021-04-19,16 day ahead inc hosp,2021-05-05,06,quantile,0.4,181.1
2021-04-19,17 day ahead inc hosp,2021-05-06,06,quantile,0.4,178.08
2021-04-19,18 day ahead inc hosp,2021-05-07,06,quantile,0.4,175.12
2021-04-19,19 day ahead inc hosp,2021-05-08,06,quantile,0.4,172.2
2021-04-19,20 day ahead inc hosp,2021-05-09,06,quantile,0.4,169.34
2021-04-19,21 day ahead inc hosp,2021-05-10,06,quantile,0.4,166.51
2021-04-19,22 day ahead inc hosp,2021-05-11,06,quantile,0.4,163.73
2021-04-19,23 day ahead inc hosp,2021-05-12,06,quantile,0.4,161
2021-04-19,24 day ahead inc hosp,2021-05-13,06,quantile,0.4,158.31
2021-04-19,25 day ahead inc hosp,2021-05-14,06,quantile,0.4,155.67
2021-04-19,26 day ahead inc hosp,2021-05-15,06,quantile,0.4,153.07
2021-04-19,27 day ahead inc hosp,2021-05-16,06,quantile,0.4,150.51
2021-04-19,28 day ahead inc hosp,2021-05-17,06,quantile,0.4,147.99
2021-04-19,1 day ahead inc hosp,2021-04-20,06,quantile,0.45,240.05
2021-04-19,2 day ahead inc hosp,2021-04-21,06,quantile,0.45,236.35
2021-04-19,3 day ahead inc hosp,2021-04-22,06,quantile,0.45,232.66
2021-04-19,4 day ahead inc hosp,2021-04-23,06,quantile,0.45,228.99
2021-04-19,5 day ahead inc hosp,2021-04-24,06,quantile,0.45,225.35
2021-04-19,6 day ahead inc hosp,2021-04-25,06,quantile,0.45,221.77
2021-04-19,7 day ahead inc hosp,2021-04-26,06,quantile,0.45,218.23
2021-04-19,8 day ahead inc hosp,2021-04-27,06,quantile,0.45,214.75
2021-04-19,9 day ahead inc hosp,2021-04-28,06,quantile,0.45,211.32
2021-04-19,10 day ahead inc hosp,2021-04-29,06,quantile,0.45,207.94
2021-04-19,11 day ahead inc hosp,2021-04-30,06,quantile,0.45,204.62
2021-04-19,12 day ahead inc hosp,2021-05-01,06,quantile,0.45,201.35
2021-04-19,13 day ahead inc hosp,2021-05-02,06,quantile,0.45,198.13
2021-04-19,14 day ahead inc hosp,2021-05-03,06,quantile,0.45,194.96
2021-04-19,15 day ahead inc hosp,2021-05-04,06,quantile,0.45,191.84
2021-04-19,16 day ahead inc hosp,2021-05-05,06,quantile,0.45,188.78
2021-04-19,17 day ahead inc hosp,2021-05-06,06,quantile,0.45,185.76
2021-04-19,18 day ahead inc hosp,2021-05-07,06,quantile,0.45,182.8
2021-04-19,19 day ahead inc hosp,2021-05-08,06,quantile,0.45,179.88
2021-04-19,20 day ahead inc hosp,2021-05-09,06,quantile,0.45,177
2021-04-19,21 day ahead inc hosp,2021-05-10,06,quantile,0.45,174.18
2021-04-19,22 day ahead inc hosp,2021-05-11,06,quantile,0.45,171.4
2021-04-19,23 day ahead inc hosp,2021-05-12,06,quantile,0.45,168.66
2021-04-19,24 day ahead inc hosp,2021-05-13,06,quantile,0.45,165.97
2021-04-19,25 day ahead inc hosp,2021-05-14,06,quantile,0.45,163.32
2021-04-19,26 day ahead inc hosp,2021-05-15,06,quantile,0.45,160.72
2021-04-19,27 day ahead inc hosp,2021-05-16,06,quantile,0.45,158.15
2021-04-19,28 day ahead inc hosp,2021-05-17,06,quantile,0.45,155.63
2021-04-19,1 day ahead inc hosp,2021-04-20,06,quantile,0.5,247.67
2021-04-19,2 day ahead inc hosp,2021-04-21,06,quantile,0.5,243.96
2021-04-19,3 day ahead inc hosp,2021-04-22,06,quantile,0.5,240.26
2021-04-19,4 day ahead inc hosp,2021-04-23,06,quantile,0.5,236.59
2021-04-19,5 day ahead inc hosp,2021-04-24,06,quantile,0.5,232.96
2021-04-19,6 day ahead inc hosp,2021-04-25,06,quantile,0.5,229.37
2021-04-19,7 day ahead inc hosp,2021-04-26,06,quantile,0.5,225.83
2021-04-19,8 day ahead inc hosp,2021-04-27,06,quantile,0.5,222.34
2021-04-19,9 day ahead inc hosp,2021-04-28,06,quantile,0.5,218.9
2021-04-19,10 day ahead inc hosp,2021-04-29,06,quantile,0.5,215.52
2021-04-19,11 day ahead inc hosp,2021-04-30,06,quantile,0.5,212.19
2021-04-19,12 day ahead inc hosp,2021-05-01,06,quantile,0.5,208.92
2021-04-19,13 day ahead inc hosp,2021-05-02,06,quantile,0.5,205.7
2021-04-19,14 day ahead inc hosp,2021-05-03,06,quantile,0.5,202.53
2021-04-19,15 day ahead inc hosp,2021-05-04,06,quantile,0.5,199.41
2021-04-19,16 day ahead inc hosp,2021-05-05,06,quantile,0.5,196.34
2021-04-19,17 day ahead inc hosp,2021-05-06,06,quantile,0.5,193.32
2021-04-19,18 day ahead inc hosp,2021-05-07,06,quantile,0.5,190.35
2021-04-19,19 day ahead inc hosp,2021-05-08,06,quantile,0.5,187.43
2021-04-19,20 day ahead inc hosp,2021-05-09,06,quantile,0.5,184.55
2021-04-19,21 day ahead inc hosp,2021-05-10,06,quantile,0.5,181.72
2021-04-19,22 day ahead inc hosp,2021-05-11,06,quantile,0.5,178.94
2021-04-19,23 day ahead inc hosp,2021-05-12,06,quantile,0.5,176.2
2021-04-19,24 day ahead inc hosp,2021-05-13,06,quantile,0.5,173.5
2021-04-19,25 day ahead inc hosp,2021-05-14,06,quantile,0.5,170.85
2021-04-19,26 day ahead inc hosp,2021-05-15,06,quantile,0.5,168.25
2021-04-19,27 day ahead inc hosp,2021-05-16,06,quantile,0.5,165.68
2021-04-19,28 day ahead inc hosp,2021-05-17,06,quantile,0.5,163.15
2021-04-19,1 day ahead inc hosp,2021-04-20,06,quantile,0.55,255.28
2021-04-19,2 day ahead inc hosp,2021-04-21,06,quantile,0.55,251.58
2021-04-19,3 day ahead inc hosp,2021-04-22,06,quantile,0.55,247.87
2021-04-19,4 day ahead inc hosp,2021-04-23,06,quantile,0.55,244.19
2021-04-19,5 day ahead inc hosp,2021-04-24,06,quantile,0.55,240.56
2021-04-19,6 day ahead inc hosp,2021-04-25,06,quantile,0.55,236.96
2021-04-19,7 day ahead inc hosp,2021-04-26,06,quantile,0.55,233.42
2021-04-19,8 day ahead inc hosp,2021-04-27,06,quantile,0.55,229.93
2021-04-19,9 day ahead inc hosp,2021-04-28,06,quantile,0.55,226.49
2021-04-19,10 day ahead inc hosp,2021-04-29,06,quantile,0.55,223.1
2021-04-19,11 day ahead inc hosp,2021-04-30,06,quantile,0.55,219.77
2021-04-19,12 day ahead inc hosp,2021-05-01,06,quantile,0.55,216.49
2021-04-19,13 day ahead inc hosp,2021-05-02,06,quantile,0.55,213.27
2021-04-19,14 day ahead inc hosp,2021-05-03,06,quantile,0.55,210.09
2021-04-19,15 day ahead inc hosp,2021-05-04,06,quantile,0.55,206.97
2021-04-19,16 day ahead inc hosp,2021-05-05,06,quantile,0.55,203.9
2021-04-19,17 day ahead inc hosp,2021-05-06,06,quantile,0.55,200.88
2021-04-19,18 day ahead inc hosp,2021-05-07,06,quantile,0.55,197.9
2021-04-19,19 day ahead inc hosp,2021-05-08,06,quantile,0.55,194.98
2021-04-19,20 day ahead inc hosp,2021-05-09,06,quantile,0.55,192.1
2021-04-19,21 day ahead inc hosp,2021-05-10,06,quantile,0.55,189.26
2021-04-19,22 day ahead inc hosp,2021-05-11,06,quantile,0.55,186.48
2021-04-19,23 day ahead inc hosp,2021-05-12,06,quantile,0.55,183.74
2021-04-19,24 day ahead inc hosp,2021-05-13,06,quantile,0.55,181.04
2021-04-19,25 day ahead inc hosp,2021-05-14,06,quantile,0.55,178.39
2021-04-19,26 day ahead inc hosp,2021-05-15,06,quantile,0.55,175.77
2021-04-19,27 day ahead inc hosp,2021-05-16,06,quantile,0.55,173.21
2021-04-19,28 day ahead inc hosp,2021-05-17,06,quantile,0.55,170.68
2021-04-19,1 day ahead inc hosp,2021-04-20,06,quantile,0.6,263.02
2021-04-19,2 day ahead inc hosp,2021-04-21,06,quantile,0.6,259.31
2021-04-19,3 day ahead inc hosp,2021-04-22,06,quantile,0.6,255.6
2021-04-19,4 day ahead inc hosp,2021-04-23,06,quantile,0.6,251.92
2021-04-19,5 day ahead inc hosp,2021-04-24,06,quantile,0.6,248.28
2021-04-19,6 day ahead inc hosp,2021-04-25,06,quantile,0.6,244.68
2021-04-19,7 day ahead inc hosp,2021-04-26,06,quantile,0.6,241.13
2021-04-19,8 day ahead inc hosp,2021-04-27,06,quantile,0.6,237.64
2021-04-19,9 day ahead inc hosp,2021-04-28,06,quantile,0.6,234.19
2021-04-19,10 day ahead inc hosp,2021-04-29,06,quantile,0.6,230.81
2021-04-19,11 day ahead inc hosp,2021-04-30,06,quantile,0.6,227.47
2021-04-19,12 day ahead inc hosp,2021-05-01,06,quantile,0.6,224.19
2021-04-19,13 day ahead inc hosp,2021-05-02,06,quantile,0.6,220.96
2021-04-19,14 day ahead inc hosp,2021-05-03,06,quantile,0.6,217.78
2021-04-19,15 day ahead inc hosp,2021-05-04,06,quantile,0.6,214.66
2021-04-19,16 day ahead inc hosp,2021-05-05,06,quantile,0.6,211.58
2021-04-19,17 day ahead inc hosp,2021-05-06,06,quantile,0.6,208.55
2021-04-19,18 day ahead inc hosp,2021-05-07,06,quantile,0.6,205.58
2021-04-19,19 day ahead inc hosp,2021-05-08,06,quantile,0.6,202.65
2021-04-19,20 day ahead inc hosp,2021-05-09,06,quantile,0.6,199.77
2021-04-19,21 day ahead inc hosp,2021-05-10,06,quantile,0.6,196.93
2021-04-19,22 day ahead inc hosp,2021-05-11,06,quantile,0.6,194.14
2021-04-19,23 day ahead inc hosp,2021-05-12,06,quantile,0.6,191.4
2021-04-19,24 day ahead inc hosp,2021-05-13,06,quantile,0.6,188.7
2021-04-19,25 day ahead inc hosp,2021-05-14,06,quantile,0.6,186.04
2021-04-19,26 day ahead inc hosp,2021-05-15,06,quantile,0.6,183.42
2021-04-19,27 day ahead inc hosp,2021-05-16,06,quantile,0.6,180.85
2021-04-19,28 day ahead inc hosp,2021-05-17,06,quantile,0.6,178.32
2021-04-19,1 day ahead inc hosp,2021-04-20,06,quantile,0.65,271.02
2021-04-19,2 day ahead inc hosp,2021-04-21,06,quantile,0.65,267.31
2021-04-19,3 day ahead inc hosp,2021-04-22,06,quantile,0.65,263.59
2021-04-19,4 day ahead inc hosp,2021-04-23,06,quantile,0.65,259.91
2021-04-19,5 day ahead inc hosp,2021-04-24,06,quantile,0.65,256.26
2021-04-19,6 day ahead inc hosp,2021-04-25,06,quantile,0.65,252.66
2021-04-19,7 day ahead inc hosp,2021-04-26,06,quantile,0.65,249.11
2021-04-19,8 day ahead inc hosp,2021-04-27,06,quantile,0.65,245.61
2021-04-19,9 day ahead inc hosp,2021-04-28,06,quantile,0.65,242.16
2021-04-19,10 day ahead inc hosp,2021-04-29,06,quantile,0.65,238.77
2021-04-19,11 day ahead inc hosp,2021-04-30,06,quantile,0.65,235.43
2021-04-19,12 day ahead inc hosp,2021-05-01,06,quantile,0.65,232.14
2021-04-19,13 day ahead inc hosp,2021-05-02,06,quantile,0.65,228.91
2021-04-19,14 day ahead inc hosp,2021-05-03,06,quantile,0.65,225.73
2021-04-19,15 day ahead inc hosp,2021-05-04,06,quantile,0.65,222.6
2021-04-19,16 day ahead inc hosp,2021-05-05,06,quantile,0.65,219.52
2021-04-19,17 day ahead inc hosp,2021-05-06,06,quantile,0.65,216.49
2021-04-19,18 day ahead inc hosp,2021-05-07,06,quantile,0.65,213.51
2021-04-19,19 day ahead inc hosp,2021-05-08,06,quantile,0.65,210.58
2021-04-19,20 day ahead inc hosp,2021-05-09,06,quantile,0.65,207.69
2021-04-19,21 day ahead inc hosp,2021-05-10,06,quantile,0.65,204.85
2021-04-19,22 day ahead inc hosp,2021-05-11,06,quantile,0.65,202.06
2021-04-19,23 day ahead inc hosp,2021-05-12,06,quantile,0.65,199.31
2021-04-19,24 day ahead inc hosp,2021-05-13,06,quantile,0.65,196.61
2021-04-19,25 day ahead inc hosp,2021-05-14,06,quantile,0.65,193.95
2021-04-19,26 day ahead inc hosp,2021-05-15,06,quantile,0.65,191.33
2021-04-19,27 day ahead inc hosp,2021-05-16,06,quantile,0.65,188.76
2021-04-19,28 day ahead inc hosp,2021-05-17,06,quantile,0.65,186.22
2021-04-19,1 day ahead inc hosp,2021-04-20,06,quantile,0.7,279.45
2021-04-19,2 day ahead inc hosp,2021-04-21,06,quantile,0.7,275.73
2021-04-19,3 day ahead inc hosp,2021-04-22,06,quantile,0.7,272.01
2021-04-19,4 day ahead inc hosp,2021-04-23,06,quantile,0.7,268.32
2021-04-19,5 day ahead inc hosp,2021-04-24,06,quantile,0.7,264.67
2021-04-19,6 day ahead inc hosp,2021-04-25,06,quantile,0.7,261.07
2021-04-19,7 day ahead inc hosp,2021-04-26,06,quantile,0.7,257.51
2021-04-19,8 day ahead inc hosp,2021-04-27,06,quantile,0.7,254.01
2021-04-19,9 day ahead inc hosp,2021-04-28,06,quantile,0.7,250.56
2021-04-19,10 day ahead inc hosp,2021-04-29,06,quantile,0.7,247.16
2021-04-19,11 day ahead inc hosp,2021-04-30,06,quantile,0.7,243.82
2021-04-19,12 day ahead inc hosp,2021-05-01,06,quantile,0.7,240.53
2021-04-19,13 day ahead inc hosp,2021-05-02,06,quantile,0.7,237.29
2021-04-19,14 day ahead inc hosp,2021-05-03,06,quantile,0.7,234.1
2021-04-19,15 day ahead inc hosp,2021-05-04,06,quantile,0.7,230.97
2021-04-19,16 day ahead inc hosp,2021-05-05,06,quantile,0.7,227.89
2021-04-19,17 day ahead inc hosp,2021-05-06,06,quantile,0.7,224.85
2021-04-19,18 day ahead inc hosp,2021-05-07,06,quantile,0.7,221.87
2021-04-19,19 day ahead inc hosp,2021-05-08,06,quantile,0.7,218.93
2021-04-19,20 day ahead inc hosp,2021-05-09,06,quantile,0.7,216.04
2021-04-19,21 day ahead inc hosp,2021-05-10,06,quantile,0.7,213.2
2021-04-19,22 day ahead inc hosp,2021-05-11,06,quantile,0.7,210.41
2021-04-19,23 day ahead inc hosp,2021-05-12,06,quantile,0.7,207.65
2021-04-19,24 day ahead inc hosp,2021-05-13,06,quantile,0.7,204.95
2021-04-19,25 day ahead inc hosp,2021-05-14,06,quantile,0.7,202.28
2021-04-19,26 day ahead inc hosp,2021-05-15,06,quantile,0.7,199.66
2021-04-19,27 day ahead inc hosp,2021-05-16,06,quantile,0.7,197.09
2021-04-19,28 day ahead inc hosp,2021-05-17,06,quantile,0.7,194.55
2021-04-19,1 day ahead inc hosp,2021-04-20,06,quantile,0.75,288.55
2021-04-19,2 day ahead inc hosp,2021-04-21,06,quantile,0.75,284.82
2021-04-19,3 day ahead inc hosp,2021-04-22,06,quantile,0.75,281.1
2021-04-19,4 day ahead inc hosp,2021-04-23,06,quantile,0.75,277.41
2021-04-19,5 day ahead inc hosp,2021-04-24,06,quantile,0.75,273.75
2021-04-19,6 day ahead inc hosp,2021-04-25,06,quantile,0.75,270.14
2021-04-19,7 day ahead inc hosp,2021-04-26,06,quantile,0.75,266.58
2021-04-19,8 day ahead inc hosp,2021-04-27,06,quantile,0.75,263.07
2021-04-19,9 day ahead inc hosp,2021-04-28,06,quantile,0.75,259.61
2021-04-19,10 day ahead inc hosp,2021-04-29,06,quantile,0.75,256.21
2021-04-19,11 day ahead inc hosp,2021-04-30,06,quantile,0.75,252.87
2021-04-19,12 day ahead inc hosp,2021-05-01,06,quantile,0.75,249.57
2021-04-19,13 day ahead inc hosp,2021-05-02,06,quantile,0.75,246.33
2021-04-19,14 day ahead inc hosp,2021-05-03,06,quantile,0.75,243.14
2021-04-19,15 day ahead inc hosp,2021-05-04,06,quantile,0.75,240.01
2021-04-19,16 day ahead inc hosp,2021-05-05,06,quantile,0.75,236.92
2021-04-19,17 day ahead inc hosp,2021-05-06,06,quantile,0.75,233.88
2021-04-19,18 day ahead inc hosp,2021-05-07,06,quantile,0.75,230.89
2021-04-19,19 day ahead inc hosp,2021-05-08,06,quantile,0.75,227.95
2021-04-19,20 day ahead inc hosp,2021-05-09,06,quantile,0.75,225.06
2021-04-19,21 day ahead inc hosp,2021-05-10,06,quantile,0.75,222.21
2021-04-19,22 day ahead inc hosp,2021-05-11,06,quantile,0.75,219.41
2021-04-19,23 day ahead inc hosp,2021-05-12,06,quantile,0.75,216.66
2021-04-19,24 day ahead inc hosp,2021-05-13,06,quantile,0.75,213.95
2021-04-19,25 day ahead inc hosp,2021-05-14,06,quantile,0.75,211.28
2021-04-19,26 day ahead inc hosp,2021-05-15,06,quantile,0.75,208.66
2021-04-19,27 day ahead inc hosp,2021-05-16,06,quantile,0.75,206.07
2021-04-19,28 day ahead inc hosp,2021-05-17,06,quantile,0.75,203.53
2021-04-19,1 day ahead inc hosp,2021-04-20,06,quantile,0.8,298.68
2021-04-19,2 day ahead inc hosp,2021-04-21,06,quantile,0.8,294.95
2021-04-19,3 day ahead inc hosp,2021-04-22,06,quantile,0.8,291.22
2021-04-19,4 day ahead inc hosp,2021-04-23,06,quantile,0.8,287.52
2021-04-19,5 day ahead inc hosp,2021-04-24,06,quantile,0.8,283.86
2021-04-19,6 day ahead inc hosp,2021-04-25,06,quantile,0.8,280.24
2021-04-19,7 day ahead inc hosp,2021-04-26,06,quantile,0.8,276.68
2021-04-19,8 day ahead inc hosp,2021-04-27,06,quantile,0.8,273.16
2021-04-19,9 day ahead inc hosp,2021-04-28,06,quantile,0.8,269.7
2021-04-19,10 day ahead inc hosp,2021-04-29,06,quantile,0.8,266.3
2021-04-19,11 day ahead inc hosp,2021-04-30,06,quantile,0.8,262.95
2021-04-19,12 day ahead inc hosp,2021-05-01,06,quantile,0.8,259.65
2021-04-19,13 day ahead inc hosp,2021-05-02,06,quantile,0.8,256.4
2021-04-19,14 day ahead inc hosp,2021-05-03,06,quantile,0.8,253.21
2021-04-19,15 day ahead inc hosp,2021-05-04,06,quantile,0.8,250.06
2021-04-19,16 day ahead inc hosp,2021-05-05,06,quantile,0.8,246.97
2021-04-19,17 day ahead inc hosp,2021-05-06,06,quantile,0.8,243.93
2021-04-19,18 day ahead inc hosp,2021-05-07,06,quantile,0.8,240.94
2021-04-19,19 day ahead inc hosp,2021-05-08,06,quantile,0.8,237.99
2021-04-19,20 day ahead inc hosp,2021-05-09,06,quantile,0.8,235.1
2021-04-19,21 day ahead inc hosp,2021-05-10,06,quantile,0.8,232.25
2021-04-19,22 day ahead inc hosp,2021-05-11,06,quantile,0.8,229.44
2021-04-19,23 day ahead inc hosp,2021-05-12,06,quantile,0.8,226.68
2021-04-19,24 day ahead inc hosp,2021-05-13,06,quantile,0.8,223.97
2021-04-19,25 day ahead inc hosp,2021-05-14,06,quantile,0.8,221.3
2021-04-19,26 day ahead inc hosp,2021-05-15,06,quantile,0.8,218.67
2021-04-19,27 day ahead inc hosp,2021-05-16,06,quantile,0.8,216.08
2021-04-19,28 day ahead inc hosp,2021-05-17,06,quantile,0.8,213.54
2021-04-19,1 day ahead inc hosp,2021-04-20,06,quantile,0.85,310.48
2021-04-19,2 day ahead inc hosp,2021-04-21,06,quantile,0.85,306.75
2021-04-19,3 day ahead inc hosp,2021-04-22,06,quantile,0.85,303.02
2021-04-19,4 day ahead inc hosp,2021-04-23,06,quantile,0.85,299.31
2021-04-19,5 day ahead inc hosp,2021-04-24,06,quantile,0.85,295.64
2021-04-19,6 day ahead inc hosp,2021-04-25,06,quantile,0.85,292.02
2021-04-19,7 day ahead inc hosp,2021-04-26,06,quantile,0.85,288.45
2021-04-19,8 day ahead inc hosp,2021-04-27,06,quantile,0.85,284.93
2021-04-19,9 day ahead inc hosp,2021-04-28,06,quantile,0.85,281.46
2021-04-19,10 day ahead inc hosp,2021-04-29,06,quantile,0.85,278.05
2021-04-19,11 day ahead inc hosp,2021-04-30,06,quantile,0.85,274.69
2021-04-19,12 day ahead inc hosp,2021-05-01,06,quantile,0.85,271.39
2021-04-19,13 day ahead inc hosp,2021-05-02,06,quantile,0.85,268.14
2021-04-19,14 day ahead inc hosp,2021-05-03,06,quantile,0.85,264.94
2021-04-19,15 day ahead inc hosp,2021-05-04,06,quantile,0.85,261.79
2021-04-19,16 day ahead inc hosp,2021-05-05,06,quantile,0.85,258.69
2021-04-19,17 day ahead inc hosp,2021-05-06,06,quantile,0.85,255.65
2021-04-19,18 day ahead inc hosp,2021-05-07,06,quantile,0.85,252.65
2021-04-19,19 day ahead inc hosp,2021-05-08,06,quantile,0.85,249.7
2021-04-19,20 day ahead inc hosp,2021-05-09,06,quantile,0.85,246.8
2021-04-19,21 day ahead inc hosp,2021-05-10,06,quantile,0.85,243.94
2021-04-19,22 day ahead inc hosp,2021-05-11,06,quantile,0.85,241.13
2021-04-19,23 day ahead inc hosp,2021-05-12,06,quantile,0.85,238.37
2021-04-19,24 day ahead inc hosp,2021-05-13,06,quantile,0.85,235.65
2021-04-19,25 day ahead inc hosp,2021-05-14,06,quantile,0.85,232.97
2021-04-19,26 day ahead inc hosp,2021-05-15,06,quantile,0.85,230.34
2021-04-19,27 day ahead inc hosp,2021-05-16,06,quantile,0.85,227.75
2021-04-19,28 day ahead inc hosp,2021-05-17,06,quantile,0.85,225.2
2021-04-19,1 day ahead inc hosp,2021-04-20,06,quantile,0.9,325.34
2021-04-19,2 day ahead inc hosp,2021-04-21,06,quantile,0.9,321.6
2021-04-19,3 day ahead inc hosp,2021-04-22,06,quantile,0.9,317.86
2021-04-19,4 day ahead inc hosp,2021-04-23,06,quantile,0.9,314.14
2021-04-19,5 day ahead inc hosp,2021-04-24,06,quantile,0.9,310.47
2021-04-19,6 day ahead inc hosp,2021-04-25,06,quantile,0.9,306.84
2021-04-19,7 day ahead inc hosp,2021-04-26,06,quantile,0.9,303.26
2021-04-19,8 day ahead inc hosp,2021-04-27,06,quantile,0.9,299.73
2021-04-19,9 day ahead inc hosp,2021-04-28,06,quantile,0.9,296.26
2021-04-19,10 day ahead inc hosp,2021-04-29,06,quantile,0.9,292.84
2021-04-19,11 day ahead inc hosp,2021-04-30,06,quantile,0.9,289.47
2021-04-19,12 day ahead inc hosp,2021-05-01,06,quantile,0.9,286.16
2021-04-19,13 day ahead inc hosp,2021-05-02,06,quantile,0.9,282.9
2021-04-19,14 day ahead inc hosp,2021-05-03,06,quantile,0.9,279.7
2021-04-19,15 day ahead inc hosp,2021-05-04,06,quantile,0.9,276.54
2021-04-19,16 day ahead inc hosp,2021-05-05,06,quantile,0.9,273.44
2021-04-19,17 day ahead inc hosp,2021-05-06,06,quantile,0.9,270.39
2021-04-19,18 day ahead inc hosp,2021-05-07,06,quantile,0.9,267.38
2021-04-19,19 day ahead inc hosp,2021-05-08,06,quantile,0.9,264.43
2021-04-19,20 day ahead inc hosp,2021-05-09,06,quantile,0.9,261.52
2021-04-19,21 day ahead inc hosp,2021-05-10,06,quantile,0.9,258.66
2021-04-19,22 day ahead inc hosp,2021-05-11,06,quantile,0.9,255.84
2021-04-19,23 day ahead inc hosp,2021-05-12,06,quantile,0.9,253.07
2021-04-19,24 day ahead inc hosp,2021-05-13,06,quantile,0.9,250.35
2021-04-19,25 day ahead inc hosp,2021-05-14,06,quantile,0.9,247.66
2021-04-19,26 day ahead inc hosp,2021-05-15,06,quantile,0.9,245.03
2021-04-19,27 day ahead inc hosp,2021-05-16,06,quantile,0.9,242.43
2021-04-19,28 day ahead inc hosp,2021-05-17,06,quantile,0.9,239.88
2021-04-19,1 day ahead inc hosp,2021-04-20,06,quantile,0.95,347.36
2021-04-19,2 day ahead inc hosp,2021-04-21,06,quantile,0.95,343.6
2021-04-19,3 day ahead inc hosp,2021-04-22,06,quantile,0.95,339.85
2021-04-19,4 day ahead inc hosp,2021-04-23,06,quantile,0.95,336.13
2021-04-19,5 day ahead inc hosp,2021-04-24,06,quantile,0.95,332.44
2021-04-19,6 day ahead inc hosp,2021-04-25,06,quantile,0.95,328.8
2021-04-19,7 day ahead inc hosp,2021-04-26,06,quantile,0.95,325.21
2021-04-19,8 day ahead inc hosp,2021-04-27,06,quantile,0.95,321.67
2021-04-19,9 day ahead inc hosp,2021-04-28,06,quantile,0.95,318.19
2021-04-19,10 day ahead inc hosp,2021-04-29,06,quantile,0.95,314.76
2021-04-19,11 day ahead inc hosp,2021-04-30,06,quantile,0.95,311.38
2021-04-19,12 day ahead inc hosp,2021-05-01,06,quantile,0.95,308.06
2021-04-19,13 day ahead inc hosp,2021-05-02,06,quantile,0.95,304.79
2021-04-19,14 day ahead inc hosp,2021-05-03,06,quantile,0.95,301.57
2021-04-19,15 day ahead inc hosp,2021-05-04,06,quantile,0.95,298.41
2021-04-19,16 day ahead inc hosp,2021-05-05,06,quantile,0.95,295.3
2021-04-19,17 day ahead inc hosp,2021-05-06,06,quantile,0.95,292.23
2021-04-19,18 day ahead inc hosp,2021-05-07,06,quantile,0.95,289.22
2021-04-19,19 day ahead inc hosp,2021-05-08,06,quantile,0.95,286.25
2021-04-19,20 day ahead inc hosp,2021-05-09,06,quantile,0.95,283.34
2021-04-19,21 day ahead inc hosp,2021-05-10,06,quantile,0.95,280.47
2021-04-19,22 day ahead inc hosp,2021-05-11,06,quantile,0.95,277.64
2021-04-19,23 day ahead inc hosp,2021-05-12,06,quantile,0.95,274.86
2021-04-19,24 day ahead inc hosp,2021-05-13,06,quantile,0.95,272.13
2021-04-19,25 day ahead inc hosp,2021-05-14,06,quantile,0.95,269.44
2021-04-19,26 day ahead inc hosp,2021-05-15,06,quantile,0.95,266.79
2021-04-19,27 day ahead inc hosp,2021-05-16,06,quantile,0.95,264.19
2021-04-19,28 day ahead inc hosp,2021-05-17,06,quantile,0.95,261.63
2021-04-19,1 day ahead inc hosp,2021-04-20,06,quantile,0.975,366.46
2021-04-19,2 day ahead inc hosp,2021-04-21,06,quantile,0.975,362.69
2021-04-19,3 day ahead inc hosp,2021-04-22,06,quantile,0.975,358.93
2021-04-19,4 day ahead inc hosp,2021-04-23,06,quantile,0.975,355.19
2021-04-19,5 day ahead inc hosp,2021-04-24,06,quantile,0.975,351.5
2021-04-19,6 day ahead inc hosp,2021-04-25,06,quantile,0.975,347.85
2021-04-19,7 day ahead inc hosp,2021-04-26,06,quantile,0.975,344.25
2021-04-19,8 day ahead inc hosp,2021-04-27,06,quantile,0.975,340.7
2021-04-19,9 day ahead inc hosp,2021-04-28,06,quantile,0.975,337.21
2021-04-19,10 day ahead inc hosp,2021-04-29,06,quantile,0.975,333.77
2021-04-19,11 day ahead inc hosp,2021-04-30,06,quantile,0.975,330.38
2021-04-19,12 day ahead inc hosp,2021-05-01,06,quantile,0.975,327.05
2021-04-19,13 day ahead inc hosp,2021-05-02,06,quantile,0.975,323.77
2021-04-19,14 day ahead inc hosp,2021-05-03,06,quantile,0.975,320.55
2021-04-19,15 day ahead inc hosp,2021-05-04,06,quantile,0.975,317.38
2021-04-19,16 day ahead inc hosp,2021-05-05,06,quantile,0.975,314.25
2021-04-19,17 day ahead inc hosp,2021-05-06,06,quantile,0.975,311.18
2021-04-19,18 day ahead inc hosp,2021-05-07,06,quantile,0.975,308.16
2021-04-19,19 day ahead inc hosp,2021-05-08,06,quantile,0.975,305.19
2021-04-19,20 day ahead inc hosp,2021-05-09,06,quantile,0.975,302.26
2021-04-19,21 day ahead inc hosp,2021-05-10,06,quantile,0.975,299.38
2021-04-19,22 day ahead inc hosp,2021-05-11,06,quantile,0.975,296.55
2021-04-19,23 day ahead inc hosp,2021-05-12,06,quantile,0.975,293.76
2021-04-19,24 day ahead inc hosp,2021-05-13,06,quantile,0.975,291.02
2021-04-19,25 day ahead inc hosp,2021-05-14,06,quantile,0.975,288.33
2021-04-19,26 day ahead inc hosp,2021-05-15,06,quantile,0.975,285.67
2021-04-19,27 day ahead inc hosp,2021-05-16,06,quantile,0.975,283.06
2021-04-19,28 day ahead inc hosp,2021-05-17,06,quantile,0.975,280.49
2021-04-19,1 day ahead inc hosp,2021-04-20,06,quantile,0.99,388.66
2021-04-19,2 day ahead inc hosp,2021-04-21,06,quantile,0.99,384.89
2021-04-19,3 day ahead inc hosp,2021-04-22,06,quantile,0.99,381.11
2021-04-19,4 day ahead inc hosp,2021-04-23,06,quantile,0.99,377.37
2021-04-19,5 day ahead inc hosp,2021-04-24,06,quantile,0.99,373.66
2021-04-19,6 day ahead inc hosp,2021-04-25,06,quantile,0.99,369.99
2021-04-19,7 day ahead inc hosp,2021-04-26,06,quantile,0.99,366.38
2021-04-19,8 day ahead inc hosp,2021-04-27,06,quantile,0.99,362.82
2021-04-19,9 day ahead inc hosp,2021-04-28,06,quantile,0.99,359.32
2021-04-19,10 day ahead inc hosp,2021-04-29,06,quantile,0.99,355.87
2021-04-19,11 day ahead inc hosp,2021-04-30,06,quantile,0.99,352.48
2021-04-19,12 day ahead inc hosp,2021-05-01,06,quantile,0.99,349.13
2021-04-19,13 day ahead inc hosp,2021-05-02,06,quantile,0.99,345.85
2021-04-19,14 day ahead inc hosp,2021-05-03,06,quantile,0.99,342.61
2021-04-19,15 day ahead inc hosp,2021-05-04,06,quantile,0.99,339.43
2021-04-19,16 day ahead inc hosp,2021-05-05,06,quantile,0.99,336.3
2021-04-19,17 day ahead inc hosp,2021-05-06,06,quantile,0.99,333.22
2021-04-19,18 day ahead inc hosp,2021-05-07,06,quantile,0.99,330.18
2021-04-19,19 day ahead inc hosp,2021-05-08,06,quantile,0.99,327.2
2021-04-19,20 day ahead inc hosp,2021-05-09,06,quantile,0.99,324.27
2021-04-19,21 day ahead inc hosp,2021-05-10,06,quantile,0.99,321.38
2021-04-19,22 day ahead inc hosp,2021-05-11,06,quantile,0.99,318.54
2021-04-19,23 day ahead inc hosp,2021-05-12,06,quantile,0.99,315.74
2021-04-19,24 day ahead inc hosp,2021-05-13,06,quantile,0.99,312.99
2021-04-19,25 day ahead inc hosp,2021-05-14,06,quantile,0.99,310.29
2021-04-19,26 day ahead inc hosp,2021-05-15,06,quantile,0.99,307.62
2021-04-19,27 day ahead inc hosp,2021-05-16,06,quantile,0.99,305
2021-04-19,28 day ahead inc hosp,2021-05-17,06,quantile,0.99,302.43
2021-04-19,1 day ahead inc hosp,2021-04-20,06,point,NA,247.67
2021-04-19,2 day ahead inc hosp,2021-04-21,06,point,NA,243.96
2021-04-19,3 day ahead inc hosp,2021-04-22,06,point,NA,240.26
2021-04-19,4 day ahead inc hosp,2021-04-23,06,point,NA,236.59
2021-04-19,5 day ahead inc hosp,2021-04-24,06,point,NA,232.96
2021-04-19,6 day ahead inc hosp,2021-04-25,06,point,NA,229.37
2021-04-19,7 day ahead inc hosp,2021-04-26,06,point,NA,225.83
2021-04-19,8 day ahead inc hosp,2021-04-27,06,point,NA,222.34
2021-04-19,9 day ahead inc hosp,2021-04-28,06,point,NA,218.9
2021-04-19,10 day ahead inc hosp,2021-04-29,06,point,NA,215.52
2021-04-19,11 day ahead inc hosp,2021-04-30,06,point,NA,212.19
2021-04-19,12 day ahead inc hosp,2021-05-01,06,point,NA,208.92
2021-04-19,13 day ahead inc hosp,2021-05-02,06,point,NA,205.7
2021-04-19,14 day ahead inc hosp,2021-05-03,06,point,NA,202.53
2021-04-19,15 day ahead inc hosp,2021-05-04,06,point,NA,199.41
2021-04-19,16 day ahead inc hosp,2021-05-05,06,point,NA,196.34
2021-04-19,17 day ahead inc hosp,2021-05-06,06,point,NA,193.32
2021-04-19,18 day ahead inc hosp,2021-05-07,06,point,NA,190.35
2021-04-19,19 day ahead inc hosp,2021-05-08,06,point,NA,187.43
2021-04-19,20 day ahead inc hosp,2021-05-09,06,point,NA,184.55
2021-04-19,21 day ahead inc hosp,2021-05-10,06,point,NA,181.72
2021-04-19,22 day ahead inc hosp,2021-05-11,06,point,NA,178.94
2021-04-19,23 day ahead inc hosp,2021-05-12,06,point,NA,176.2
2021-04-19,24 day ahead inc hosp,2021-05-13,06,point,NA,173.5
2021-04-19,25 day ahead inc hosp,2021-05-14,06,point,NA,170.85
2021-04-19,26 day ahead inc hosp,2021-05-15,06,point,NA,168.25
2021-04-19,27 day ahead inc hosp,2021-05-16,06,point,NA,165.68
2021-04-19,28 day ahead inc hosp,2021-05-17,06,point,NA,163.15
2021-04-19,1 wk ahead inc death,2021-04-24,06,quantile,0.01,98.62
2021-04-19,2 wk ahead inc death,2021-05-01,06,quantile,0.01,24.67
2021-04-19,3 wk ahead inc death,2021-05-08,06,quantile,0.01,0
2021-04-19,4 wk ahead inc death,2021-05-15,06,quantile,0.01,0
2021-04-19,1 wk ahead inc death,2021-04-24,06,quantile,0.025,164.52
2021-04-19,2 wk ahead inc death,2021-05-01,06,quantile,0.025,95.73
2021-04-19,3 wk ahead inc death,2021-05-08,06,quantile,0.025,57.4
2021-04-19,4 wk ahead inc death,2021-05-15,06,quantile,0.025,20.23
2021-04-19,1 wk ahead inc death,2021-04-24,06,quantile,0.05,221.2
2021-04-19,2 wk ahead inc death,2021-05-01,06,quantile,0.05,156.85
2021-04-19,3 wk ahead inc death,2021-05-08,06,quantile,0.05,118.49
2021-04-19,4 wk ahead inc death,2021-05-15,06,quantile,0.05,81.29
2021-04-19,1 wk ahead inc death,2021-04-24,06,quantile,0.1,286.55
2021-04-19,2 wk ahead inc death,2021-05-01,06,quantile,0.1,227.31
2021-04-19,3 wk ahead inc death,2021-05-08,06,quantile,0.1,188.92
2021-04-19,4 wk ahead inc death,2021-05-15,06,quantile,0.1,151.68
2021-04-19,1 wk ahead inc death,2021-04-24,06,quantile,0.15,330.63
2021-04-19,2 wk ahead inc death,2021-05-01,06,quantile,0.15,274.85
2021-04-19,3 wk ahead inc death,2021-05-08,06,quantile,0.15,236.43
2021-04-19,4 wk ahead inc death,2021-05-15,06,quantile,0.15,199.18
2021-04-19,1 wk ahead inc death,2021-04-24,06,quantile,0.2,365.67
2021-04-19,2 wk ahead inc death,2021-05-01,06,quantile,0.2,312.64
2021-04-19,3 wk ahead inc death,2021-05-08,06,quantile,0.2,274.2
2021-04-19,4 wk ahead inc death,2021-05-15,06,quantile,0.2,236.93
2021-04-19,1 wk ahead inc death,2021-04-24,06,quantile,0.25,395.73
2021-04-19,2 wk ahead inc death,2021-05-01,06,quantile,0.25,345.05
2021-04-19,3 wk ahead inc death,2021-05-08,06,quantile,0.25,306.6
2021-04-19,4 wk ahead inc death,2021-05-15,06,quantile,0.25,269.31
2021-04-19,1 wk ahead inc death,2021-04-24,06,quantile,0.3,422.73
2021-04-19,2 wk ahead inc death,2021-05-01,06,quantile,0.3,374.16
2021-04-19,3 wk ahead inc death,2021-05-08,06,quantile,0.3,335.7
2021-04-19,4 wk ahead inc death,2021-05-15,06,quantile,0.3,298.4
2021-04-19,1 wk ahead inc death,2021-04-24,06,quantile,0.35,447.75
2021-04-19,2 wk ahead inc death,2021-05-01,06,quantile,0.35,401.14
2021-04-19,3 wk ahead inc death,2021-05-08,06,quantile,0.35,362.66
2021-04-19,4 wk ahead inc death,2021-05-15,06,quantile,0.35,325.35
2021-04-19,1 wk ahead inc death,2021-04-24,06,quantile,0.4,471.48
2021-04-19,2 wk ahead inc death,2021-05-01,06,quantile,0.4,426.73
2021-04-19,3 wk ahead inc death,2021-05-08,06,quantile,0.4,388.24
2021-04-19,4 wk ahead inc death,2021-05-15,06,quantile,0.4,350.92
2021-04-19,1 wk ahead inc death,2021-04-24,06,quantile,0.45,494.45
2021-04-19,2 wk ahead inc death,2021-05-01,06,quantile,0.45,451.5
2021-04-19,3 wk ahead inc death,2021-05-08,06,quantile,0.45,413
2021-04-19,4 wk ahead inc death,2021-05-15,06,quantile,0.45,375.66
2021-04-19,1 wk ahead inc death,2021-04-24,06,quantile,0.5,517.05
2021-04-19,2 wk ahead inc death,2021-05-01,06,quantile,0.5,475.87
2021-04-19,3 wk ahead inc death,2021-05-08,06,quantile,0.5,437.36
2021-04-19,4 wk ahead inc death,2021-05-15,06,quantile,0.5,400.01
2021-04-19,1 wk ahead inc death,2021-04-24,06,quantile,0.55,539.65
2021-04-19,2 wk ahead inc death,2021-05-01,06,quantile,0.55,500.24
2021-04-19,3 wk ahead inc death,2021-05-08,06,quantile,0.55,461.72
2021-04-19,4 wk ahead inc death,2021-05-15,06,quantile,0.55,424.36
2021-04-19,1 wk ahead inc death,2021-04-24,06,quantile,0.6,562.62
2021-04-19,2 wk ahead inc death,2021-05-01,06,quantile,0.6,525
2021-04-19,3 wk ahead inc death,2021-05-08,06,quantile,0.6,486.47
2021-04-19,4 wk ahead inc death,2021-05-15,06,quantile,0.6,449.1
2021-04-19,1 wk ahead inc death,2021-04-24,06,quantile,0.65,586.36
2021-04-19,2 wk ahead inc death,2021-05-01,06,quantile,0.65,550.6
2021-04-19,3 wk ahead inc death,2021-05-08,06,quantile,0.65,512.05
2021-04-19,4 wk ahead inc death,2021-05-15,06,quantile,0.65,474.67
2021-04-19,1 wk ahead inc death,2021-04-24,06,quantile,0.7,611.37
2021-04-19,2 wk ahead inc death,2021-05-01,06,quantile,0.7,577.57
2021-04-19,3 wk ahead inc death,2021-05-08,06,quantile,0.7,539.02
2021-04-19,4 wk ahead inc death,2021-05-15,06,quantile,0.7,501.62
2021-04-19,1 wk ahead inc death,2021-04-24,06,quantile,0.75,638.37
2021-04-19,2 wk ahead inc death,2021-05-01,06,quantile,0.75,606.68
2021-04-19,3 wk ahead inc death,2021-05-08,06,quantile,0.75,568.11
2021-04-19,4 wk ahead inc death,2021-05-15,06,quantile,0.75,530.7
2021-04-19,1 wk ahead inc death,2021-04-24,06,quantile,0.8,668.43
2021-04-19,2 wk ahead inc death,2021-05-01,06,quantile,0.8,639.1
2021-04-19,3 wk ahead inc death,2021-05-08,06,quantile,0.8,600.51
2021-04-19,4 wk ahead inc death,2021-05-15,06,quantile,0.8,563.09
2021-04-19,1 wk ahead inc death,2021-04-24,06,quantile,0.85,703.47
2021-04-19,2 wk ahead inc death,2021-05-01,06,quantile,0.85,676.88
2021-04-19,3 wk ahead inc death,2021-05-08,06,quantile,0.85,638.28
2021-04-19,4 wk ahead inc death,2021-05-15,06,quantile,0.85,600.84
2021-04-19,1 wk ahead inc death,2021-04-24,06,quantile,0.9,747.56
2021-04-19,2 wk ahead inc death,2021-05-01,06,quantile,0.9,724.42
2021-04-19,3 wk ahead inc death,2021-05-08,06,quantile,0.9,685.8
2021-04-19,4 wk ahead inc death,2021-05-15,06,quantile,0.9,648.33
2021-04-19,1 wk ahead inc death,2021-04-24,06,quantile,0.95,812.9
2021-04-19,2 wk ahead inc death,2021-05-01,06,quantile,0.95,794.89
2021-04-19,3 wk ahead inc death,2021-05-08,06,quantile,0.95,756.23
2021-04-19,4 wk ahead inc death,2021-05-15,06,quantile,0.95,718.73
2021-04-19,1 wk ahead inc death,2021-04-24,06,quantile,0.975,869.58
2021-04-19,2 wk ahead inc death,2021-05-01,06,quantile,0.975,856
2021-04-19,3 wk ahead inc death,2021-05-08,06,quantile,0.975,817.31
2021-04-19,4 wk ahead inc death,2021-05-15,06,quantile,0.975,779.79
2021-04-19,1 wk ahead inc death,2021-04-24,06,quantile,0.99,935.48
2021-04-19,2 wk ahead inc death,2021-05-01,06,quantile,0.99,927.06
2021-04-19,3 wk ahead inc death,2021-05-08,06,quantile,0.99,888.34
2021-04-19,4 wk ahead inc death,2021-05-15,06,quantile,0.99,850.78
2021-04-19,1 wk ahead inc death,2021-04-24,06,point,NA,517.05
2021-04-19,2 wk ahead inc death,2021-05-01,06,point,NA,475.87
2021-04-19,3 wk ahead inc death,2021-05-08,06,point,NA,437.36
2021-04-19,4 wk ahead inc death,2021-05-15,06,point,NA,400.01
