forecast_date,target,target_end_date,location,type,quantile,value
2021-04-05,1 wk ahead inc case,2021-04-10,06,quantile,0.025,8676
2021-04-05,2 wk ahead inc case,2021-04-17,06,quantile,0.025,5985
2021-04-05,3 wk ahead inc case,2021-04-24,06,quantile,0.025,4136
2021-04-05,4 wk ahead inc case,2021-05-01,06,quantile,0.025,2683
2021-04-05,1 wk ahead inc case,2021-04-10,06,quantile,0.1,10453
2021-04-05,2 wk ahead inc case,2021-04-17,06,quantile,0.1,7704
2021-04-05,3 wk ahead inc case,2021-04-24,06,quantile,0.1,5651
2021-04-05,4 wk ahead inc case,2021-05-01,06,quantile,0.1,4006
2021-04-05,1 wk ahead inc case,2021-04-10,06,quantile,0.25,12043
2021-04-05,2 wk ahead inc case,2021-04-17,06,quantile,0.25,9243
2021-04-05,3 wk ahead inc case,2021-04-24,06,quantile,0.25,7006
2021-04-05,4 wk ahead inc case,2021-05-01,06,quantile,0.25,5190
2021-04-05,1 wk ahead inc case,2021-04-10,06,quantile,0.5,13810
2021-04-05,2 wk ahead inc case,2021-04-17,06,quantile,0.5,10953
2021-04-05,3 wk ahead inc case,2021-04-24,06,quantile,0.5,8512
2021-04-05,4 wk ahead inc case,2021-05-01,06,quantile,0.5,6505
2021-04-05,1 wk ahead inc case,2021-04-10,06,quantile,0.75,15576
2021-04-05,2 wk ahead inc case,2021-04-17,06,quantile,0.75,12662
2021-04-05,3 wk ahead inc case,2021-04-24,06,quantile,0.75,10018
2021-04-05,4 wk ahead inc case,2021-05-01,06,quantile,0.75,7820
2021-04-05,1 wk ahead inc case,2021-04-10,06,quantile,0.9,17167
2021-04-05,2 wk ahead inc case,2021-04-17,06,quantile,0.9,14201
2021-04-05,3 wk ahead inc case,2021-04-24,06,quantile,0.9,11373
2021-04-05,4 wk ahead inc case,2021-05-01,06,quantile,0.9,9004
2021-04-05,1 wk ahead inc case,2021-04-10,06,quantile,0.975,18944
2021-04-05,2 wk ahead inc case,2021-04-17,06,quantile,0.975,15920
2021-04-05,3 wk ahead inc case,2021-04-24,06,quantile,0.975,12888
2021-04-05,4 wk ahead inc case,2021-05-01,06,quantile,0.975,10327
2021-04-05,1 wk ahead inc case,2021-04-10,06,point,NA,13810
2021-04-05,2 wk ahead inc case,2021-04-17,06,point,NA,10953
2021-04-05,3 wk ahead inc case,2021-04-24,06,point,NA,8512
2021-04-05,4 wk ahead inc case,2021-05-01,06,point,NA,6505
2021-04-05,1 day ahead inc hosp,2021-04-06,06,quantile,0.01,94.4201
2021-04-05,2 day ahead inc hosp,2021-04-07,06,quantile,0.01,86.9316
2021-04-05,3 day ahead inc hosp,2021-04-08,06,quantile,0.01,79.547
2021-04-05,4 day ahead inc hosp,2021-04-09,06,quantile,0.01,72.2901
2021-04-05,5 day ahead inc hosp,2021-04-10,06,quantile,0.01,65.1755
2021-04-05,6 day ahead inc hosp,2021-04-11,06,quantile,0.01,58.2121
2021-04-05,7 day ahead inc hosp,2021-04-12,06,quantile,0.01,51.4052
2021-04-05,8 day ahead inc hosp,2021-04-13,06,quantile,0.01,44.7577
2021-04-05,9 day ahead inc hosp,2021-04-14,06,quantile,0.01,38.2707
2021-04-05,10 day ahead inc hosp,2021-04-15,06,quantile,0.01,31.9448
2021-04-05,11 day ahead inc hosp,2021-04-16,06,quantile,0.01,25.7795
2021-04-05,12 day ahead inc hosp,2021-04-17,06,quantile,0.01,19.774
2021-04-05,13 day ahead inc hosp,2021-04-18,06,quantile,0.01,13.9271
2021-04-05,14 day ahead inc hosp,2021-04-19,06,quantile,0.01,8.2374
2021-04-05,15 day ahead inc hosp,2021-04-20,06,quantile,0.01,2.7033
2021-04-05,16 day ahead inc hosp,2021-04-21,06,quantile,0.01,0
2021-04-05,17 day ahead inc hosp,2021-04-22,06,quantile,0.01,0
2021-04-05,18 day ahead inc hosp,2021-04-23,06,quantile,0.01,0
2021-04-05,19 day ahead inc hosp,2021-04-24,06,quantile,0.01,0
2021-04-05,20 day ahead inc hosp,2021-04-25,06,quantile,0.01,0
2021-04-05,21 day ahead inc hosp,2021-04-26,06,quantile,0.01,0
2021-04-05,22 day ahead inc hosp,2021-04-27,06,quantile,0.01,0
2021-04-05,23 day ahead inc hosp,2021-04-28,06,quantile,0.01,0
2021-04-05,24 day ahead inc hosp,2021-04-29,06,quantile,0.01,0
2021-04-05,25 day ahead inc hosp,2021-04-30,06,quantile,0.01,0
2021-04-05,26 day ahead inc hosp,2021-05-01,06,quantile,0.01,0
2021-04-05,27 day ahead inc hosp,2021-05-02,06,quantile,0.01,0
2021-04-05,28 day ahead inc hosp,2021-05-03,06,quantile,0.01,0
2021-04-05,1 day ahead inc hosp,2021-04-06,06,quantile,0.025,117.7767
2021-04-05,2 day ahead inc hosp,2021-04-07,06,quantile,0.025,110.2647
2021-04-05,3 day ahead inc hosp,2021-04-08,06,quantile,0.025,102.8569
2021-04-05,4 day ahead inc hosp,2021-04-09,06,quantile,0.025,95.5772
2021-04-05,5 day ahead inc hosp,2021-04-10,06,quantile,0.025,88.4402
2021-04-05,6 day ahead inc hosp,2021-04-11,06,quantile,0.025,81.4549
2021-04-05,7 day ahead inc hosp,2021-04-12,06,quantile,0.025,74.6266
2021-04-05,8 day ahead inc hosp,2021-04-13,06,quantile,0.025,67.958
2021-04-05,9 day ahead inc hosp,2021-04-14,06,quantile,0.025,61.4505
2021-04-05,10 day ahead inc hosp,2021-04-15,06,quantile,0.025,55.1045
2021-04-05,11 day ahead inc hosp,2021-04-16,06,quantile,0.025,48.9197
2021-04-05,12 day ahead inc hosp,2021-04-17,06,quantile,0.025,42.8951
2021-04-05,13 day ahead inc hosp,2021-04-18,06,quantile,0.025,37.0297
2021-04-05,14 day ahead inc hosp,2021-04-19,06,quantile,0.025,31.3219
2021-04-05,15 day ahead inc hosp,2021-04-20,06,quantile,0.025,25.7702
2021-04-05,16 day ahead inc hosp,2021-04-21,06,quantile,0.025,20.3728
2021-04-05,17 day ahead inc hosp,2021-04-22,06,quantile,0.025,15.1277
2021-04-05,18 day ahead inc hosp,2021-04-23,06,quantile,0.025,10.033
2021-04-05,19 day ahead inc hosp,2021-04-24,06,quantile,0.025,5.0864
2021-04-05,20 day ahead inc hosp,2021-04-25,06,quantile,0.025,0.2858
2021-04-05,21 day ahead inc hosp,2021-04-26,06,quantile,0.025,0
2021-04-05,22 day ahead inc hosp,2021-04-27,06,quantile,0.025,0
2021-04-05,23 day ahead inc hosp,2021-04-28,06,quantile,0.025,0
2021-04-05,24 day ahead inc hosp,2021-04-29,06,quantile,0.025,0
2021-04-05,25 day ahead inc hosp,2021-04-30,06,quantile,0.025,0
2021-04-05,26 day ahead inc hosp,2021-05-01,06,quantile,0.025,0
2021-04-05,27 day ahead inc hosp,2021-05-02,06,quantile,0.025,0
2021-04-05,28 day ahead inc hosp,2021-05-03,06,quantile,0.025,0
2021-04-05,1 day ahead inc hosp,2021-04-06,06,quantile,0.05,137.8646
2021-04-05,2 day ahead inc hosp,2021-04-07,06,quantile,0.05,130.3324
2021-04-05,3 day ahead inc hosp,2021-04-08,06,quantile,0.05,122.9047
2021-04-05,4 day ahead inc hosp,2021-04-09,06,quantile,0.05,115.6054
2021-04-05,5 day ahead inc hosp,2021-04-10,06,quantile,0.05,108.4492
2021-04-05,6 day ahead inc hosp,2021-04-11,06,quantile,0.05,101.445
2021-04-05,7 day ahead inc hosp,2021-04-12,06,quantile,0.05,94.5982
2021-04-05,8 day ahead inc hosp,2021-04-13,06,quantile,0.05,87.9115
2021-04-05,9 day ahead inc hosp,2021-04-14,06,quantile,0.05,81.3864
2021-04-05,10 day ahead inc hosp,2021-04-15,06,quantile,0.05,75.0232
2021-04-05,11 day ahead inc hosp,2021-04-16,06,quantile,0.05,68.8215
2021-04-05,12 day ahead inc hosp,2021-04-17,06,quantile,0.05,62.7805
2021-04-05,13 day ahead inc hosp,2021-04-18,06,quantile,0.05,56.8991
2021-04-05,14 day ahead inc hosp,2021-04-19,06,quantile,0.05,51.1758
2021-04-05,15 day ahead inc hosp,2021-04-20,06,quantile,0.05,45.609
2021-04-05,16 day ahead inc hosp,2021-04-21,06,quantile,0.05,40.1968
2021-04-05,17 day ahead inc hosp,2021-04-22,06,quantile,0.05,34.9374
2021-04-05,18 day ahead inc hosp,2021-04-23,06,quantile,0.05,29.8287
2021-04-05,19 day ahead inc hosp,2021-04-24,06,quantile,0.05,24.8687
2021-04-05,20 day ahead inc hosp,2021-04-25,06,quantile,0.05,20.055
2021-04-05,21 day ahead inc hosp,2021-04-26,06,quantile,0.05,15.3853
2021-04-05,22 day ahead inc hosp,2021-04-27,06,quantile,0.05,10.8574
2021-04-05,23 day ahead inc hosp,2021-04-28,06,quantile,0.05,6.4687
2021-04-05,24 day ahead inc hosp,2021-04-29,06,quantile,0.05,2.2169
2021-04-05,25 day ahead inc hosp,2021-04-30,06,quantile,0.05,0
2021-04-05,26 day ahead inc hosp,2021-05-01,06,quantile,0.05,0
2021-04-05,27 day ahead inc hosp,2021-05-02,06,quantile,0.05,0
2021-04-05,28 day ahead inc hosp,2021-05-03,06,quantile,0.05,0
2021-04-05,1 day ahead inc hosp,2021-04-06,06,quantile,0.1,161.0247
2021-04-05,2 day ahead inc hosp,2021-04-07,06,quantile,0.1,153.4693
2021-04-05,3 day ahead inc hosp,2021-04-08,06,quantile,0.1,146.0186
2021-04-05,4 day ahead inc hosp,2021-04-09,06,quantile,0.1,138.6967
2021-04-05,5 day ahead inc hosp,2021-04-10,06,quantile,0.1,131.5183
2021-04-05,6 day ahead inc hosp,2021-04-11,06,quantile,0.1,124.4923
2021-04-05,7 day ahead inc hosp,2021-04-12,06,quantile,0.1,117.6241
2021-04-05,8 day ahead inc hosp,2021-04-13,06,quantile,0.1,110.9166
2021-04-05,9 day ahead inc hosp,2021-04-14,06,quantile,0.1,104.3712
2021-04-05,10 day ahead inc hosp,2021-04-15,06,quantile,0.1,97.9881
2021-04-05,11 day ahead inc hosp,2021-04-16,06,quantile,0.1,91.767
2021-04-05,12 day ahead inc hosp,2021-04-17,06,quantile,0.1,85.7072
2021-04-05,13 day ahead inc hosp,2021-04-18,06,quantile,0.1,79.8073
2021-04-05,14 day ahead inc hosp,2021-04-19,06,quantile,0.1,74.0661
2021-04-05,15 day ahead inc hosp,2021-04-20,06,quantile,0.1,68.4818
2021-04-05,16 day ahead inc hosp,2021-04-21,06,quantile,0.1,63.0526
2021-04-05,17 day ahead inc hosp,2021-04-22,06,quantile,0.1,57.7767
2021-04-05,18 day ahead inc hosp,2021-04-23,06,quantile,0.1,52.652
2021-04-05,19 day ahead inc hosp,2021-04-24,06,quantile,0.1,47.6764
2021-04-05,20 day ahead inc hosp,2021-04-25,06,quantile,0.1,42.8475
2021-04-05,21 day ahead inc hosp,2021-04-26,06,quantile,0.1,38.1632
2021-04-05,22 day ahead inc hosp,2021-04-27,06,quantile,0.1,33.621
2021-04-05,23 day ahead inc hosp,2021-04-28,06,quantile,0.1,29.2185
2021-04-05,24 day ahead inc hosp,2021-04-29,06,quantile,0.1,24.9533
2021-04-05,25 day ahead inc hosp,2021-04-30,06,quantile,0.1,20.8227
2021-04-05,26 day ahead inc hosp,2021-05-01,06,quantile,0.1,16.8242
2021-04-05,27 day ahead inc hosp,2021-05-02,06,quantile,0.1,12.9552
2021-04-05,28 day ahead inc hosp,2021-05-03,06,quantile,0.1,9.2131
2021-04-05,1 day ahead inc hosp,2021-04-06,06,quantile,0.15,176.6507
2021-04-05,2 day ahead inc hosp,2021-04-07,06,quantile,0.15,169.0796
2021-04-05,3 day ahead inc hosp,2021-04-08,06,quantile,0.15,161.6134
2021-04-05,4 day ahead inc hosp,2021-04-09,06,quantile,0.15,154.2762
2021-04-05,5 day ahead inc hosp,2021-04-10,06,quantile,0.15,147.0828
2021-04-05,6 day ahead inc hosp,2021-04-11,06,quantile,0.15,140.0422
2021-04-05,7 day ahead inc hosp,2021-04-12,06,quantile,0.15,133.1597
2021-04-05,8 day ahead inc hosp,2021-04-13,06,quantile,0.15,126.4381
2021-04-05,9 day ahead inc hosp,2021-04-14,06,quantile,0.15,119.8789
2021-04-05,10 day ahead inc hosp,2021-04-15,06,quantile,0.15,113.4824
2021-04-05,11 day ahead inc hosp,2021-04-16,06,quantile,0.15,107.2483
2021-04-05,12 day ahead inc hosp,2021-04-17,06,quantile,0.15,101.1757
2021-04-05,13 day ahead inc hosp,2021-04-18,06,quantile,0.15,95.2634
2021-04-05,14 day ahead inc hosp,2021-04-19,06,quantile,0.15,89.51
2021-04-05,15 day ahead inc hosp,2021-04-20,06,quantile,0.15,83.914
2021-04-05,16 day ahead inc hosp,2021-04-21,06,quantile,0.15,78.4734
2021-04-05,17 day ahead inc hosp,2021-04-22,06,quantile,0.15,73.1863
2021-04-05,18 day ahead inc hosp,2021-04-23,06,quantile,0.15,68.0508
2021-04-05,19 day ahead inc hosp,2021-04-24,06,quantile,0.15,63.0646
2021-04-05,20 day ahead inc hosp,2021-04-25,06,quantile,0.15,58.2255
2021-04-05,21 day ahead inc hosp,2021-04-26,06,quantile,0.15,53.5313
2021-04-05,22 day ahead inc hosp,2021-04-27,06,quantile,0.15,48.9795
2021-04-05,23 day ahead inc hosp,2021-04-28,06,quantile,0.15,44.5677
2021-04-05,24 day ahead inc hosp,2021-04-29,06,quantile,0.15,40.2934
2021-04-05,25 day ahead inc hosp,2021-04-30,06,quantile,0.15,36.1541
2021-04-05,26 day ahead inc hosp,2021-05-01,06,quantile,0.15,32.1471
2021-04-05,27 day ahead inc hosp,2021-05-02,06,quantile,0.15,28.27
2021-04-05,28 day ahead inc hosp,2021-05-03,06,quantile,0.15,24.5199
2021-04-05,1 day ahead inc hosp,2021-04-06,06,quantile,0.2,189.0697
2021-04-05,2 day ahead inc hosp,2021-04-07,06,quantile,0.2,181.4862
2021-04-05,3 day ahead inc hosp,2021-04-08,06,quantile,0.2,174.0077
2021-04-05,4 day ahead inc hosp,2021-04-09,06,quantile,0.2,166.6584
2021-04-05,5 day ahead inc hosp,2021-04-10,06,quantile,0.2,159.4531
2021-04-05,6 day ahead inc hosp,2021-04-11,06,quantile,0.2,152.4008
2021-04-05,7 day ahead inc hosp,2021-04-12,06,quantile,0.2,145.5068
2021-04-05,8 day ahead inc hosp,2021-04-13,06,quantile,0.2,138.7741
2021-04-05,9 day ahead inc hosp,2021-04-14,06,quantile,0.2,132.204
2021-04-05,10 day ahead inc hosp,2021-04-15,06,quantile,0.2,125.7968
2021-04-05,11 day ahead inc hosp,2021-04-16,06,quantile,0.2,119.5523
2021-04-05,12 day ahead inc hosp,2021-04-17,06,quantile,0.2,113.4695
2021-04-05,13 day ahead inc hosp,2021-04-18,06,quantile,0.2,107.5474
2021-04-05,14 day ahead inc hosp,2021-04-19,06,quantile,0.2,101.7844
2021-04-05,15 day ahead inc hosp,2021-04-20,06,quantile,0.2,96.179
2021-04-05,16 day ahead inc hosp,2021-04-21,06,quantile,0.2,90.7293
2021-04-05,17 day ahead inc hosp,2021-04-22,06,quantile,0.2,85.4334
2021-04-05,18 day ahead inc hosp,2021-04-23,06,quantile,0.2,80.2892
2021-04-05,19 day ahead inc hosp,2021-04-24,06,quantile,0.2,75.2947
2021-04-05,20 day ahead inc hosp,2021-04-25,06,quantile,0.2,70.4475
2021-04-05,21 day ahead inc hosp,2021-04-26,06,quantile,0.2,65.7454
2021-04-05,22 day ahead inc hosp,2021-04-27,06,quantile,0.2,61.186
2021-04-05,23 day ahead inc hosp,2021-04-28,06,quantile,0.2,56.7668
2021-04-05,24 day ahead inc hosp,2021-04-29,06,quantile,0.2,52.4853
2021-04-05,25 day ahead inc hosp,2021-04-30,06,quantile,0.2,48.339
2021-04-05,26 day ahead inc hosp,2021-05-01,06,quantile,0.2,44.3253
2021-04-05,27 day ahead inc hosp,2021-05-02,06,quantile,0.2,40.4416
2021-04-05,28 day ahead inc hosp,2021-05-03,06,quantile,0.2,36.6852
2021-04-05,1 day ahead inc hosp,2021-04-06,06,quantile,0.25,199.7242
2021-04-05,2 day ahead inc hosp,2021-04-07,06,quantile,0.25,192.1299
2021-04-05,3 day ahead inc hosp,2021-04-08,06,quantile,0.25,184.6409
2021-04-05,4 day ahead inc hosp,2021-04-09,06,quantile,0.25,177.2812
2021-04-05,5 day ahead inc hosp,2021-04-10,06,quantile,0.25,170.0656
2021-04-05,6 day ahead inc hosp,2021-04-11,06,quantile,0.25,163.0033
2021-04-05,7 day ahead inc hosp,2021-04-12,06,quantile,0.25,156.0995
2021-04-05,8 day ahead inc hosp,2021-04-13,06,quantile,0.25,149.3572
2021-04-05,9 day ahead inc hosp,2021-04-14,06,quantile,0.25,142.7778
2021-04-05,10 day ahead inc hosp,2021-04-15,06,quantile,0.25,136.3615
2021-04-05,11 day ahead inc hosp,2021-04-16,06,quantile,0.25,130.108
2021-04-05,12 day ahead inc hosp,2021-04-17,06,quantile,0.25,124.0166
2021-04-05,13 day ahead inc hosp,2021-04-18,06,quantile,0.25,118.086
2021-04-05,14 day ahead inc hosp,2021-04-19,06,quantile,0.25,112.3147
2021-04-05,15 day ahead inc hosp,2021-04-20,06,quantile,0.25,106.7013
2021-04-05,16 day ahead inc hosp,2021-04-21,06,quantile,0.25,101.2438
2021-04-05,17 day ahead inc hosp,2021-04-22,06,quantile,0.25,95.9402
2021-04-05,18 day ahead inc hosp,2021-04-23,06,quantile,0.25,90.7887
2021-04-05,19 day ahead inc hosp,2021-04-24,06,quantile,0.25,85.787
2021-04-05,20 day ahead inc hosp,2021-04-25,06,quantile,0.25,80.9329
2021-04-05,21 day ahead inc hosp,2021-04-26,06,quantile,0.25,76.224
2021-04-05,22 day ahead inc hosp,2021-04-27,06,quantile,0.25,71.658
2021-04-05,23 day ahead inc hosp,2021-04-28,06,quantile,0.25,67.2325
2021-04-05,24 day ahead inc hosp,2021-04-29,06,quantile,0.25,62.9448
2021-04-05,25 day ahead inc hosp,2021-04-30,06,quantile,0.25,58.7926
2021-04-05,26 day ahead inc hosp,2021-05-01,06,quantile,0.25,54.7731
2021-04-05,27 day ahead inc hosp,2021-05-02,06,quantile,0.25,50.8838
2021-04-05,28 day ahead inc hosp,2021-05-03,06,quantile,0.25,47.122
2021-04-05,1 day ahead inc hosp,2021-04-06,06,quantile,0.3,209.2922
2021-04-05,2 day ahead inc hosp,2021-04-07,06,quantile,0.3,201.6883
2021-04-05,3 day ahead inc hosp,2021-04-08,06,quantile,0.3,194.1898
2021-04-05,4 day ahead inc hosp,2021-04-09,06,quantile,0.3,186.8207
2021-04-05,5 day ahead inc hosp,2021-04-10,06,quantile,0.3,179.596
2021-04-05,6 day ahead inc hosp,2021-04-11,06,quantile,0.3,172.5247
2021-04-05,7 day ahead inc hosp,2021-04-12,06,quantile,0.3,165.6122
2021-04-05,8 day ahead inc hosp,2021-04-13,06,quantile,0.3,158.8612
2021-04-05,9 day ahead inc hosp,2021-04-14,06,quantile,0.3,152.2734
2021-04-05,10 day ahead inc hosp,2021-04-15,06,quantile,0.3,145.8489
2021-04-05,11 day ahead inc hosp,2021-04-16,06,quantile,0.3,139.5874
2021-04-05,12 day ahead inc hosp,2021-04-17,06,quantile,0.3,133.4882
2021-04-05,13 day ahead inc hosp,2021-04-18,06,quantile,0.3,127.5499
2021-04-05,14 day ahead inc hosp,2021-04-19,06,quantile,0.3,121.7713
2021-04-05,15 day ahead inc hosp,2021-04-20,06,quantile,0.3,116.1506
2021-04-05,16 day ahead inc hosp,2021-04-21,06,quantile,0.3,110.6861
2021-04-05,17 day ahead inc hosp,2021-04-22,06,quantile,0.3,105.3758
2021-04-05,18 day ahead inc hosp,2021-04-23,06,quantile,0.3,100.2176
2021-04-05,19 day ahead inc hosp,2021-04-24,06,quantile,0.3,95.2094
2021-04-05,20 day ahead inc hosp,2021-04-25,06,quantile,0.3,90.349
2021-04-05,21 day ahead inc hosp,2021-04-26,06,quantile,0.3,85.6341
2021-04-05,22 day ahead inc hosp,2021-04-27,06,quantile,0.3,81.0622
2021-04-05,23 day ahead inc hosp,2021-04-28,06,quantile,0.3,76.631
2021-04-05,24 day ahead inc hosp,2021-04-29,06,quantile,0.3,72.3378
2021-04-05,25 day ahead inc hosp,2021-04-30,06,quantile,0.3,68.1802
2021-04-05,26 day ahead inc hosp,2021-05-01,06,quantile,0.3,64.1556
2021-04-05,27 day ahead inc hosp,2021-05-02,06,quantile,0.3,60.2613
2021-04-05,28 day ahead inc hosp,2021-05-03,06,quantile,0.3,56.4946
2021-04-05,1 day ahead inc hosp,2021-04-06,06,quantile,0.35,218.1584
2021-04-05,2 day ahead inc hosp,2021-04-07,06,quantile,0.35,210.5456
2021-04-05,3 day ahead inc hosp,2021-04-08,06,quantile,0.35,203.0383
2021-04-05,4 day ahead inc hosp,2021-04-09,06,quantile,0.35,195.6606
2021-04-05,5 day ahead inc hosp,2021-04-10,06,quantile,0.35,188.4274
2021-04-05,6 day ahead inc hosp,2021-04-11,06,quantile,0.35,181.3477
2021-04-05,7 day ahead inc hosp,2021-04-12,06,quantile,0.35,174.427
2021-04-05,8 day ahead inc hosp,2021-04-13,06,quantile,0.35,167.6681
2021-04-05,9 day ahead inc hosp,2021-04-14,06,quantile,0.35,161.0724
2021-04-05,10 day ahead inc hosp,2021-04-15,06,quantile,0.35,154.6403
2021-04-05,11 day ahead inc hosp,2021-04-16,06,quantile,0.35,148.3715
2021-04-05,12 day ahead inc hosp,2021-04-17,06,quantile,0.35,142.265
2021-04-05,13 day ahead inc hosp,2021-04-18,06,quantile,0.35,136.3197
2021-04-05,14 day ahead inc hosp,2021-04-19,06,quantile,0.35,130.5342
2021-04-05,15 day ahead inc hosp,2021-04-20,06,quantile,0.35,124.9068
2021-04-05,16 day ahead inc hosp,2021-04-21,06,quantile,0.35,119.4358
2021-04-05,17 day ahead inc hosp,2021-04-22,06,quantile,0.35,114.1191
2021-04-05,18 day ahead inc hosp,2021-04-23,06,quantile,0.35,108.9548
2021-04-05,19 day ahead inc hosp,2021-04-24,06,quantile,0.35,103.9407
2021-04-05,20 day ahead inc hosp,2021-04-25,06,quantile,0.35,99.0745
2021-04-05,21 day ahead inc hosp,2021-04-26,06,quantile,0.35,94.354
2021-04-05,22 day ahead inc hosp,2021-04-27,06,quantile,0.35,89.7766
2021-04-05,23 day ahead inc hosp,2021-04-28,06,quantile,0.35,85.3401
2021-04-05,24 day ahead inc hosp,2021-04-29,06,quantile,0.35,81.0418
2021-04-05,25 day ahead inc hosp,2021-04-30,06,quantile,0.35,76.8792
2021-04-05,26 day ahead inc hosp,2021-05-01,06,quantile,0.35,72.8498
2021-04-05,27 day ahead inc hosp,2021-05-02,06,quantile,0.35,68.9508
2021-04-05,28 day ahead inc hosp,2021-05-03,06,quantile,0.35,65.1797
2021-04-05,1 day ahead inc hosp,2021-04-06,06,quantile,0.4,226.5715
2021-04-05,2 day ahead inc hosp,2021-04-07,06,quantile,0.4,218.9503
2021-04-05,3 day ahead inc hosp,2021-04-08,06,quantile,0.4,211.4347
2021-04-05,4 day ahead inc hosp,2021-04-09,06,quantile,0.4,204.0487
2021-04-05,5 day ahead inc hosp,2021-04-10,06,quantile,0.4,196.8075
2021-04-05,6 day ahead inc hosp,2021-04-11,06,quantile,0.4,189.7199
2021-04-05,7 day ahead inc hosp,2021-04-12,06,quantile,0.4,182.7914
2021-04-05,8 day ahead inc hosp,2021-04-13,06,quantile,0.4,176.025
2021-04-05,9 day ahead inc hosp,2021-04-14,06,quantile,0.4,169.4219
2021-04-05,10 day ahead inc hosp,2021-04-15,06,quantile,0.4,162.9826
2021-04-05,11 day ahead inc hosp,2021-04-16,06,quantile,0.4,156.7067
2021-04-05,12 day ahead inc hosp,2021-04-17,06,quantile,0.4,150.5933
2021-04-05,13 day ahead inc hosp,2021-04-18,06,quantile,0.4,144.6414
2021-04-05,14 day ahead inc hosp,2021-04-19,06,quantile,0.4,138.8493
2021-04-05,15 day ahead inc hosp,2021-04-20,06,quantile,0.4,133.2156
2021-04-05,16 day ahead inc hosp,2021-04-21,06,quantile,0.4,127.7384
2021-04-05,17 day ahead inc hosp,2021-04-22,06,quantile,0.4,122.4158
2021-04-05,18 day ahead inc hosp,2021-04-23,06,quantile,0.4,117.2456
2021-04-05,19 day ahead inc hosp,2021-04-24,06,quantile,0.4,112.2259
2021-04-05,20 day ahead inc hosp,2021-04-25,06,quantile,0.4,107.3542
2021-04-05,21 day ahead inc hosp,2021-04-26,06,quantile,0.4,102.6283
2021-04-05,22 day ahead inc hosp,2021-04-27,06,quantile,0.4,98.0458
2021-04-05,23 day ahead inc hosp,2021-04-28,06,quantile,0.4,93.6042
2021-04-05,24 day ahead inc hosp,2021-04-29,06,quantile,0.4,89.3011
2021-04-05,25 day ahead inc hosp,2021-04-30,06,quantile,0.4,85.1338
2021-04-05,26 day ahead inc hosp,2021-05-01,06,quantile,0.4,81.0998
2021-04-05,27 day ahead inc hosp,2021-05-02,06,quantile,0.4,77.1964
2021-04-05,28 day ahead inc hosp,2021-05-03,06,quantile,0.4,73.421
2021-04-05,1 day ahead inc hosp,2021-04-06,06,quantile,0.45,234.7113
2021-04-05,2 day ahead inc hosp,2021-04-07,06,quantile,0.45,227.082
2021-04-05,3 day ahead inc hosp,2021-04-08,06,quantile,0.45,219.5582
2021-04-05,4 day ahead inc hosp,2021-04-09,06,quantile,0.45,212.1644
2021-04-05,5 day ahead inc hosp,2021-04-10,06,quantile,0.45,204.9153
2021-04-05,6 day ahead inc hosp,2021-04-11,06,quantile,0.45,197.8201
2021-04-05,7 day ahead inc hosp,2021-04-12,06,quantile,0.45,190.8841
2021-04-05,8 day ahead inc hosp,2021-04-13,06,quantile,0.45,184.1103
2021-04-05,9 day ahead inc hosp,2021-04-14,06,quantile,0.45,177.5001
2021-04-05,10 day ahead inc hosp,2021-04-15,06,quantile,0.45,171.0538
2021-04-05,11 day ahead inc hosp,2021-04-16,06,quantile,0.45,164.7711
2021-04-05,12 day ahead inc hosp,2021-04-17,06,quantile,0.45,158.6511
2021-04-05,13 day ahead inc hosp,2021-04-18,06,quantile,0.45,152.6927
2021-04-05,14 day ahead inc hosp,2021-04-19,06,quantile,0.45,146.8943
2021-04-05,15 day ahead inc hosp,2021-04-20,06,quantile,0.45,141.2545
2021-04-05,16 day ahead inc hosp,2021-04-21,06,quantile,0.45,135.7713
2021-04-05,17 day ahead inc hosp,2021-04-22,06,quantile,0.45,130.4429
2021-04-05,18 day ahead inc hosp,2021-04-23,06,quantile,0.45,125.2671
2021-04-05,19 day ahead inc hosp,2021-04-24,06,quantile,0.45,120.2418
2021-04-05,20 day ahead inc hosp,2021-04-25,06,quantile,0.45,115.3648
2021-04-05,21 day ahead inc hosp,2021-04-26,06,quantile,0.45,110.6338
2021-04-05,22 day ahead inc hosp,2021-04-27,06,quantile,0.45,106.0462
2021-04-05,23 day ahead inc hosp,2021-04-28,06,quantile,0.45,101.5998
2021-04-05,24 day ahead inc hosp,2021-04-29,06,quantile,0.45,97.292
2021-04-05,25 day ahead inc hosp,2021-04-30,06,quantile,0.45,93.1201
2021-04-05,26 day ahead inc hosp,2021-05-01,06,quantile,0.45,89.0817
2021-04-05,27 day ahead inc hosp,2021-05-02,06,quantile,0.45,85.1741
2021-04-05,28 day ahead inc hosp,2021-05-03,06,quantile,0.45,81.3945
2021-04-05,1 day ahead inc hosp,2021-04-06,06,quantile,0.5,242.7221
2021-04-05,2 day ahead inc hosp,2021-04-07,06,quantile,0.5,235.0847
2021-04-05,3 day ahead inc hosp,2021-04-08,06,quantile,0.5,227.553
2021-04-05,4 day ahead inc hosp,2021-04-09,06,quantile,0.5,220.1513
2021-04-05,5 day ahead inc hosp,2021-04-10,06,quantile,0.5,212.8946
2021-04-05,6 day ahead inc hosp,2021-04-11,06,quantile,0.5,205.7918
2021-04-05,7 day ahead inc hosp,2021-04-12,06,quantile,0.5,198.8485
2021-04-05,8 day ahead inc hosp,2021-04-13,06,quantile,0.5,192.0675
2021-04-05,9 day ahead inc hosp,2021-04-14,06,quantile,0.5,185.4503
2021-04-05,10 day ahead inc hosp,2021-04-15,06,quantile,0.5,178.9971
2021-04-05,11 day ahead inc hosp,2021-04-16,06,quantile,0.5,172.7077
2021-04-05,12 day ahead inc hosp,2021-04-17,06,quantile,0.5,166.5811
2021-04-05,13 day ahead inc hosp,2021-04-18,06,quantile,0.5,160.6163
2021-04-05,14 day ahead inc hosp,2021-04-19,06,quantile,0.5,154.8118
2021-04-05,15 day ahead inc hosp,2021-04-20,06,quantile,0.5,149.1659
2021-04-05,16 day ahead inc hosp,2021-04-21,06,quantile,0.5,143.6768
2021-04-05,17 day ahead inc hosp,2021-04-22,06,quantile,0.5,138.3427
2021-04-05,18 day ahead inc hosp,2021-04-23,06,quantile,0.5,133.1614
2021-04-05,19 day ahead inc hosp,2021-04-24,06,quantile,0.5,128.1307
2021-04-05,20 day ahead inc hosp,2021-04-25,06,quantile,0.5,123.2485
2021-04-05,21 day ahead inc hosp,2021-04-26,06,quantile,0.5,118.5123
2021-04-05,22 day ahead inc hosp,2021-04-27,06,quantile,0.5,113.9199
2021-04-05,23 day ahead inc hosp,2021-04-28,06,quantile,0.5,109.4687
2021-04-05,24 day ahead inc hosp,2021-04-29,06,quantile,0.5,105.1562
2021-04-05,25 day ahead inc hosp,2021-04-30,06,quantile,0.5,100.9799
2021-04-05,26 day ahead inc hosp,2021-05-01,06,quantile,0.5,96.9371
2021-04-05,27 day ahead inc hosp,2021-05-02,06,quantile,0.5,93.0253
2021-04-05,28 day ahead inc hosp,2021-05-03,06,quantile,0.5,89.2417
2021-04-05,1 day ahead inc hosp,2021-04-06,06,quantile,0.55,250.7329
2021-04-05,2 day ahead inc hosp,2021-04-07,06,quantile,0.55,243.0874
2021-04-05,3 day ahead inc hosp,2021-04-08,06,quantile,0.55,235.5478
2021-04-05,4 day ahead inc hosp,2021-04-09,06,quantile,0.55,228.1383
2021-04-05,5 day ahead inc hosp,2021-04-10,06,quantile,0.55,220.8738
2021-04-05,6 day ahead inc hosp,2021-04-11,06,quantile,0.55,213.7636
2021-04-05,7 day ahead inc hosp,2021-04-12,06,quantile,0.55,206.8129
2021-04-05,8 day ahead inc hosp,2021-04-13,06,quantile,0.55,200.0247
2021-04-05,9 day ahead inc hosp,2021-04-14,06,quantile,0.55,193.4004
2021-04-05,10 day ahead inc hosp,2021-04-15,06,quantile,0.55,186.9404
2021-04-05,11 day ahead inc hosp,2021-04-16,06,quantile,0.55,180.6442
2021-04-05,12 day ahead inc hosp,2021-04-17,06,quantile,0.55,174.5111
2021-04-05,13 day ahead inc hosp,2021-04-18,06,quantile,0.55,168.54
2021-04-05,14 day ahead inc hosp,2021-04-19,06,quantile,0.55,162.7292
2021-04-05,15 day ahead inc hosp,2021-04-20,06,quantile,0.55,157.0773
2021-04-05,16 day ahead inc hosp,2021-04-21,06,quantile,0.55,151.5824
2021-04-05,17 day ahead inc hosp,2021-04-22,06,quantile,0.55,146.2425
2021-04-05,18 day ahead inc hosp,2021-04-23,06,quantile,0.55,141.0556
2021-04-05,19 day ahead inc hosp,2021-04-24,06,quantile,0.55,136.0196
2021-04-05,20 day ahead inc hosp,2021-04-25,06,quantile,0.55,131.1321
2021-04-05,21 day ahead inc hosp,2021-04-26,06,quantile,0.55,126.3909
2021-04-05,22 day ahead inc hosp,2021-04-27,06,quantile,0.55,121.7935
2021-04-05,23 day ahead inc hosp,2021-04-28,06,quantile,0.55,117.3375
2021-04-05,24 day ahead inc hosp,2021-04-29,06,quantile,0.55,113.0204
2021-04-05,25 day ahead inc hosp,2021-04-30,06,quantile,0.55,108.8396
2021-04-05,26 day ahead inc hosp,2021-05-01,06,quantile,0.55,104.7925
2021-04-05,27 day ahead inc hosp,2021-05-02,06,quantile,0.55,100.8765
2021-04-05,28 day ahead inc hosp,2021-05-03,06,quantile,0.55,97.0888
2021-04-05,1 day ahead inc hosp,2021-04-06,06,quantile,0.6,258.8727
2021-04-05,2 day ahead inc hosp,2021-04-07,06,quantile,0.6,251.2191
2021-04-05,3 day ahead inc hosp,2021-04-08,06,quantile,0.6,243.6714
2021-04-05,4 day ahead inc hosp,2021-04-09,06,quantile,0.6,236.2539
2021-04-05,5 day ahead inc hosp,2021-04-10,06,quantile,0.6,228.9817
2021-04-05,6 day ahead inc hosp,2021-04-11,06,quantile,0.6,221.8638
2021-04-05,7 day ahead inc hosp,2021-04-12,06,quantile,0.6,214.9056
2021-04-05,8 day ahead inc hosp,2021-04-13,06,quantile,0.6,208.1101
2021-04-05,9 day ahead inc hosp,2021-04-14,06,quantile,0.6,201.4786
2021-04-05,10 day ahead inc hosp,2021-04-15,06,quantile,0.6,195.0116
2021-04-05,11 day ahead inc hosp,2021-04-16,06,quantile,0.6,188.7086
2021-04-05,12 day ahead inc hosp,2021-04-17,06,quantile,0.6,182.5689
2021-04-05,13 day ahead inc hosp,2021-04-18,06,quantile,0.6,176.5913
2021-04-05,14 day ahead inc hosp,2021-04-19,06,quantile,0.6,170.7742
2021-04-05,15 day ahead inc hosp,2021-04-20,06,quantile,0.6,165.1162
2021-04-05,16 day ahead inc hosp,2021-04-21,06,quantile,0.6,159.6153
2021-04-05,17 day ahead inc hosp,2021-04-22,06,quantile,0.6,154.2696
2021-04-05,18 day ahead inc hosp,2021-04-23,06,quantile,0.6,149.0771
2021-04-05,19 day ahead inc hosp,2021-04-24,06,quantile,0.6,144.0355
2021-04-05,20 day ahead inc hosp,2021-04-25,06,quantile,0.6,139.1427
2021-04-05,21 day ahead inc hosp,2021-04-26,06,quantile,0.6,134.3964
2021-04-05,22 day ahead inc hosp,2021-04-27,06,quantile,0.6,129.794
2021-04-05,23 day ahead inc hosp,2021-04-28,06,quantile,0.6,125.3331
2021-04-05,24 day ahead inc hosp,2021-04-29,06,quantile,0.6,121.0113
2021-04-05,25 day ahead inc hosp,2021-04-30,06,quantile,0.6,116.826
2021-04-05,26 day ahead inc hosp,2021-05-01,06,quantile,0.6,112.7745
2021-04-05,27 day ahead inc hosp,2021-05-02,06,quantile,0.6,108.8541
2021-04-05,28 day ahead inc hosp,2021-05-03,06,quantile,0.6,105.0623
2021-04-05,1 day ahead inc hosp,2021-04-06,06,quantile,0.65,267.2858
2021-04-05,2 day ahead inc hosp,2021-04-07,06,quantile,0.65,259.6238
2021-04-05,3 day ahead inc hosp,2021-04-08,06,quantile,0.65,252.0677
2021-04-05,4 day ahead inc hosp,2021-04-09,06,quantile,0.65,244.642
2021-04-05,5 day ahead inc hosp,2021-04-10,06,quantile,0.65,237.3617
2021-04-05,6 day ahead inc hosp,2021-04-11,06,quantile,0.65,230.2359
2021-04-05,7 day ahead inc hosp,2021-04-12,06,quantile,0.65,223.27
2021-04-05,8 day ahead inc hosp,2021-04-13,06,quantile,0.65,216.4669
2021-04-05,9 day ahead inc hosp,2021-04-14,06,quantile,0.65,209.8281
2021-04-05,10 day ahead inc hosp,2021-04-15,06,quantile,0.65,203.3538
2021-04-05,11 day ahead inc hosp,2021-04-16,06,quantile,0.65,197.0438
2021-04-05,12 day ahead inc hosp,2021-04-17,06,quantile,0.65,190.8973
2021-04-05,13 day ahead inc hosp,2021-04-18,06,quantile,0.65,184.9129
2021-04-05,14 day ahead inc hosp,2021-04-19,06,quantile,0.65,179.0894
2021-04-05,15 day ahead inc hosp,2021-04-20,06,quantile,0.65,173.425
2021-04-05,16 day ahead inc hosp,2021-04-21,06,quantile,0.65,167.9179
2021-04-05,17 day ahead inc hosp,2021-04-22,06,quantile,0.65,162.5662
2021-04-05,18 day ahead inc hosp,2021-04-23,06,quantile,0.65,157.3679
2021-04-05,19 day ahead inc hosp,2021-04-24,06,quantile,0.65,152.3207
2021-04-05,20 day ahead inc hosp,2021-04-25,06,quantile,0.65,147.4224
2021-04-05,21 day ahead inc hosp,2021-04-26,06,quantile,0.65,142.6707
2021-04-05,22 day ahead inc hosp,2021-04-27,06,quantile,0.65,138.0631
2021-04-05,23 day ahead inc hosp,2021-04-28,06,quantile,0.65,133.5972
2021-04-05,24 day ahead inc hosp,2021-04-29,06,quantile,0.65,129.2706
2021-04-05,25 day ahead inc hosp,2021-04-30,06,quantile,0.65,125.0805
2021-04-05,26 day ahead inc hosp,2021-05-01,06,quantile,0.65,121.0244
2021-04-05,27 day ahead inc hosp,2021-05-02,06,quantile,0.65,117.0997
2021-04-05,28 day ahead inc hosp,2021-05-03,06,quantile,0.65,113.3036
2021-04-05,1 day ahead inc hosp,2021-04-06,06,quantile,0.7,276.152
2021-04-05,2 day ahead inc hosp,2021-04-07,06,quantile,0.7,268.4811
2021-04-05,3 day ahead inc hosp,2021-04-08,06,quantile,0.7,260.9162
2021-04-05,4 day ahead inc hosp,2021-04-09,06,quantile,0.7,253.4819
2021-04-05,5 day ahead inc hosp,2021-04-10,06,quantile,0.7,246.1931
2021-04-05,6 day ahead inc hosp,2021-04-11,06,quantile,0.7,239.0589
2021-04-05,7 day ahead inc hosp,2021-04-12,06,quantile,0.7,232.0849
2021-04-05,8 day ahead inc hosp,2021-04-13,06,quantile,0.7,225.2738
2021-04-05,9 day ahead inc hosp,2021-04-14,06,quantile,0.7,218.6272
2021-04-05,10 day ahead inc hosp,2021-04-15,06,quantile,0.7,212.1453
2021-04-05,11 day ahead inc hosp,2021-04-16,06,quantile,0.7,205.8279
2021-04-05,12 day ahead inc hosp,2021-04-17,06,quantile,0.7,199.6741
2021-04-05,13 day ahead inc hosp,2021-04-18,06,quantile,0.7,193.6827
2021-04-05,14 day ahead inc hosp,2021-04-19,06,quantile,0.7,187.8523
2021-04-05,15 day ahead inc hosp,2021-04-20,06,quantile,0.7,182.1812
2021-04-05,16 day ahead inc hosp,2021-04-21,06,quantile,0.7,176.6676
2021-04-05,17 day ahead inc hosp,2021-04-22,06,quantile,0.7,171.3096
2021-04-05,18 day ahead inc hosp,2021-04-23,06,quantile,0.7,166.1051
2021-04-05,19 day ahead inc hosp,2021-04-24,06,quantile,0.7,161.052
2021-04-05,20 day ahead inc hosp,2021-04-25,06,quantile,0.7,156.1479
2021-04-05,21 day ahead inc hosp,2021-04-26,06,quantile,0.7,151.3905
2021-04-05,22 day ahead inc hosp,2021-04-27,06,quantile,0.7,146.7775
2021-04-05,23 day ahead inc hosp,2021-04-28,06,quantile,0.7,142.3064
2021-04-05,24 day ahead inc hosp,2021-04-29,06,quantile,0.7,137.9746
2021-04-05,25 day ahead inc hosp,2021-04-30,06,quantile,0.7,133.7795
2021-04-05,26 day ahead inc hosp,2021-05-01,06,quantile,0.7,129.7187
2021-04-05,27 day ahead inc hosp,2021-05-02,06,quantile,0.7,125.7893
2021-04-05,28 day ahead inc hosp,2021-05-03,06,quantile,0.7,121.9887
2021-04-05,1 day ahead inc hosp,2021-04-06,06,quantile,0.75,285.72
2021-04-05,2 day ahead inc hosp,2021-04-07,06,quantile,0.75,278.0395
2021-04-05,3 day ahead inc hosp,2021-04-08,06,quantile,0.75,270.4651
2021-04-05,4 day ahead inc hosp,2021-04-09,06,quantile,0.75,263.0215
2021-04-05,5 day ahead inc hosp,2021-04-10,06,quantile,0.75,255.7235
2021-04-05,6 day ahead inc hosp,2021-04-11,06,quantile,0.75,248.5804
2021-04-05,7 day ahead inc hosp,2021-04-12,06,quantile,0.75,241.5975
2021-04-05,8 day ahead inc hosp,2021-04-13,06,quantile,0.75,234.7778
2021-04-05,9 day ahead inc hosp,2021-04-14,06,quantile,0.75,228.1228
2021-04-05,10 day ahead inc hosp,2021-04-15,06,quantile,0.75,221.6327
2021-04-05,11 day ahead inc hosp,2021-04-16,06,quantile,0.75,215.3073
2021-04-05,12 day ahead inc hosp,2021-04-17,06,quantile,0.75,209.1457
2021-04-05,13 day ahead inc hosp,2021-04-18,06,quantile,0.75,203.1467
2021-04-05,14 day ahead inc hosp,2021-04-19,06,quantile,0.75,197.3088
2021-04-05,15 day ahead inc hosp,2021-04-20,06,quantile,0.75,191.6305
2021-04-05,16 day ahead inc hosp,2021-04-21,06,quantile,0.75,186.1099
2021-04-05,17 day ahead inc hosp,2021-04-22,06,quantile,0.75,180.7451
2021-04-05,18 day ahead inc hosp,2021-04-23,06,quantile,0.75,175.534
2021-04-05,19 day ahead inc hosp,2021-04-24,06,quantile,0.75,170.4744
2021-04-05,20 day ahead inc hosp,2021-04-25,06,quantile,0.75,165.564
2021-04-05,21 day ahead inc hosp,2021-04-26,06,quantile,0.75,160.8006
2021-04-05,22 day ahead inc hosp,2021-04-27,06,quantile,0.75,156.1817
2021-04-05,23 day ahead inc hosp,2021-04-28,06,quantile,0.75,151.7049
2021-04-05,24 day ahead inc hosp,2021-04-29,06,quantile,0.75,147.3676
2021-04-05,25 day ahead inc hosp,2021-04-30,06,quantile,0.75,143.1672
2021-04-05,26 day ahead inc hosp,2021-05-01,06,quantile,0.75,139.1011
2021-04-05,27 day ahead inc hosp,2021-05-02,06,quantile,0.75,135.1667
2021-04-05,28 day ahead inc hosp,2021-05-03,06,quantile,0.75,131.3613
2021-04-05,1 day ahead inc hosp,2021-04-06,06,quantile,0.8,296.3745
2021-04-05,2 day ahead inc hosp,2021-04-07,06,quantile,0.8,288.6832
2021-04-05,3 day ahead inc hosp,2021-04-08,06,quantile,0.8,281.0983
2021-04-05,4 day ahead inc hosp,2021-04-09,06,quantile,0.8,273.6442
2021-04-05,5 day ahead inc hosp,2021-04-10,06,quantile,0.8,266.336
2021-04-05,6 day ahead inc hosp,2021-04-11,06,quantile,0.8,259.1829
2021-04-05,7 day ahead inc hosp,2021-04-12,06,quantile,0.8,252.1902
2021-04-05,8 day ahead inc hosp,2021-04-13,06,quantile,0.8,245.361
2021-04-05,9 day ahead inc hosp,2021-04-14,06,quantile,0.8,238.6966
2021-04-05,10 day ahead inc hosp,2021-04-15,06,quantile,0.8,232.1974
2021-04-05,11 day ahead inc hosp,2021-04-16,06,quantile,0.8,225.863
2021-04-05,12 day ahead inc hosp,2021-04-17,06,quantile,0.8,219.6927
2021-04-05,13 day ahead inc hosp,2021-04-18,06,quantile,0.8,213.6852
2021-04-05,14 day ahead inc hosp,2021-04-19,06,quantile,0.8,207.8391
2021-04-05,15 day ahead inc hosp,2021-04-20,06,quantile,0.8,202.1528
2021-04-05,16 day ahead inc hosp,2021-04-21,06,quantile,0.8,196.6244
2021-04-05,17 day ahead inc hosp,2021-04-22,06,quantile,0.8,191.252
2021-04-05,18 day ahead inc hosp,2021-04-23,06,quantile,0.8,186.0335
2021-04-05,19 day ahead inc hosp,2021-04-24,06,quantile,0.8,180.9667
2021-04-05,20 day ahead inc hosp,2021-04-25,06,quantile,0.8,176.0494
2021-04-05,21 day ahead inc hosp,2021-04-26,06,quantile,0.8,171.2792
2021-04-05,22 day ahead inc hosp,2021-04-27,06,quantile,0.8,166.6538
2021-04-05,23 day ahead inc hosp,2021-04-28,06,quantile,0.8,162.1706
2021-04-05,24 day ahead inc hosp,2021-04-29,06,quantile,0.8,157.8271
2021-04-05,25 day ahead inc hosp,2021-04-30,06,quantile,0.8,153.6207
2021-04-05,26 day ahead inc hosp,2021-05-01,06,quantile,0.8,149.5489
2021-04-05,27 day ahead inc hosp,2021-05-02,06,quantile,0.8,145.6089
2021-04-05,28 day ahead inc hosp,2021-05-03,06,quantile,0.8,141.7981
2021-04-05,1 day ahead inc hosp,2021-04-06,06,quantile,0.85,308.7935
2021-04-05,2 day ahead inc hosp,2021-04-07,06,quantile,0.85,301.0898
2021-04-05,3 day ahead inc hosp,2021-04-08,06,quantile,0.85,293.4926
2021-04-05,4 day ahead inc hosp,2021-04-09,06,quantile,0.85,286.0264
2021-04-05,5 day ahead inc hosp,2021-04-10,06,quantile,0.85,278.7063
2021-04-05,6 day ahead inc hosp,2021-04-11,06,quantile,0.85,271.5415
2021-04-05,7 day ahead inc hosp,2021-04-12,06,quantile,0.85,264.5374
2021-04-05,8 day ahead inc hosp,2021-04-13,06,quantile,0.85,257.6969
2021-04-05,9 day ahead inc hosp,2021-04-14,06,quantile,0.85,251.0216
2021-04-05,10 day ahead inc hosp,2021-04-15,06,quantile,0.85,244.5118
2021-04-05,11 day ahead inc hosp,2021-04-16,06,quantile,0.85,238.167
2021-04-05,12 day ahead inc hosp,2021-04-17,06,quantile,0.85,231.9866
2021-04-05,13 day ahead inc hosp,2021-04-18,06,quantile,0.85,225.9692
2021-04-05,14 day ahead inc hosp,2021-04-19,06,quantile,0.85,220.1135
2021-04-05,15 day ahead inc hosp,2021-04-20,06,quantile,0.85,214.4178
2021-04-05,16 day ahead inc hosp,2021-04-21,06,quantile,0.85,208.8803
2021-04-05,17 day ahead inc hosp,2021-04-22,06,quantile,0.85,203.499
2021-04-05,18 day ahead inc hosp,2021-04-23,06,quantile,0.85,198.2719
2021-04-05,19 day ahead inc hosp,2021-04-24,06,quantile,0.85,193.1968
2021-04-05,20 day ahead inc hosp,2021-04-25,06,quantile,0.85,188.2714
2021-04-05,21 day ahead inc hosp,2021-04-26,06,quantile,0.85,183.4933
2021-04-05,22 day ahead inc hosp,2021-04-27,06,quantile,0.85,178.8602
2021-04-05,23 day ahead inc hosp,2021-04-28,06,quantile,0.85,174.3696
2021-04-05,24 day ahead inc hosp,2021-04-29,06,quantile,0.85,170.019
2021-04-05,25 day ahead inc hosp,2021-04-30,06,quantile,0.85,165.8056
2021-04-05,26 day ahead inc hosp,2021-05-01,06,quantile,0.85,161.7271
2021-04-05,27 day ahead inc hosp,2021-05-02,06,quantile,0.85,157.7806
2021-04-05,28 day ahead inc hosp,2021-05-03,06,quantile,0.85,153.9634
2021-04-05,1 day ahead inc hosp,2021-04-06,06,quantile,0.9,324.4195
2021-04-05,2 day ahead inc hosp,2021-04-07,06,quantile,0.9,316.7001
2021-04-05,3 day ahead inc hosp,2021-04-08,06,quantile,0.9,309.0874
2021-04-05,4 day ahead inc hosp,2021-04-09,06,quantile,0.9,301.6059
2021-04-05,5 day ahead inc hosp,2021-04-10,06,quantile,0.9,294.2709
2021-04-05,6 day ahead inc hosp,2021-04-11,06,quantile,0.9,287.0914
2021-04-05,7 day ahead inc hosp,2021-04-12,06,quantile,0.9,280.0729
2021-04-05,8 day ahead inc hosp,2021-04-13,06,quantile,0.9,273.2184
2021-04-05,9 day ahead inc hosp,2021-04-14,06,quantile,0.9,266.5294
2021-04-05,10 day ahead inc hosp,2021-04-15,06,quantile,0.9,260.0061
2021-04-05,11 day ahead inc hosp,2021-04-16,06,quantile,0.9,253.6483
2021-04-05,12 day ahead inc hosp,2021-04-17,06,quantile,0.9,247.4551
2021-04-05,13 day ahead inc hosp,2021-04-18,06,quantile,0.9,241.4253
2021-04-05,14 day ahead inc hosp,2021-04-19,06,quantile,0.9,235.5575
2021-04-05,15 day ahead inc hosp,2021-04-20,06,quantile,0.9,229.85
2021-04-05,16 day ahead inc hosp,2021-04-21,06,quantile,0.9,224.3011
2021-04-05,17 day ahead inc hosp,2021-04-22,06,quantile,0.9,218.9086
2021-04-05,18 day ahead inc hosp,2021-04-23,06,quantile,0.9,213.6707
2021-04-05,19 day ahead inc hosp,2021-04-24,06,quantile,0.9,208.585
2021-04-05,20 day ahead inc hosp,2021-04-25,06,quantile,0.9,203.64940000000001
2021-04-05,21 day ahead inc hosp,2021-04-26,06,quantile,0.9,198.8614
2021-04-05,22 day ahead inc hosp,2021-04-27,06,quantile,0.9,194.2187
2021-04-05,23 day ahead inc hosp,2021-04-28,06,quantile,0.9,189.7188
2021-04-05,24 day ahead inc hosp,2021-04-29,06,quantile,0.9,185.3591
2021-04-05,25 day ahead inc hosp,2021-04-30,06,quantile,0.9,181.137
2021-04-05,26 day ahead inc hosp,2021-05-01,06,quantile,0.9,177.05
2021-04-05,27 day ahead inc hosp,2021-05-02,06,quantile,0.9,173.0953
2021-04-05,28 day ahead inc hosp,2021-05-03,06,quantile,0.9,169.2703
2021-04-05,1 day ahead inc hosp,2021-04-06,06,quantile,0.95,347.5796
2021-04-05,2 day ahead inc hosp,2021-04-07,06,quantile,0.95,339.837
2021-04-05,3 day ahead inc hosp,2021-04-08,06,quantile,0.95,332.2013
2021-04-05,4 day ahead inc hosp,2021-04-09,06,quantile,0.95,324.6972
2021-04-05,5 day ahead inc hosp,2021-04-10,06,quantile,0.95,317.3399
2021-04-05,6 day ahead inc hosp,2021-04-11,06,quantile,0.95,310.1386
2021-04-05,7 day ahead inc hosp,2021-04-12,06,quantile,0.95,303.0989
2021-04-05,8 day ahead inc hosp,2021-04-13,06,quantile,0.95,296.2236
2021-04-05,9 day ahead inc hosp,2021-04-14,06,quantile,0.95,289.5141
2021-04-05,10 day ahead inc hosp,2021-04-15,06,quantile,0.95,282.971
2021-04-05,11 day ahead inc hosp,2021-04-16,06,quantile,0.95,276.5938
2021-04-05,12 day ahead inc hosp,2021-04-17,06,quantile,0.95,270.3817
2021-04-05,13 day ahead inc hosp,2021-04-18,06,quantile,0.95,264.3335
2021-04-05,14 day ahead inc hosp,2021-04-19,06,quantile,0.95,258.4478
2021-04-05,15 day ahead inc hosp,2021-04-20,06,quantile,0.95,252.7228
2021-04-05,16 day ahead inc hosp,2021-04-21,06,quantile,0.95,247.1569
2021-04-05,17 day ahead inc hosp,2021-04-22,06,quantile,0.95,241.748
2021-04-05,18 day ahead inc hosp,2021-04-23,06,quantile,0.95,236.494
2021-04-05,19 day ahead inc hosp,2021-04-24,06,quantile,0.95,231.3927
2021-04-05,20 day ahead inc hosp,2021-04-25,06,quantile,0.95,226.4419
2021-04-05,21 day ahead inc hosp,2021-04-26,06,quantile,0.95,221.6393
2021-04-05,22 day ahead inc hosp,2021-04-27,06,quantile,0.95,216.9823
2021-04-05,23 day ahead inc hosp,2021-04-28,06,quantile,0.95,212.4686
2021-04-05,24 day ahead inc hosp,2021-04-29,06,quantile,0.95,208.0955
2021-04-05,25 day ahead inc hosp,2021-04-30,06,quantile,0.95,203.8605
2021-04-05,26 day ahead inc hosp,2021-05-01,06,quantile,0.95,199.7609
2021-04-05,27 day ahead inc hosp,2021-05-02,06,quantile,0.95,195.7941
2021-04-05,28 day ahead inc hosp,2021-05-03,06,quantile,0.95,191.9573
2021-04-05,1 day ahead inc hosp,2021-04-06,06,quantile,0.975,367.6675
2021-04-05,2 day ahead inc hosp,2021-04-07,06,quantile,0.975,359.9047
2021-04-05,3 day ahead inc hosp,2021-04-08,06,quantile,0.975,352.2491
2021-04-05,4 day ahead inc hosp,2021-04-09,06,quantile,0.975,344.7254
2021-04-05,5 day ahead inc hosp,2021-04-10,06,quantile,0.975,337.3489
2021-04-05,6 day ahead inc hosp,2021-04-11,06,quantile,0.975,330.1287
2021-04-05,7 day ahead inc hosp,2021-04-12,06,quantile,0.975,323.0705
2021-04-05,8 day ahead inc hosp,2021-04-13,06,quantile,0.975,316.1771
2021-04-05,9 day ahead inc hosp,2021-04-14,06,quantile,0.975,309.45
2021-04-05,10 day ahead inc hosp,2021-04-15,06,quantile,0.975,302.8897
2021-04-05,11 day ahead inc hosp,2021-04-16,06,quantile,0.975,296.4956
2021-04-05,12 day ahead inc hosp,2021-04-17,06,quantile,0.975,290.2671
2021-04-05,13 day ahead inc hosp,2021-04-18,06,quantile,0.975,284.203
2021-04-05,14 day ahead inc hosp,2021-04-19,06,quantile,0.975,278.3017
2021-04-05,15 day ahead inc hosp,2021-04-20,06,quantile,0.975,272.5616
2021-04-05,16 day ahead inc hosp,2021-04-21,06,quantile,0.975,266.9809
2021-04-05,17 day ahead inc hosp,2021-04-22,06,quantile,0.975,261.5577
2021-04-05,18 day ahead inc hosp,2021-04-23,06,quantile,0.975,256.2897
2021-04-05,19 day ahead inc hosp,2021-04-24,06,quantile,0.975,251.175
2021-04-05,20 day ahead inc hosp,2021-04-25,06,quantile,0.975,246.2111
2021-04-05,21 day ahead inc hosp,2021-04-26,06,quantile,0.975,241.3957
2021-04-05,22 day ahead inc hosp,2021-04-27,06,quantile,0.975,236.7264
2021-04-05,23 day ahead inc hosp,2021-04-28,06,quantile,0.975,232.2007
2021-04-05,24 day ahead inc hosp,2021-04-29,06,quantile,0.975,227.816
2021-04-05,25 day ahead inc hosp,2021-04-30,06,quantile,0.975,223.5697
2021-04-05,26 day ahead inc hosp,2021-05-01,06,quantile,0.975,219.4592
2021-04-05,27 day ahead inc hosp,2021-05-02,06,quantile,0.975,215.4818
2021-04-05,28 day ahead inc hosp,2021-05-03,06,quantile,0.975,211.6348
2021-04-05,1 day ahead inc hosp,2021-04-06,06,quantile,0.99,391.0241
2021-04-05,2 day ahead inc hosp,2021-04-07,06,quantile,0.99,383.2378
2021-04-05,3 day ahead inc hosp,2021-04-08,06,quantile,0.99,375.5591
2021-04-05,4 day ahead inc hosp,2021-04-09,06,quantile,0.99,368.0126
2021-04-05,5 day ahead inc hosp,2021-04-10,06,quantile,0.99,360.6136
2021-04-05,6 day ahead inc hosp,2021-04-11,06,quantile,0.99,353.3715
2021-04-05,7 day ahead inc hosp,2021-04-12,06,quantile,0.99,346.2918
2021-04-05,8 day ahead inc hosp,2021-04-13,06,quantile,0.99,339.3774
2021-04-05,9 day ahead inc hosp,2021-04-14,06,quantile,0.99,332.6298
2021-04-05,10 day ahead inc hosp,2021-04-15,06,quantile,0.99,326.0494
2021-04-05,11 day ahead inc hosp,2021-04-16,06,quantile,0.99,319.6358
2021-04-05,12 day ahead inc hosp,2021-04-17,06,quantile,0.99,313.3883
2021-04-05,13 day ahead inc hosp,2021-04-18,06,quantile,0.99,307.3055
2021-04-05,14 day ahead inc hosp,2021-04-19,06,quantile,0.99,301.3861
2021-04-05,15 day ahead inc hosp,2021-04-20,06,quantile,0.99,295.6285
2021-04-05,16 day ahead inc hosp,2021-04-21,06,quantile,0.99,290.0306
2021-04-05,17 day ahead inc hosp,2021-04-22,06,quantile,0.99,284.5907
2021-04-05,18 day ahead inc hosp,2021-04-23,06,quantile,0.99,279.3066
2021-04-05,19 day ahead inc hosp,2021-04-24,06,quantile,0.99,274.1761
2021-04-05,20 day ahead inc hosp,2021-04-25,06,quantile,0.99,269.197
2021-04-05,21 day ahead inc hosp,2021-04-26,06,quantile,0.99,264.3668
2021-04-05,22 day ahead inc hosp,2021-04-27,06,quantile,0.99,259.6831
2021-04-05,23 day ahead inc hosp,2021-04-28,06,quantile,0.99,255.1434
2021-04-05,24 day ahead inc hosp,2021-04-29,06,quantile,0.99,250.7452
2021-04-05,25 day ahead inc hosp,2021-04-30,06,quantile,0.99,246.4859
2021-04-05,26 day ahead inc hosp,2021-05-01,06,quantile,0.99,242.3628
2021-04-05,27 day ahead inc hosp,2021-05-02,06,quantile,0.99,238.3731
2021-04-05,28 day ahead inc hosp,2021-05-03,06,quantile,0.99,234.5143
2021-04-05,1 day ahead inc hosp,2021-04-06,06,point,NA,242.7221
2021-04-05,2 day ahead inc hosp,2021-04-07,06,point,NA,235.0847
2021-04-05,3 day ahead inc hosp,2021-04-08,06,point,NA,227.553
2021-04-05,4 day ahead inc hosp,2021-04-09,06,point,NA,220.1513
2021-04-05,5 day ahead inc hosp,2021-04-10,06,point,NA,212.8946
2021-04-05,6 day ahead inc hosp,2021-04-11,06,point,NA,205.7918
2021-04-05,7 day ahead inc hosp,2021-04-12,06,point,NA,198.8485
2021-04-05,8 day ahead inc hosp,2021-04-13,06,point,NA,192.0675
2021-04-05,9 day ahead inc hosp,2021-04-14,06,point,NA,185.4503
2021-04-05,10 day ahead inc hosp,2021-04-15,06,point,NA,178.9971
2021-04-05,11 day ahead inc hosp,2021-04-16,06,point,NA,172.7077
2021-04-05,12 day ahead inc hosp,2021-04-17,06,point,NA,166.5811
2021-04-05,13 day ahead inc hosp,2021-04-18,06,point,NA,160.6163
2021-04-05,14 day ahead inc hosp,2021-04-19,06,point,NA,154.8118
2021-04-05,15 day ahead inc hosp,2021-04-20,06,point,NA,149.1659
2021-04-05,16 day ahead inc hosp,2021-04-21,06,point,NA,143.6768
2021-04-05,17 day ahead inc hosp,2021-04-22,06,point,NA,138.3427
2021-04-05,18 day ahead inc hosp,2021-04-23,06,point,NA,133.1614
2021-04-05,19 day ahead inc hosp,2021-04-24,06,point,NA,128.1307
2021-04-05,20 day ahead inc hosp,2021-04-25,06,point,NA,123.2485
2021-04-05,21 day ahead inc hosp,2021-04-26,06,point,NA,118.5123
2021-04-05,22 day ahead inc hosp,2021-04-27,06,point,NA,113.9199
2021-04-05,23 day ahead inc hosp,2021-04-28,06,point,NA,109.4687
2021-04-05,24 day ahead inc hosp,2021-04-29,06,point,NA,105.1562
2021-04-05,25 day ahead inc hosp,2021-04-30,06,point,NA,100.9799
2021-04-05,26 day ahead inc hosp,2021-05-01,06,point,NA,96.9371
2021-04-05,27 day ahead inc hosp,2021-05-02,06,point,NA,93.0253
2021-04-05,28 day ahead inc hosp,2021-05-03,06,point,NA,89.2417
2021-04-05,1 wk ahead inc death,2021-04-10,06,quantile,0.01,179.41
2021-04-05,2 wk ahead inc death,2021-04-17,06,quantile,0.01,58.09
2021-04-05,3 wk ahead inc death,2021-04-24,06,quantile,0.01,0
2021-04-05,4 wk ahead inc death,2021-05-01,06,quantile,0.01,0
2021-04-05,1 wk ahead inc death,2021-04-10,06,quantile,0.025,250.31
2021-04-05,2 wk ahead inc death,2021-04-17,06,quantile,0.025,134.49
2021-04-05,3 wk ahead inc death,2021-04-24,06,quantile,0.025,55.04
2021-04-05,4 wk ahead inc death,2021-05-01,06,quantile,0.025,0
2021-04-05,1 wk ahead inc death,2021-04-10,06,quantile,0.05,311.28
2021-04-05,2 wk ahead inc death,2021-04-17,06,quantile,0.05,200.2
2021-04-05,3 wk ahead inc death,2021-04-24,06,quantile,0.05,120.69
2021-04-05,4 wk ahead inc death,2021-05-01,06,quantile,0.05,46.02
2021-04-05,1 wk ahead inc death,2021-04-10,06,quantile,0.1,381.57
2021-04-05,2 wk ahead inc death,2021-04-17,06,quantile,0.1,275.96
2021-04-05,3 wk ahead inc death,2021-04-24,06,quantile,0.1,196.38
2021-04-05,4 wk ahead inc death,2021-05-01,06,quantile,0.1,121.64
2021-04-05,1 wk ahead inc death,2021-04-10,06,quantile,0.15,429
2021-04-05,2 wk ahead inc death,2021-04-17,06,quantile,0.15,327.07
2021-04-05,3 wk ahead inc death,2021-04-24,06,quantile,0.15,247.45
2021-04-05,4 wk ahead inc death,2021-05-01,06,quantile,0.15,172.66
2021-04-05,1 wk ahead inc death,2021-04-10,06,quantile,0.2,466.69
2021-04-05,2 wk ahead inc death,2021-04-17,06,quantile,0.2,367.7
2021-04-05,3 wk ahead inc death,2021-04-24,06,quantile,0.2,288.04
2021-04-05,4 wk ahead inc death,2021-05-01,06,quantile,0.2,213.21
2021-04-05,1 wk ahead inc death,2021-04-10,06,quantile,0.25,499.03
2021-04-05,2 wk ahead inc death,2021-04-17,06,quantile,0.25,402.55
2021-04-05,3 wk ahead inc death,2021-04-24,06,quantile,0.25,322.85
2021-04-05,4 wk ahead inc death,2021-05-01,06,quantile,0.25,248
2021-04-05,1 wk ahead inc death,2021-04-10,06,quantile,0.3,528.07
2021-04-05,2 wk ahead inc death,2021-04-17,06,quantile,0.3,433.85
2021-04-05,3 wk ahead inc death,2021-04-24,06,quantile,0.3,354.12
2021-04-05,4 wk ahead inc death,2021-05-01,06,quantile,0.3,279.24
2021-04-05,1 wk ahead inc death,2021-04-10,06,quantile,0.35,554.98
2021-04-05,2 wk ahead inc death,2021-04-17,06,quantile,0.35,462.85
2021-04-05,3 wk ahead inc death,2021-04-24,06,quantile,0.35,383.1
2021-04-05,4 wk ahead inc death,2021-05-01,06,quantile,0.35,308.19
2021-04-05,1 wk ahead inc death,2021-04-10,06,quantile,0.4,580.52
2021-04-05,2 wk ahead inc death,2021-04-17,06,quantile,0.4,490.37
2021-04-05,3 wk ahead inc death,2021-04-24,06,quantile,0.4,410.59
2021-04-05,4 wk ahead inc death,2021-05-01,06,quantile,0.4,335.66
2021-04-05,1 wk ahead inc death,2021-04-10,06,quantile,0.45,605.22
2021-04-05,2 wk ahead inc death,2021-04-17,06,quantile,0.45,516.99
2021-04-05,3 wk ahead inc death,2021-04-24,06,quantile,0.45,437.2
2021-04-05,4 wk ahead inc death,2021-05-01,06,quantile,0.45,362.24
2021-04-05,1 wk ahead inc death,2021-04-10,06,quantile,0.5,629.54
2021-04-05,2 wk ahead inc death,2021-04-17,06,quantile,0.5,543.2
2021-04-05,3 wk ahead inc death,2021-04-24,06,quantile,0.5,463.38
2021-04-05,4 wk ahead inc death,2021-05-01,06,quantile,0.5,388.4
2021-04-05,1 wk ahead inc death,2021-04-10,06,quantile,0.55,653.85
2021-04-05,2 wk ahead inc death,2021-04-17,06,quantile,0.55,569.4
2021-04-05,3 wk ahead inc death,2021-04-24,06,quantile,0.55,489.56
2021-04-05,4 wk ahead inc death,2021-05-01,06,quantile,0.55,414.55
2021-04-05,1 wk ahead inc death,2021-04-10,06,quantile,0.6,678.56
2021-04-05,2 wk ahead inc death,2021-04-17,06,quantile,0.6,596.03
2021-04-05,3 wk ahead inc death,2021-04-24,06,quantile,0.6,516.16
2021-04-05,4 wk ahead inc death,2021-05-01,06,quantile,0.6,441.13
2021-04-05,1 wk ahead inc death,2021-04-10,06,quantile,0.65,704.09
2021-04-05,2 wk ahead inc death,2021-04-17,06,quantile,0.65,623.55
2021-04-05,3 wk ahead inc death,2021-04-24,06,quantile,0.65,543.65
2021-04-05,4 wk ahead inc death,2021-05-01,06,quantile,0.65,468.6
2021-04-05,1 wk ahead inc death,2021-04-10,06,quantile,0.7,731
2021-04-05,2 wk ahead inc death,2021-04-17,06,quantile,0.7,652.55
2021-04-05,3 wk ahead inc death,2021-04-24,06,quantile,0.7,572.63
2021-04-05,4 wk ahead inc death,2021-05-01,06,quantile,0.7,497.55
2021-04-05,1 wk ahead inc death,2021-04-10,06,quantile,0.75,760.05
2021-04-05,2 wk ahead inc death,2021-04-17,06,quantile,0.75,683.85
2021-04-05,3 wk ahead inc death,2021-04-24,06,quantile,0.75,603.9
2021-04-05,4 wk ahead inc death,2021-05-01,06,quantile,0.75,528.79
2021-04-05,1 wk ahead inc death,2021-04-10,06,quantile,0.8,792.38
2021-04-05,2 wk ahead inc death,2021-04-17,06,quantile,0.8,718.7
2021-04-05,3 wk ahead inc death,2021-04-24,06,quantile,0.8,638.72
2021-04-05,4 wk ahead inc death,2021-05-01,06,quantile,0.8,563.58
2021-04-05,1 wk ahead inc death,2021-04-10,06,quantile,0.85,830.08
2021-04-05,2 wk ahead inc death,2021-04-17,06,quantile,0.85,759.32
2021-04-05,3 wk ahead inc death,2021-04-24,06,quantile,0.85,679.3
2021-04-05,4 wk ahead inc death,2021-05-01,06,quantile,0.85,604.13
2021-04-05,1 wk ahead inc death,2021-04-10,06,quantile,0.9,877.51
2021-04-05,2 wk ahead inc death,2021-04-17,06,quantile,0.9,810.44
2021-04-05,3 wk ahead inc death,2021-04-24,06,quantile,0.9,730.37
2021-04-05,4 wk ahead inc death,2021-05-01,06,quantile,0.9,655.15
2021-04-05,1 wk ahead inc death,2021-04-10,06,quantile,0.95,947.8
2021-04-05,2 wk ahead inc death,2021-04-17,06,quantile,0.95,886.2
2021-04-05,3 wk ahead inc death,2021-04-24,06,quantile,0.95,806.06
2021-04-05,4 wk ahead inc death,2021-05-01,06,quantile,0.95,730.77
2021-04-05,1 wk ahead inc death,2021-04-10,06,quantile,0.975,1008.77
2021-04-05,2 wk ahead inc death,2021-04-17,06,quantile,0.975,951.91
2021-04-05,3 wk ahead inc death,2021-04-24,06,quantile,0.975,871.71
2021-04-05,4 wk ahead inc death,2021-05-01,06,quantile,0.975,796.36
2021-04-05,1 wk ahead inc death,2021-04-10,06,quantile,0.99,1079.66
2021-04-05,2 wk ahead inc death,2021-04-17,06,quantile,0.99,1028.31
2021-04-05,3 wk ahead inc death,2021-04-24,06,quantile,0.99,948.04
2021-04-05,4 wk ahead inc death,2021-05-01,06,quantile,0.99,872.63
2021-04-05,1 wk ahead inc death,2021-04-10,06,point,NA,629.54
2021-04-05,2 wk ahead inc death,2021-04-17,06,point,NA,543.2
2021-04-05,3 wk ahead inc death,2021-04-24,06,point,NA,463.38
2021-04-05,4 wk ahead inc death,2021-05-01,06,point,NA,388.4
