forecast_date,target,target_end_date,location,type,quantile,value
2021-02-08,1 wk ahead inc case,2021-02-13,06,quantile,0.025,98832
2021-02-08,2 wk ahead inc case,2021-02-20,06,quantile,0.025,94231
2021-02-08,3 wk ahead inc case,2021-02-27,06,quantile,0.025,89495
2021-02-08,4 wk ahead inc case,2021-03-06,06,quantile,0.025,84502
2021-02-08,1 wk ahead inc case,2021-02-13,06,quantile,0.1,105222
2021-02-08,2 wk ahead inc case,2021-02-20,06,quantile,0.1,100488
2021-02-08,3 wk ahead inc case,2021-02-27,06,quantile,0.1,95609
2021-02-08,4 wk ahead inc case,2021-03-06,06,quantile,0.1,90462
2021-02-08,1 wk ahead inc case,2021-02-13,06,quantile,0.25,110939
2021-02-08,2 wk ahead inc case,2021-02-20,06,quantile,0.25,106087
2021-02-08,3 wk ahead inc case,2021-02-27,06,quantile,0.25,101080
2021-02-08,4 wk ahead inc case,2021-03-06,06,quantile,0.25,95794
2021-02-08,1 wk ahead inc case,2021-02-13,06,quantile,0.5,117292
2021-02-08,2 wk ahead inc case,2021-02-20,06,quantile,0.5,112307
2021-02-08,3 wk ahead inc case,2021-02-27,06,quantile,0.5,107159
2021-02-08,4 wk ahead inc case,2021-03-06,06,quantile,0.5,101719
2021-02-08,1 wk ahead inc case,2021-02-13,06,quantile,0.75,123645
2021-02-08,2 wk ahead inc case,2021-02-20,06,quantile,0.75,118528
2021-02-08,3 wk ahead inc case,2021-02-27,06,quantile,0.75,113238
2021-02-08,4 wk ahead inc case,2021-03-06,06,quantile,0.75,107644
2021-02-08,1 wk ahead inc case,2021-02-13,06,quantile,0.9,129362
2021-02-08,2 wk ahead inc case,2021-02-20,06,quantile,0.9,124127
2021-02-08,3 wk ahead inc case,2021-02-27,06,quantile,0.9,118709
2021-02-08,4 wk ahead inc case,2021-03-06,06,quantile,0.9,112977
2021-02-08,1 wk ahead inc case,2021-02-13,06,quantile,0.975,135751
2021-02-08,2 wk ahead inc case,2021-02-20,06,quantile,0.975,130384
2021-02-08,3 wk ahead inc case,2021-02-27,06,quantile,0.975,124824
2021-02-08,4 wk ahead inc case,2021-03-06,06,quantile,0.975,118936
2021-02-08,1 wk ahead inc case,2021-02-13,06,point,NA,117292
2021-02-08,2 wk ahead inc case,2021-02-20,06,point,NA,112307
2021-02-08,3 wk ahead inc case,2021-02-27,06,point,NA,107159
2021-02-08,4 wk ahead inc case,2021-03-06,06,point,NA,101719
2021-02-08,1 day ahead inc hosp,2021-02-09,06,quantile,0.01,937.9
2021-02-08,2 day ahead inc hosp,2021-02-10,06,quantile,0.01,931.3
2021-02-08,3 day ahead inc hosp,2021-02-11,06,quantile,0.01,924.8
2021-02-08,4 day ahead inc hosp,2021-02-12,06,quantile,0.01,918.3
2021-02-08,5 day ahead inc hosp,2021-02-13,06,quantile,0.01,911.8
2021-02-08,6 day ahead inc hosp,2021-02-14,06,quantile,0.01,905.2
2021-02-08,7 day ahead inc hosp,2021-02-15,06,quantile,0.01,898.6
2021-02-08,8 day ahead inc hosp,2021-02-16,06,quantile,0.01,892
2021-02-08,9 day ahead inc hosp,2021-02-17,06,quantile,0.01,885.3
2021-02-08,10 day ahead inc hosp,2021-02-18,06,quantile,0.01,878.5
2021-02-08,11 day ahead inc hosp,2021-02-19,06,quantile,0.01,871.6
2021-02-08,12 day ahead inc hosp,2021-02-20,06,quantile,0.01,864.7
2021-02-08,13 day ahead inc hosp,2021-02-21,06,quantile,0.01,857.7
2021-02-08,14 day ahead inc hosp,2021-02-22,06,quantile,0.01,850.7
2021-02-08,15 day ahead inc hosp,2021-02-23,06,quantile,0.01,843.6
2021-02-08,16 day ahead inc hosp,2021-02-24,06,quantile,0.01,836.4
2021-02-08,17 day ahead inc hosp,2021-02-25,06,quantile,0.01,829.2
2021-02-08,18 day ahead inc hosp,2021-02-26,06,quantile,0.01,821.9
2021-02-08,19 day ahead inc hosp,2021-02-27,06,quantile,0.01,814.6
2021-02-08,20 day ahead inc hosp,2021-02-28,06,quantile,0.01,807.3
2021-02-08,21 day ahead inc hosp,2021-03-01,06,quantile,0.01,799.8
2021-02-08,22 day ahead inc hosp,2021-03-02,06,quantile,0.01,792.4
2021-02-08,23 day ahead inc hosp,2021-03-03,06,quantile,0.01,784.9
2021-02-08,24 day ahead inc hosp,2021-03-04,06,quantile,0.01,777.4
2021-02-08,25 day ahead inc hosp,2021-03-05,06,quantile,0.01,769.9
2021-02-08,26 day ahead inc hosp,2021-03-06,06,quantile,0.01,762.3
2021-02-08,27 day ahead inc hosp,2021-03-07,06,quantile,0.01,754.7
2021-02-08,28 day ahead inc hosp,2021-03-08,06,quantile,0.01,747
2021-02-08,1 day ahead inc hosp,2021-02-09,06,quantile,0.025,966
2021-02-08,2 day ahead inc hosp,2021-02-10,06,quantile,0.025,959.3
2021-02-08,3 day ahead inc hosp,2021-02-11,06,quantile,0.025,952.8
2021-02-08,4 day ahead inc hosp,2021-02-12,06,quantile,0.025,946.3
2021-02-08,5 day ahead inc hosp,2021-02-13,06,quantile,0.025,939.8
2021-02-08,6 day ahead inc hosp,2021-02-14,06,quantile,0.025,933.2
2021-02-08,7 day ahead inc hosp,2021-02-15,06,quantile,0.025,926.6
2021-02-08,8 day ahead inc hosp,2021-02-16,06,quantile,0.025,919.9
2021-02-08,9 day ahead inc hosp,2021-02-17,06,quantile,0.025,913.2
2021-02-08,10 day ahead inc hosp,2021-02-18,06,quantile,0.025,906.4
2021-02-08,11 day ahead inc hosp,2021-02-19,06,quantile,0.025,899.5
2021-02-08,12 day ahead inc hosp,2021-02-20,06,quantile,0.025,892.6
2021-02-08,13 day ahead inc hosp,2021-02-21,06,quantile,0.025,885.6
2021-02-08,14 day ahead inc hosp,2021-02-22,06,quantile,0.025,878.5
2021-02-08,15 day ahead inc hosp,2021-02-23,06,quantile,0.025,871.4
2021-02-08,16 day ahead inc hosp,2021-02-24,06,quantile,0.025,864.2
2021-02-08,17 day ahead inc hosp,2021-02-25,06,quantile,0.025,857
2021-02-08,18 day ahead inc hosp,2021-02-26,06,quantile,0.025,849.7
2021-02-08,19 day ahead inc hosp,2021-02-27,06,quantile,0.025,842.4
2021-02-08,20 day ahead inc hosp,2021-02-28,06,quantile,0.025,835
2021-02-08,21 day ahead inc hosp,2021-03-01,06,quantile,0.025,827.6
2021-02-08,22 day ahead inc hosp,2021-03-02,06,quantile,0.025,820.1
2021-02-08,23 day ahead inc hosp,2021-03-03,06,quantile,0.025,812.6
2021-02-08,24 day ahead inc hosp,2021-03-04,06,quantile,0.025,805.1
2021-02-08,25 day ahead inc hosp,2021-03-05,06,quantile,0.025,797.5
2021-02-08,26 day ahead inc hosp,2021-03-06,06,quantile,0.025,789.9
2021-02-08,27 day ahead inc hosp,2021-03-07,06,quantile,0.025,782.3
2021-02-08,28 day ahead inc hosp,2021-03-08,06,quantile,0.025,774.7
2021-02-08,1 day ahead inc hosp,2021-02-09,06,quantile,0.05,990.1
2021-02-08,2 day ahead inc hosp,2021-02-10,06,quantile,0.05,983.4
2021-02-08,3 day ahead inc hosp,2021-02-11,06,quantile,0.05,976.9
2021-02-08,4 day ahead inc hosp,2021-02-12,06,quantile,0.05,970.4
2021-02-08,5 day ahead inc hosp,2021-02-13,06,quantile,0.05,963.8
2021-02-08,6 day ahead inc hosp,2021-02-14,06,quantile,0.05,957.3
2021-02-08,7 day ahead inc hosp,2021-02-15,06,quantile,0.05,950.7
2021-02-08,8 day ahead inc hosp,2021-02-16,06,quantile,0.05,944
2021-02-08,9 day ahead inc hosp,2021-02-17,06,quantile,0.05,937.2
2021-02-08,10 day ahead inc hosp,2021-02-18,06,quantile,0.05,930.4
2021-02-08,11 day ahead inc hosp,2021-02-19,06,quantile,0.05,923.5
2021-02-08,12 day ahead inc hosp,2021-02-20,06,quantile,0.05,916.6
2021-02-08,13 day ahead inc hosp,2021-02-21,06,quantile,0.05,909.6
2021-02-08,14 day ahead inc hosp,2021-02-22,06,quantile,0.05,902.5
2021-02-08,15 day ahead inc hosp,2021-02-23,06,quantile,0.05,895.4
2021-02-08,16 day ahead inc hosp,2021-02-24,06,quantile,0.05,888.2
2021-02-08,17 day ahead inc hosp,2021-02-25,06,quantile,0.05,880.9
2021-02-08,18 day ahead inc hosp,2021-02-26,06,quantile,0.05,873.6
2021-02-08,19 day ahead inc hosp,2021-02-27,06,quantile,0.05,866.3
2021-02-08,20 day ahead inc hosp,2021-02-28,06,quantile,0.05,858.9
2021-02-08,21 day ahead inc hosp,2021-03-01,06,quantile,0.05,851.5
2021-02-08,22 day ahead inc hosp,2021-03-02,06,quantile,0.05,844
2021-02-08,23 day ahead inc hosp,2021-03-03,06,quantile,0.05,836.5
2021-02-08,24 day ahead inc hosp,2021-03-04,06,quantile,0.05,828.9
2021-02-08,25 day ahead inc hosp,2021-03-05,06,quantile,0.05,821.3
2021-02-08,26 day ahead inc hosp,2021-03-06,06,quantile,0.05,813.7
2021-02-08,27 day ahead inc hosp,2021-03-07,06,quantile,0.05,806.1
2021-02-08,28 day ahead inc hosp,2021-03-08,06,quantile,0.05,798.4
2021-02-08,1 day ahead inc hosp,2021-02-09,06,quantile,0.1,1017.9
2021-02-08,2 day ahead inc hosp,2021-02-10,06,quantile,0.1,1011.2
2021-02-08,3 day ahead inc hosp,2021-02-11,06,quantile,0.1,1004.7
2021-02-08,4 day ahead inc hosp,2021-02-12,06,quantile,0.1,998.1
2021-02-08,5 day ahead inc hosp,2021-02-13,06,quantile,0.1,991.6
2021-02-08,6 day ahead inc hosp,2021-02-14,06,quantile,0.1,985
2021-02-08,7 day ahead inc hosp,2021-02-15,06,quantile,0.1,978.4
2021-02-08,8 day ahead inc hosp,2021-02-16,06,quantile,0.1,971.7
2021-02-08,9 day ahead inc hosp,2021-02-17,06,quantile,0.1,964.9
2021-02-08,10 day ahead inc hosp,2021-02-18,06,quantile,0.1,958.1
2021-02-08,11 day ahead inc hosp,2021-02-19,06,quantile,0.1,951.2
2021-02-08,12 day ahead inc hosp,2021-02-20,06,quantile,0.1,944.2
2021-02-08,13 day ahead inc hosp,2021-02-21,06,quantile,0.1,937.2
2021-02-08,14 day ahead inc hosp,2021-02-22,06,quantile,0.1,930.1
2021-02-08,15 day ahead inc hosp,2021-02-23,06,quantile,0.1,923
2021-02-08,16 day ahead inc hosp,2021-02-24,06,quantile,0.1,915.8
2021-02-08,17 day ahead inc hosp,2021-02-25,06,quantile,0.1,908.5
2021-02-08,18 day ahead inc hosp,2021-02-26,06,quantile,0.1,901.2
2021-02-08,19 day ahead inc hosp,2021-02-27,06,quantile,0.1,893.8
2021-02-08,20 day ahead inc hosp,2021-02-28,06,quantile,0.1,886.4
2021-02-08,21 day ahead inc hosp,2021-03-01,06,quantile,0.1,879
2021-02-08,22 day ahead inc hosp,2021-03-02,06,quantile,0.1,871.5
2021-02-08,23 day ahead inc hosp,2021-03-03,06,quantile,0.1,863.9
2021-02-08,24 day ahead inc hosp,2021-03-04,06,quantile,0.1,856.4
2021-02-08,25 day ahead inc hosp,2021-03-05,06,quantile,0.1,848.8
2021-02-08,26 day ahead inc hosp,2021-03-06,06,quantile,0.1,841.2
2021-02-08,27 day ahead inc hosp,2021-03-07,06,quantile,0.1,833.5
2021-02-08,28 day ahead inc hosp,2021-03-08,06,quantile,0.1,825.8
2021-02-08,1 day ahead inc hosp,2021-02-09,06,quantile,0.15,1036.6
2021-02-08,2 day ahead inc hosp,2021-02-10,06,quantile,0.15,1030
2021-02-08,3 day ahead inc hosp,2021-02-11,06,quantile,0.15,1023.4
2021-02-08,4 day ahead inc hosp,2021-02-12,06,quantile,0.15,1016.9
2021-02-08,5 day ahead inc hosp,2021-02-13,06,quantile,0.15,1010.3
2021-02-08,6 day ahead inc hosp,2021-02-14,06,quantile,0.15,1003.7
2021-02-08,7 day ahead inc hosp,2021-02-15,06,quantile,0.15,997.1
2021-02-08,8 day ahead inc hosp,2021-02-16,06,quantile,0.15,990.4
2021-02-08,9 day ahead inc hosp,2021-02-17,06,quantile,0.15,983.6
2021-02-08,10 day ahead inc hosp,2021-02-18,06,quantile,0.15,976.8
2021-02-08,11 day ahead inc hosp,2021-02-19,06,quantile,0.15,969.9
2021-02-08,12 day ahead inc hosp,2021-02-20,06,quantile,0.15,962.9
2021-02-08,13 day ahead inc hosp,2021-02-21,06,quantile,0.15,955.9
2021-02-08,14 day ahead inc hosp,2021-02-22,06,quantile,0.15,948.8
2021-02-08,15 day ahead inc hosp,2021-02-23,06,quantile,0.15,941.6
2021-02-08,16 day ahead inc hosp,2021-02-24,06,quantile,0.15,934.4
2021-02-08,17 day ahead inc hosp,2021-02-25,06,quantile,0.15,927.1
2021-02-08,18 day ahead inc hosp,2021-02-26,06,quantile,0.15,919.8
2021-02-08,19 day ahead inc hosp,2021-02-27,06,quantile,0.15,912.4
2021-02-08,20 day ahead inc hosp,2021-02-28,06,quantile,0.15,905
2021-02-08,21 day ahead inc hosp,2021-03-01,06,quantile,0.15,897.5
2021-02-08,22 day ahead inc hosp,2021-03-02,06,quantile,0.15,890
2021-02-08,23 day ahead inc hosp,2021-03-03,06,quantile,0.15,882.5
2021-02-08,24 day ahead inc hosp,2021-03-04,06,quantile,0.15,874.9
2021-02-08,25 day ahead inc hosp,2021-03-05,06,quantile,0.15,867.3
2021-02-08,26 day ahead inc hosp,2021-03-06,06,quantile,0.15,859.7
2021-02-08,27 day ahead inc hosp,2021-03-07,06,quantile,0.15,852
2021-02-08,28 day ahead inc hosp,2021-03-08,06,quantile,0.15,844.3
2021-02-08,1 day ahead inc hosp,2021-02-09,06,quantile,0.2,1051.5
2021-02-08,2 day ahead inc hosp,2021-02-10,06,quantile,0.2,1044.9
2021-02-08,3 day ahead inc hosp,2021-02-11,06,quantile,0.2,1038.3
2021-02-08,4 day ahead inc hosp,2021-02-12,06,quantile,0.2,1031.7
2021-02-08,5 day ahead inc hosp,2021-02-13,06,quantile,0.2,1025.2
2021-02-08,6 day ahead inc hosp,2021-02-14,06,quantile,0.2,1018.6
2021-02-08,7 day ahead inc hosp,2021-02-15,06,quantile,0.2,1011.9
2021-02-08,8 day ahead inc hosp,2021-02-16,06,quantile,0.2,1005.2
2021-02-08,9 day ahead inc hosp,2021-02-17,06,quantile,0.2,998.5
2021-02-08,10 day ahead inc hosp,2021-02-18,06,quantile,0.2,991.6
2021-02-08,11 day ahead inc hosp,2021-02-19,06,quantile,0.2,984.7
2021-02-08,12 day ahead inc hosp,2021-02-20,06,quantile,0.2,977.7
2021-02-08,13 day ahead inc hosp,2021-02-21,06,quantile,0.2,970.7
2021-02-08,14 day ahead inc hosp,2021-02-22,06,quantile,0.2,963.6
2021-02-08,15 day ahead inc hosp,2021-02-23,06,quantile,0.2,956.4
2021-02-08,16 day ahead inc hosp,2021-02-24,06,quantile,0.2,949.2
2021-02-08,17 day ahead inc hosp,2021-02-25,06,quantile,0.2,941.9
2021-02-08,18 day ahead inc hosp,2021-02-26,06,quantile,0.2,934.6
2021-02-08,19 day ahead inc hosp,2021-02-27,06,quantile,0.2,927.2
2021-02-08,20 day ahead inc hosp,2021-02-28,06,quantile,0.2,919.8
2021-02-08,21 day ahead inc hosp,2021-03-01,06,quantile,0.2,912.3
2021-02-08,22 day ahead inc hosp,2021-03-02,06,quantile,0.2,904.8
2021-02-08,23 day ahead inc hosp,2021-03-03,06,quantile,0.2,897.2
2021-02-08,24 day ahead inc hosp,2021-03-04,06,quantile,0.2,889.6
2021-02-08,25 day ahead inc hosp,2021-03-05,06,quantile,0.2,882
2021-02-08,26 day ahead inc hosp,2021-03-06,06,quantile,0.2,874.4
2021-02-08,27 day ahead inc hosp,2021-03-07,06,quantile,0.2,866.7
2021-02-08,28 day ahead inc hosp,2021-03-08,06,quantile,0.2,859
2021-02-08,1 day ahead inc hosp,2021-02-09,06,quantile,0.25,1064.3
2021-02-08,2 day ahead inc hosp,2021-02-10,06,quantile,0.25,1057.6
2021-02-08,3 day ahead inc hosp,2021-02-11,06,quantile,0.25,1051.1
2021-02-08,4 day ahead inc hosp,2021-02-12,06,quantile,0.25,1044.5
2021-02-08,5 day ahead inc hosp,2021-02-13,06,quantile,0.25,1038
2021-02-08,6 day ahead inc hosp,2021-02-14,06,quantile,0.25,1031.4
2021-02-08,7 day ahead inc hosp,2021-02-15,06,quantile,0.25,1024.7
2021-02-08,8 day ahead inc hosp,2021-02-16,06,quantile,0.25,1018
2021-02-08,9 day ahead inc hosp,2021-02-17,06,quantile,0.25,1011.2
2021-02-08,10 day ahead inc hosp,2021-02-18,06,quantile,0.25,1004.3
2021-02-08,11 day ahead inc hosp,2021-02-19,06,quantile,0.25,997.4
2021-02-08,12 day ahead inc hosp,2021-02-20,06,quantile,0.25,990.4
2021-02-08,13 day ahead inc hosp,2021-02-21,06,quantile,0.25,983.4
2021-02-08,14 day ahead inc hosp,2021-02-22,06,quantile,0.25,976.3
2021-02-08,15 day ahead inc hosp,2021-02-23,06,quantile,0.25,969.1
2021-02-08,16 day ahead inc hosp,2021-02-24,06,quantile,0.25,961.9
2021-02-08,17 day ahead inc hosp,2021-02-25,06,quantile,0.25,954.6
2021-02-08,18 day ahead inc hosp,2021-02-26,06,quantile,0.25,947.2
2021-02-08,19 day ahead inc hosp,2021-02-27,06,quantile,0.25,939.9
2021-02-08,20 day ahead inc hosp,2021-02-28,06,quantile,0.25,932.4
2021-02-08,21 day ahead inc hosp,2021-03-01,06,quantile,0.25,924.9
2021-02-08,22 day ahead inc hosp,2021-03-02,06,quantile,0.25,917.4
2021-02-08,23 day ahead inc hosp,2021-03-03,06,quantile,0.25,909.9
2021-02-08,24 day ahead inc hosp,2021-03-04,06,quantile,0.25,902.3
2021-02-08,25 day ahead inc hosp,2021-03-05,06,quantile,0.25,894.6
2021-02-08,26 day ahead inc hosp,2021-03-06,06,quantile,0.25,887
2021-02-08,27 day ahead inc hosp,2021-03-07,06,quantile,0.25,879.3
2021-02-08,28 day ahead inc hosp,2021-03-08,06,quantile,0.25,871.6
2021-02-08,1 day ahead inc hosp,2021-02-09,06,quantile,0.3,1075.8
2021-02-08,2 day ahead inc hosp,2021-02-10,06,quantile,0.3,1069.1
2021-02-08,3 day ahead inc hosp,2021-02-11,06,quantile,0.3,1062.5
2021-02-08,4 day ahead inc hosp,2021-02-12,06,quantile,0.3,1056
2021-02-08,5 day ahead inc hosp,2021-02-13,06,quantile,0.3,1049.4
2021-02-08,6 day ahead inc hosp,2021-02-14,06,quantile,0.3,1042.8
2021-02-08,7 day ahead inc hosp,2021-02-15,06,quantile,0.3,1036.2
2021-02-08,8 day ahead inc hosp,2021-02-16,06,quantile,0.3,1029.4
2021-02-08,9 day ahead inc hosp,2021-02-17,06,quantile,0.3,1022.6
2021-02-08,10 day ahead inc hosp,2021-02-18,06,quantile,0.3,1015.8
2021-02-08,11 day ahead inc hosp,2021-02-19,06,quantile,0.3,1008.9
2021-02-08,12 day ahead inc hosp,2021-02-20,06,quantile,0.3,1001.9
2021-02-08,13 day ahead inc hosp,2021-02-21,06,quantile,0.3,994.8
2021-02-08,14 day ahead inc hosp,2021-02-22,06,quantile,0.3,987.7
2021-02-08,15 day ahead inc hosp,2021-02-23,06,quantile,0.3,980.5
2021-02-08,16 day ahead inc hosp,2021-02-24,06,quantile,0.3,973.3
2021-02-08,17 day ahead inc hosp,2021-02-25,06,quantile,0.3,966
2021-02-08,18 day ahead inc hosp,2021-02-26,06,quantile,0.3,958.6
2021-02-08,19 day ahead inc hosp,2021-02-27,06,quantile,0.3,951.2
2021-02-08,20 day ahead inc hosp,2021-02-28,06,quantile,0.3,943.8
2021-02-08,21 day ahead inc hosp,2021-03-01,06,quantile,0.3,936.3
2021-02-08,22 day ahead inc hosp,2021-03-02,06,quantile,0.3,928.8
2021-02-08,23 day ahead inc hosp,2021-03-03,06,quantile,0.3,921.2
2021-02-08,24 day ahead inc hosp,2021-03-04,06,quantile,0.3,913.6
2021-02-08,25 day ahead inc hosp,2021-03-05,06,quantile,0.3,906
2021-02-08,26 day ahead inc hosp,2021-03-06,06,quantile,0.3,898.3
2021-02-08,27 day ahead inc hosp,2021-03-07,06,quantile,0.3,890.6
2021-02-08,28 day ahead inc hosp,2021-03-08,06,quantile,0.3,882.9
2021-02-08,1 day ahead inc hosp,2021-02-09,06,quantile,0.35,1086.5
2021-02-08,2 day ahead inc hosp,2021-02-10,06,quantile,0.35,1079.8
2021-02-08,3 day ahead inc hosp,2021-02-11,06,quantile,0.35,1073.2
2021-02-08,4 day ahead inc hosp,2021-02-12,06,quantile,0.35,1066.6
2021-02-08,5 day ahead inc hosp,2021-02-13,06,quantile,0.35,1060
2021-02-08,6 day ahead inc hosp,2021-02-14,06,quantile,0.35,1053.4
2021-02-08,7 day ahead inc hosp,2021-02-15,06,quantile,0.35,1046.8
2021-02-08,8 day ahead inc hosp,2021-02-16,06,quantile,0.35,1040
2021-02-08,9 day ahead inc hosp,2021-02-17,06,quantile,0.35,1033.2
2021-02-08,10 day ahead inc hosp,2021-02-18,06,quantile,0.35,1026.4
2021-02-08,11 day ahead inc hosp,2021-02-19,06,quantile,0.35,1019.4
2021-02-08,12 day ahead inc hosp,2021-02-20,06,quantile,0.35,1012.4
2021-02-08,13 day ahead inc hosp,2021-02-21,06,quantile,0.35,1005.4
2021-02-08,14 day ahead inc hosp,2021-02-22,06,quantile,0.35,998.3
2021-02-08,15 day ahead inc hosp,2021-02-23,06,quantile,0.35,991.1
2021-02-08,16 day ahead inc hosp,2021-02-24,06,quantile,0.35,983.8
2021-02-08,17 day ahead inc hosp,2021-02-25,06,quantile,0.35,976.5
2021-02-08,18 day ahead inc hosp,2021-02-26,06,quantile,0.35,969.2
2021-02-08,19 day ahead inc hosp,2021-02-27,06,quantile,0.35,961.8
2021-02-08,20 day ahead inc hosp,2021-02-28,06,quantile,0.35,954.3
2021-02-08,21 day ahead inc hosp,2021-03-01,06,quantile,0.35,946.8
2021-02-08,22 day ahead inc hosp,2021-03-02,06,quantile,0.35,939.3
2021-02-08,23 day ahead inc hosp,2021-03-03,06,quantile,0.35,931.7
2021-02-08,24 day ahead inc hosp,2021-03-04,06,quantile,0.35,924.1
2021-02-08,25 day ahead inc hosp,2021-03-05,06,quantile,0.35,916.5
2021-02-08,26 day ahead inc hosp,2021-03-06,06,quantile,0.35,908.8
2021-02-08,27 day ahead inc hosp,2021-03-07,06,quantile,0.35,901.1
2021-02-08,28 day ahead inc hosp,2021-03-08,06,quantile,0.35,893.4
2021-02-08,1 day ahead inc hosp,2021-02-09,06,quantile,0.4,1096.6
2021-02-08,2 day ahead inc hosp,2021-02-10,06,quantile,0.4,1089.9
2021-02-08,3 day ahead inc hosp,2021-02-11,06,quantile,0.4,1083.3
2021-02-08,4 day ahead inc hosp,2021-02-12,06,quantile,0.4,1076.7
2021-02-08,5 day ahead inc hosp,2021-02-13,06,quantile,0.4,1070.1
2021-02-08,6 day ahead inc hosp,2021-02-14,06,quantile,0.4,1063.5
2021-02-08,7 day ahead inc hosp,2021-02-15,06,quantile,0.4,1056.8
2021-02-08,8 day ahead inc hosp,2021-02-16,06,quantile,0.4,1050.1
2021-02-08,9 day ahead inc hosp,2021-02-17,06,quantile,0.4,1043.3
2021-02-08,10 day ahead inc hosp,2021-02-18,06,quantile,0.4,1036.4
2021-02-08,11 day ahead inc hosp,2021-02-19,06,quantile,0.4,1029.5
2021-02-08,12 day ahead inc hosp,2021-02-20,06,quantile,0.4,1022.5
2021-02-08,13 day ahead inc hosp,2021-02-21,06,quantile,0.4,1015.4
2021-02-08,14 day ahead inc hosp,2021-02-22,06,quantile,0.4,1008.3
2021-02-08,15 day ahead inc hosp,2021-02-23,06,quantile,0.4,1001.1
2021-02-08,16 day ahead inc hosp,2021-02-24,06,quantile,0.4,993.9
2021-02-08,17 day ahead inc hosp,2021-02-25,06,quantile,0.4,986.6
2021-02-08,18 day ahead inc hosp,2021-02-26,06,quantile,0.4,979.2
2021-02-08,19 day ahead inc hosp,2021-02-27,06,quantile,0.4,971.8
2021-02-08,20 day ahead inc hosp,2021-02-28,06,quantile,0.4,964.3
2021-02-08,21 day ahead inc hosp,2021-03-01,06,quantile,0.4,956.8
2021-02-08,22 day ahead inc hosp,2021-03-02,06,quantile,0.4,949.3
2021-02-08,23 day ahead inc hosp,2021-03-03,06,quantile,0.4,941.7
2021-02-08,24 day ahead inc hosp,2021-03-04,06,quantile,0.4,934.1
2021-02-08,25 day ahead inc hosp,2021-03-05,06,quantile,0.4,926.5
2021-02-08,26 day ahead inc hosp,2021-03-06,06,quantile,0.4,918.8
2021-02-08,27 day ahead inc hosp,2021-03-07,06,quantile,0.4,911.1
2021-02-08,28 day ahead inc hosp,2021-03-08,06,quantile,0.4,903.3
2021-02-08,1 day ahead inc hosp,2021-02-09,06,quantile,0.45,1106.3
2021-02-08,2 day ahead inc hosp,2021-02-10,06,quantile,0.45,1099.6
2021-02-08,3 day ahead inc hosp,2021-02-11,06,quantile,0.45,1093
2021-02-08,4 day ahead inc hosp,2021-02-12,06,quantile,0.45,1086.5
2021-02-08,5 day ahead inc hosp,2021-02-13,06,quantile,0.45,1079.9
2021-02-08,6 day ahead inc hosp,2021-02-14,06,quantile,0.45,1073.3
2021-02-08,7 day ahead inc hosp,2021-02-15,06,quantile,0.45,1066.6
2021-02-08,8 day ahead inc hosp,2021-02-16,06,quantile,0.45,1059.8
2021-02-08,9 day ahead inc hosp,2021-02-17,06,quantile,0.45,1053
2021-02-08,10 day ahead inc hosp,2021-02-18,06,quantile,0.45,1046.2
2021-02-08,11 day ahead inc hosp,2021-02-19,06,quantile,0.45,1039.2
2021-02-08,12 day ahead inc hosp,2021-02-20,06,quantile,0.45,1032.2
2021-02-08,13 day ahead inc hosp,2021-02-21,06,quantile,0.45,1025.1
2021-02-08,14 day ahead inc hosp,2021-02-22,06,quantile,0.45,1018
2021-02-08,15 day ahead inc hosp,2021-02-23,06,quantile,0.45,1010.8
2021-02-08,16 day ahead inc hosp,2021-02-24,06,quantile,0.45,1003.6
2021-02-08,17 day ahead inc hosp,2021-02-25,06,quantile,0.45,996.2
2021-02-08,18 day ahead inc hosp,2021-02-26,06,quantile,0.45,988.9
2021-02-08,19 day ahead inc hosp,2021-02-27,06,quantile,0.45,981.5
2021-02-08,20 day ahead inc hosp,2021-02-28,06,quantile,0.45,974
2021-02-08,21 day ahead inc hosp,2021-03-01,06,quantile,0.45,966.5
2021-02-08,22 day ahead inc hosp,2021-03-02,06,quantile,0.45,959
2021-02-08,23 day ahead inc hosp,2021-03-03,06,quantile,0.45,951.4
2021-02-08,24 day ahead inc hosp,2021-03-04,06,quantile,0.45,943.8
2021-02-08,25 day ahead inc hosp,2021-03-05,06,quantile,0.45,936.1
2021-02-08,26 day ahead inc hosp,2021-03-06,06,quantile,0.45,928.4
2021-02-08,27 day ahead inc hosp,2021-03-07,06,quantile,0.45,920.7
2021-02-08,28 day ahead inc hosp,2021-03-08,06,quantile,0.45,913
2021-02-08,1 day ahead inc hosp,2021-02-09,06,quantile,0.5,1115.9
2021-02-08,2 day ahead inc hosp,2021-02-10,06,quantile,0.5,1109.2
2021-02-08,3 day ahead inc hosp,2021-02-11,06,quantile,0.5,1102.6
2021-02-08,4 day ahead inc hosp,2021-02-12,06,quantile,0.5,1096.1
2021-02-08,5 day ahead inc hosp,2021-02-13,06,quantile,0.5,1089.5
2021-02-08,6 day ahead inc hosp,2021-02-14,06,quantile,0.5,1082.9
2021-02-08,7 day ahead inc hosp,2021-02-15,06,quantile,0.5,1076.2
2021-02-08,8 day ahead inc hosp,2021-02-16,06,quantile,0.5,1069.4
2021-02-08,9 day ahead inc hosp,2021-02-17,06,quantile,0.5,1062.6
2021-02-08,10 day ahead inc hosp,2021-02-18,06,quantile,0.5,1055.7
2021-02-08,11 day ahead inc hosp,2021-02-19,06,quantile,0.5,1048.8
2021-02-08,12 day ahead inc hosp,2021-02-20,06,quantile,0.5,1041.8
2021-02-08,13 day ahead inc hosp,2021-02-21,06,quantile,0.5,1034.7
2021-02-08,14 day ahead inc hosp,2021-02-22,06,quantile,0.5,1027.6
2021-02-08,15 day ahead inc hosp,2021-02-23,06,quantile,0.5,1020.4
2021-02-08,16 day ahead inc hosp,2021-02-24,06,quantile,0.5,1013.1
2021-02-08,17 day ahead inc hosp,2021-02-25,06,quantile,0.5,1005.8
2021-02-08,18 day ahead inc hosp,2021-02-26,06,quantile,0.5,998.4
2021-02-08,19 day ahead inc hosp,2021-02-27,06,quantile,0.5,991
2021-02-08,20 day ahead inc hosp,2021-02-28,06,quantile,0.5,983.5
2021-02-08,21 day ahead inc hosp,2021-03-01,06,quantile,0.5,976
2021-02-08,22 day ahead inc hosp,2021-03-02,06,quantile,0.5,968.5
2021-02-08,23 day ahead inc hosp,2021-03-03,06,quantile,0.5,960.9
2021-02-08,24 day ahead inc hosp,2021-03-04,06,quantile,0.5,953.3
2021-02-08,25 day ahead inc hosp,2021-03-05,06,quantile,0.5,945.6
2021-02-08,26 day ahead inc hosp,2021-03-06,06,quantile,0.5,937.9
2021-02-08,27 day ahead inc hosp,2021-03-07,06,quantile,0.5,930.2
2021-02-08,28 day ahead inc hosp,2021-03-08,06,quantile,0.5,922.4
2021-02-08,1 day ahead inc hosp,2021-02-09,06,quantile,0.55,1125.6
2021-02-08,2 day ahead inc hosp,2021-02-10,06,quantile,0.55,1118.8
2021-02-08,3 day ahead inc hosp,2021-02-11,06,quantile,0.55,1112.2
2021-02-08,4 day ahead inc hosp,2021-02-12,06,quantile,0.55,1105.7
2021-02-08,5 day ahead inc hosp,2021-02-13,06,quantile,0.55,1099.1
2021-02-08,6 day ahead inc hosp,2021-02-14,06,quantile,0.55,1092.4
2021-02-08,7 day ahead inc hosp,2021-02-15,06,quantile,0.55,1085.8
2021-02-08,8 day ahead inc hosp,2021-02-16,06,quantile,0.55,1079
2021-02-08,9 day ahead inc hosp,2021-02-17,06,quantile,0.55,1072.2
2021-02-08,10 day ahead inc hosp,2021-02-18,06,quantile,0.55,1065.3
2021-02-08,11 day ahead inc hosp,2021-02-19,06,quantile,0.55,1058.4
2021-02-08,12 day ahead inc hosp,2021-02-20,06,quantile,0.55,1051.3
2021-02-08,13 day ahead inc hosp,2021-02-21,06,quantile,0.55,1044.3
2021-02-08,14 day ahead inc hosp,2021-02-22,06,quantile,0.55,1037.1
2021-02-08,15 day ahead inc hosp,2021-02-23,06,quantile,0.55,1029.9
2021-02-08,16 day ahead inc hosp,2021-02-24,06,quantile,0.55,1022.6
2021-02-08,17 day ahead inc hosp,2021-02-25,06,quantile,0.55,1015.3
2021-02-08,18 day ahead inc hosp,2021-02-26,06,quantile,0.55,1007.9
2021-02-08,19 day ahead inc hosp,2021-02-27,06,quantile,0.55,1000.5
2021-02-08,20 day ahead inc hosp,2021-02-28,06,quantile,0.55,993.1
2021-02-08,21 day ahead inc hosp,2021-03-01,06,quantile,0.55,985.5
2021-02-08,22 day ahead inc hosp,2021-03-02,06,quantile,0.55,978
2021-02-08,23 day ahead inc hosp,2021-03-03,06,quantile,0.55,970.4
2021-02-08,24 day ahead inc hosp,2021-03-04,06,quantile,0.55,962.8
2021-02-08,25 day ahead inc hosp,2021-03-05,06,quantile,0.55,955.1
2021-02-08,26 day ahead inc hosp,2021-03-06,06,quantile,0.55,947.4
2021-02-08,27 day ahead inc hosp,2021-03-07,06,quantile,0.55,939.7
2021-02-08,28 day ahead inc hosp,2021-03-08,06,quantile,0.55,931.9
2021-02-08,1 day ahead inc hosp,2021-02-09,06,quantile,0.6,1135.3
2021-02-08,2 day ahead inc hosp,2021-02-10,06,quantile,0.6,1128.6
2021-02-08,3 day ahead inc hosp,2021-02-11,06,quantile,0.6,1122
2021-02-08,4 day ahead inc hosp,2021-02-12,06,quantile,0.6,1115.4
2021-02-08,5 day ahead inc hosp,2021-02-13,06,quantile,0.6,1108.8
2021-02-08,6 day ahead inc hosp,2021-02-14,06,quantile,0.6,1102.2
2021-02-08,7 day ahead inc hosp,2021-02-15,06,quantile,0.6,1095.5
2021-02-08,8 day ahead inc hosp,2021-02-16,06,quantile,0.6,1088.8
2021-02-08,9 day ahead inc hosp,2021-02-17,06,quantile,0.6,1081.9
2021-02-08,10 day ahead inc hosp,2021-02-18,06,quantile,0.6,1075
2021-02-08,11 day ahead inc hosp,2021-02-19,06,quantile,0.6,1068.1
2021-02-08,12 day ahead inc hosp,2021-02-20,06,quantile,0.6,1061.1
2021-02-08,13 day ahead inc hosp,2021-02-21,06,quantile,0.6,1054
2021-02-08,14 day ahead inc hosp,2021-02-22,06,quantile,0.6,1046.8
2021-02-08,15 day ahead inc hosp,2021-02-23,06,quantile,0.6,1039.6
2021-02-08,16 day ahead inc hosp,2021-02-24,06,quantile,0.6,1032.3
2021-02-08,17 day ahead inc hosp,2021-02-25,06,quantile,0.6,1025
2021-02-08,18 day ahead inc hosp,2021-02-26,06,quantile,0.6,1017.6
2021-02-08,19 day ahead inc hosp,2021-02-27,06,quantile,0.6,1010.2
2021-02-08,20 day ahead inc hosp,2021-02-28,06,quantile,0.6,1002.7
2021-02-08,21 day ahead inc hosp,2021-03-01,06,quantile,0.6,995.2
2021-02-08,22 day ahead inc hosp,2021-03-02,06,quantile,0.6,987.6
2021-02-08,23 day ahead inc hosp,2021-03-03,06,quantile,0.6,980
2021-02-08,24 day ahead inc hosp,2021-03-04,06,quantile,0.6,972.4
2021-02-08,25 day ahead inc hosp,2021-03-05,06,quantile,0.6,964.7
2021-02-08,26 day ahead inc hosp,2021-03-06,06,quantile,0.6,957
2021-02-08,27 day ahead inc hosp,2021-03-07,06,quantile,0.6,949.3
2021-02-08,28 day ahead inc hosp,2021-03-08,06,quantile,0.6,941.5
2021-02-08,1 day ahead inc hosp,2021-02-09,06,quantile,0.65,1145.4
2021-02-08,2 day ahead inc hosp,2021-02-10,06,quantile,0.65,1138.7
2021-02-08,3 day ahead inc hosp,2021-02-11,06,quantile,0.65,1132.1
2021-02-08,4 day ahead inc hosp,2021-02-12,06,quantile,0.65,1125.5
2021-02-08,5 day ahead inc hosp,2021-02-13,06,quantile,0.65,1118.9
2021-02-08,6 day ahead inc hosp,2021-02-14,06,quantile,0.65,1112.3
2021-02-08,7 day ahead inc hosp,2021-02-15,06,quantile,0.65,1105.6
2021-02-08,8 day ahead inc hosp,2021-02-16,06,quantile,0.65,1098.8
2021-02-08,9 day ahead inc hosp,2021-02-17,06,quantile,0.65,1092
2021-02-08,10 day ahead inc hosp,2021-02-18,06,quantile,0.65,1085.1
2021-02-08,11 day ahead inc hosp,2021-02-19,06,quantile,0.65,1078.1
2021-02-08,12 day ahead inc hosp,2021-02-20,06,quantile,0.65,1071.1
2021-02-08,13 day ahead inc hosp,2021-02-21,06,quantile,0.65,1064
2021-02-08,14 day ahead inc hosp,2021-02-22,06,quantile,0.65,1056.9
2021-02-08,15 day ahead inc hosp,2021-02-23,06,quantile,0.65,1049.6
2021-02-08,16 day ahead inc hosp,2021-02-24,06,quantile,0.65,1042.4
2021-02-08,17 day ahead inc hosp,2021-02-25,06,quantile,0.65,1035
2021-02-08,18 day ahead inc hosp,2021-02-26,06,quantile,0.65,1027.6
2021-02-08,19 day ahead inc hosp,2021-02-27,06,quantile,0.65,1020.2
2021-02-08,20 day ahead inc hosp,2021-02-28,06,quantile,0.65,1012.7
2021-02-08,21 day ahead inc hosp,2021-03-01,06,quantile,0.65,1005.2
2021-02-08,22 day ahead inc hosp,2021-03-02,06,quantile,0.65,997.6
2021-02-08,23 day ahead inc hosp,2021-03-03,06,quantile,0.65,990
2021-02-08,24 day ahead inc hosp,2021-03-04,06,quantile,0.65,982.4
2021-02-08,25 day ahead inc hosp,2021-03-05,06,quantile,0.65,974.7
2021-02-08,26 day ahead inc hosp,2021-03-06,06,quantile,0.65,967
2021-02-08,27 day ahead inc hosp,2021-03-07,06,quantile,0.65,959.3
2021-02-08,28 day ahead inc hosp,2021-03-08,06,quantile,0.65,951.5
2021-02-08,1 day ahead inc hosp,2021-02-09,06,quantile,0.7,1156.1
2021-02-08,2 day ahead inc hosp,2021-02-10,06,quantile,0.7,1149.4
2021-02-08,3 day ahead inc hosp,2021-02-11,06,quantile,0.7,1142.7
2021-02-08,4 day ahead inc hosp,2021-02-12,06,quantile,0.7,1136.1
2021-02-08,5 day ahead inc hosp,2021-02-13,06,quantile,0.7,1129.5
2021-02-08,6 day ahead inc hosp,2021-02-14,06,quantile,0.7,1122.9
2021-02-08,7 day ahead inc hosp,2021-02-15,06,quantile,0.7,1116.2
2021-02-08,8 day ahead inc hosp,2021-02-16,06,quantile,0.7,1109.4
2021-02-08,9 day ahead inc hosp,2021-02-17,06,quantile,0.7,1102.6
2021-02-08,10 day ahead inc hosp,2021-02-18,06,quantile,0.7,1095.7
2021-02-08,11 day ahead inc hosp,2021-02-19,06,quantile,0.7,1088.7
2021-02-08,12 day ahead inc hosp,2021-02-20,06,quantile,0.7,1081.7
2021-02-08,13 day ahead inc hosp,2021-02-21,06,quantile,0.7,1074.6
2021-02-08,14 day ahead inc hosp,2021-02-22,06,quantile,0.7,1067.4
2021-02-08,15 day ahead inc hosp,2021-02-23,06,quantile,0.7,1060.2
2021-02-08,16 day ahead inc hosp,2021-02-24,06,quantile,0.7,1052.9
2021-02-08,17 day ahead inc hosp,2021-02-25,06,quantile,0.7,1045.6
2021-02-08,18 day ahead inc hosp,2021-02-26,06,quantile,0.7,1038.2
2021-02-08,19 day ahead inc hosp,2021-02-27,06,quantile,0.7,1030.8
2021-02-08,20 day ahead inc hosp,2021-02-28,06,quantile,0.7,1023.3
2021-02-08,21 day ahead inc hosp,2021-03-01,06,quantile,0.7,1015.7
2021-02-08,22 day ahead inc hosp,2021-03-02,06,quantile,0.7,1008.2
2021-02-08,23 day ahead inc hosp,2021-03-03,06,quantile,0.7,1000.5
2021-02-08,24 day ahead inc hosp,2021-03-04,06,quantile,0.7,992.9
2021-02-08,25 day ahead inc hosp,2021-03-05,06,quantile,0.7,985.2
2021-02-08,26 day ahead inc hosp,2021-03-06,06,quantile,0.7,977.5
2021-02-08,27 day ahead inc hosp,2021-03-07,06,quantile,0.7,969.8
2021-02-08,28 day ahead inc hosp,2021-03-08,06,quantile,0.7,962
2021-02-08,1 day ahead inc hosp,2021-02-09,06,quantile,0.75,1167.6
2021-02-08,2 day ahead inc hosp,2021-02-10,06,quantile,0.75,1160.8
2021-02-08,3 day ahead inc hosp,2021-02-11,06,quantile,0.75,1154.2
2021-02-08,4 day ahead inc hosp,2021-02-12,06,quantile,0.75,1147.6
2021-02-08,5 day ahead inc hosp,2021-02-13,06,quantile,0.75,1141
2021-02-08,6 day ahead inc hosp,2021-02-14,06,quantile,0.75,1134.4
2021-02-08,7 day ahead inc hosp,2021-02-15,06,quantile,0.75,1127.6
2021-02-08,8 day ahead inc hosp,2021-02-16,06,quantile,0.75,1120.9
2021-02-08,9 day ahead inc hosp,2021-02-17,06,quantile,0.75,1114
2021-02-08,10 day ahead inc hosp,2021-02-18,06,quantile,0.75,1107.1
2021-02-08,11 day ahead inc hosp,2021-02-19,06,quantile,0.75,1100.2
2021-02-08,12 day ahead inc hosp,2021-02-20,06,quantile,0.75,1093.1
2021-02-08,13 day ahead inc hosp,2021-02-21,06,quantile,0.75,1086
2021-02-08,14 day ahead inc hosp,2021-02-22,06,quantile,0.75,1078.8
2021-02-08,15 day ahead inc hosp,2021-02-23,06,quantile,0.75,1071.6
2021-02-08,16 day ahead inc hosp,2021-02-24,06,quantile,0.75,1064.3
2021-02-08,17 day ahead inc hosp,2021-02-25,06,quantile,0.75,1057
2021-02-08,18 day ahead inc hosp,2021-02-26,06,quantile,0.75,1049.6
2021-02-08,19 day ahead inc hosp,2021-02-27,06,quantile,0.75,1042.1
2021-02-08,20 day ahead inc hosp,2021-02-28,06,quantile,0.75,1034.6
2021-02-08,21 day ahead inc hosp,2021-03-01,06,quantile,0.75,1027.1
2021-02-08,22 day ahead inc hosp,2021-03-02,06,quantile,0.75,1019.5
2021-02-08,23 day ahead inc hosp,2021-03-03,06,quantile,0.75,1011.9
2021-02-08,24 day ahead inc hosp,2021-03-04,06,quantile,0.75,1004.2
2021-02-08,25 day ahead inc hosp,2021-03-05,06,quantile,0.75,996.6
2021-02-08,26 day ahead inc hosp,2021-03-06,06,quantile,0.75,988.8
2021-02-08,27 day ahead inc hosp,2021-03-07,06,quantile,0.75,981.1
2021-02-08,28 day ahead inc hosp,2021-03-08,06,quantile,0.75,973.3
2021-02-08,1 day ahead inc hosp,2021-02-09,06,quantile,0.8,1180.4
2021-02-08,2 day ahead inc hosp,2021-02-10,06,quantile,0.8,1173.6
2021-02-08,3 day ahead inc hosp,2021-02-11,06,quantile,0.8,1167
2021-02-08,4 day ahead inc hosp,2021-02-12,06,quantile,0.8,1160.4
2021-02-08,5 day ahead inc hosp,2021-02-13,06,quantile,0.8,1153.8
2021-02-08,6 day ahead inc hosp,2021-02-14,06,quantile,0.8,1147.1
2021-02-08,7 day ahead inc hosp,2021-02-15,06,quantile,0.8,1140.4
2021-02-08,8 day ahead inc hosp,2021-02-16,06,quantile,0.8,1133.6
2021-02-08,9 day ahead inc hosp,2021-02-17,06,quantile,0.8,1126.8
2021-02-08,10 day ahead inc hosp,2021-02-18,06,quantile,0.8,1119.9
2021-02-08,11 day ahead inc hosp,2021-02-19,06,quantile,0.8,1112.9
2021-02-08,12 day ahead inc hosp,2021-02-20,06,quantile,0.8,1105.8
2021-02-08,13 day ahead inc hosp,2021-02-21,06,quantile,0.8,1098.7
2021-02-08,14 day ahead inc hosp,2021-02-22,06,quantile,0.8,1091.6
2021-02-08,15 day ahead inc hosp,2021-02-23,06,quantile,0.8,1084.3
2021-02-08,16 day ahead inc hosp,2021-02-24,06,quantile,0.8,1077
2021-02-08,17 day ahead inc hosp,2021-02-25,06,quantile,0.8,1069.7
2021-02-08,18 day ahead inc hosp,2021-02-26,06,quantile,0.8,1062.3
2021-02-08,19 day ahead inc hosp,2021-02-27,06,quantile,0.8,1054.8
2021-02-08,20 day ahead inc hosp,2021-02-28,06,quantile,0.8,1047.3
2021-02-08,21 day ahead inc hosp,2021-03-01,06,quantile,0.8,1039.8
2021-02-08,22 day ahead inc hosp,2021-03-02,06,quantile,0.8,1032.2
2021-02-08,23 day ahead inc hosp,2021-03-03,06,quantile,0.8,1024.5
2021-02-08,24 day ahead inc hosp,2021-03-04,06,quantile,0.8,1016.9
2021-02-08,25 day ahead inc hosp,2021-03-05,06,quantile,0.8,1009.2
2021-02-08,26 day ahead inc hosp,2021-03-06,06,quantile,0.8,1001.4
2021-02-08,27 day ahead inc hosp,2021-03-07,06,quantile,0.8,993.7
2021-02-08,28 day ahead inc hosp,2021-03-08,06,quantile,0.8,985.9
2021-02-08,1 day ahead inc hosp,2021-02-09,06,quantile,0.85,1195.3
2021-02-08,2 day ahead inc hosp,2021-02-10,06,quantile,0.85,1188.5
2021-02-08,3 day ahead inc hosp,2021-02-11,06,quantile,0.85,1181.9
2021-02-08,4 day ahead inc hosp,2021-02-12,06,quantile,0.85,1175.3
2021-02-08,5 day ahead inc hosp,2021-02-13,06,quantile,0.85,1168.6
2021-02-08,6 day ahead inc hosp,2021-02-14,06,quantile,0.85,1162
2021-02-08,7 day ahead inc hosp,2021-02-15,06,quantile,0.85,1155.3
2021-02-08,8 day ahead inc hosp,2021-02-16,06,quantile,0.85,1148.5
2021-02-08,9 day ahead inc hosp,2021-02-17,06,quantile,0.85,1141.6
2021-02-08,10 day ahead inc hosp,2021-02-18,06,quantile,0.85,1134.7
2021-02-08,11 day ahead inc hosp,2021-02-19,06,quantile,0.85,1127.7
2021-02-08,12 day ahead inc hosp,2021-02-20,06,quantile,0.85,1120.7
2021-02-08,13 day ahead inc hosp,2021-02-21,06,quantile,0.85,1113.5
2021-02-08,14 day ahead inc hosp,2021-02-22,06,quantile,0.85,1106.4
2021-02-08,15 day ahead inc hosp,2021-02-23,06,quantile,0.85,1099.1
2021-02-08,16 day ahead inc hosp,2021-02-24,06,quantile,0.85,1091.8
2021-02-08,17 day ahead inc hosp,2021-02-25,06,quantile,0.85,1084.5
2021-02-08,18 day ahead inc hosp,2021-02-26,06,quantile,0.85,1077
2021-02-08,19 day ahead inc hosp,2021-02-27,06,quantile,0.85,1069.6
2021-02-08,20 day ahead inc hosp,2021-02-28,06,quantile,0.85,1062.1
2021-02-08,21 day ahead inc hosp,2021-03-01,06,quantile,0.85,1054.5
2021-02-08,22 day ahead inc hosp,2021-03-02,06,quantile,0.85,1046.9
2021-02-08,23 day ahead inc hosp,2021-03-03,06,quantile,0.85,1039.3
2021-02-08,24 day ahead inc hosp,2021-03-04,06,quantile,0.85,1031.6
2021-02-08,25 day ahead inc hosp,2021-03-05,06,quantile,0.85,1023.9
2021-02-08,26 day ahead inc hosp,2021-03-06,06,quantile,0.85,1016.2
2021-02-08,27 day ahead inc hosp,2021-03-07,06,quantile,0.85,1008.4
2021-02-08,28 day ahead inc hosp,2021-03-08,06,quantile,0.85,1000.6
2021-02-08,1 day ahead inc hosp,2021-02-09,06,quantile,0.9,1214
2021-02-08,2 day ahead inc hosp,2021-02-10,06,quantile,0.9,1207.3
2021-02-08,3 day ahead inc hosp,2021-02-11,06,quantile,0.9,1200.6
2021-02-08,4 day ahead inc hosp,2021-02-12,06,quantile,0.9,1194
2021-02-08,5 day ahead inc hosp,2021-02-13,06,quantile,0.9,1187.4
2021-02-08,6 day ahead inc hosp,2021-02-14,06,quantile,0.9,1180.7
2021-02-08,7 day ahead inc hosp,2021-02-15,06,quantile,0.9,1174
2021-02-08,8 day ahead inc hosp,2021-02-16,06,quantile,0.9,1167.2
2021-02-08,9 day ahead inc hosp,2021-02-17,06,quantile,0.9,1160.3
2021-02-08,10 day ahead inc hosp,2021-02-18,06,quantile,0.9,1153.4
2021-02-08,11 day ahead inc hosp,2021-02-19,06,quantile,0.9,1146.4
2021-02-08,12 day ahead inc hosp,2021-02-20,06,quantile,0.9,1139.3
2021-02-08,13 day ahead inc hosp,2021-02-21,06,quantile,0.9,1132.2
2021-02-08,14 day ahead inc hosp,2021-02-22,06,quantile,0.9,1125
2021-02-08,15 day ahead inc hosp,2021-02-23,06,quantile,0.9,1117.7
2021-02-08,16 day ahead inc hosp,2021-02-24,06,quantile,0.9,1110.4
2021-02-08,17 day ahead inc hosp,2021-02-25,06,quantile,0.9,1103.1
2021-02-08,18 day ahead inc hosp,2021-02-26,06,quantile,0.9,1095.6
2021-02-08,19 day ahead inc hosp,2021-02-27,06,quantile,0.9,1088.2
2021-02-08,20 day ahead inc hosp,2021-02-28,06,quantile,0.9,1080.6
2021-02-08,21 day ahead inc hosp,2021-03-01,06,quantile,0.9,1073.1
2021-02-08,22 day ahead inc hosp,2021-03-02,06,quantile,0.9,1065.5
2021-02-08,23 day ahead inc hosp,2021-03-03,06,quantile,0.9,1057.8
2021-02-08,24 day ahead inc hosp,2021-03-04,06,quantile,0.9,1050.1
2021-02-08,25 day ahead inc hosp,2021-03-05,06,quantile,0.9,1042.4
2021-02-08,26 day ahead inc hosp,2021-03-06,06,quantile,0.9,1034.7
2021-02-08,27 day ahead inc hosp,2021-03-07,06,quantile,0.9,1026.9
2021-02-08,28 day ahead inc hosp,2021-03-08,06,quantile,0.9,1019.1
2021-02-08,1 day ahead inc hosp,2021-02-09,06,quantile,0.95,1241.8
2021-02-08,2 day ahead inc hosp,2021-02-10,06,quantile,0.95,1235.1
2021-02-08,3 day ahead inc hosp,2021-02-11,06,quantile,0.95,1228.4
2021-02-08,4 day ahead inc hosp,2021-02-12,06,quantile,0.95,1221.8
2021-02-08,5 day ahead inc hosp,2021-02-13,06,quantile,0.95,1215.1
2021-02-08,6 day ahead inc hosp,2021-02-14,06,quantile,0.95,1208.4
2021-02-08,7 day ahead inc hosp,2021-02-15,06,quantile,0.95,1201.7
2021-02-08,8 day ahead inc hosp,2021-02-16,06,quantile,0.95,1194.9
2021-02-08,9 day ahead inc hosp,2021-02-17,06,quantile,0.95,1188
2021-02-08,10 day ahead inc hosp,2021-02-18,06,quantile,0.95,1181.1
2021-02-08,11 day ahead inc hosp,2021-02-19,06,quantile,0.95,1174.1
2021-02-08,12 day ahead inc hosp,2021-02-20,06,quantile,0.95,1167
2021-02-08,13 day ahead inc hosp,2021-02-21,06,quantile,0.95,1159.8
2021-02-08,14 day ahead inc hosp,2021-02-22,06,quantile,0.95,1152.6
2021-02-08,15 day ahead inc hosp,2021-02-23,06,quantile,0.95,1145.4
2021-02-08,16 day ahead inc hosp,2021-02-24,06,quantile,0.95,1138
2021-02-08,17 day ahead inc hosp,2021-02-25,06,quantile,0.95,1130.6
2021-02-08,18 day ahead inc hosp,2021-02-26,06,quantile,0.95,1123.2
2021-02-08,19 day ahead inc hosp,2021-02-27,06,quantile,0.95,1115.7
2021-02-08,20 day ahead inc hosp,2021-02-28,06,quantile,0.95,1108.2
2021-02-08,21 day ahead inc hosp,2021-03-01,06,quantile,0.95,1100.6
2021-02-08,22 day ahead inc hosp,2021-03-02,06,quantile,0.95,1093
2021-02-08,23 day ahead inc hosp,2021-03-03,06,quantile,0.95,1085.3
2021-02-08,24 day ahead inc hosp,2021-03-04,06,quantile,0.95,1077.6
2021-02-08,25 day ahead inc hosp,2021-03-05,06,quantile,0.95,1069.9
2021-02-08,26 day ahead inc hosp,2021-03-06,06,quantile,0.95,1062.1
2021-02-08,27 day ahead inc hosp,2021-03-07,06,quantile,0.95,1054.3
2021-02-08,28 day ahead inc hosp,2021-03-08,06,quantile,0.95,1046.5
2021-02-08,1 day ahead inc hosp,2021-02-09,06,quantile,0.975,1265.9
2021-02-08,2 day ahead inc hosp,2021-02-10,06,quantile,0.975,1259.2
2021-02-08,3 day ahead inc hosp,2021-02-11,06,quantile,0.975,1252.5
2021-02-08,4 day ahead inc hosp,2021-02-12,06,quantile,0.975,1245.8
2021-02-08,5 day ahead inc hosp,2021-02-13,06,quantile,0.975,1239.2
2021-02-08,6 day ahead inc hosp,2021-02-14,06,quantile,0.975,1232.5
2021-02-08,7 day ahead inc hosp,2021-02-15,06,quantile,0.975,1225.7
2021-02-08,8 day ahead inc hosp,2021-02-16,06,quantile,0.975,1218.9
2021-02-08,9 day ahead inc hosp,2021-02-17,06,quantile,0.975,1212
2021-02-08,10 day ahead inc hosp,2021-02-18,06,quantile,0.975,1205.1
2021-02-08,11 day ahead inc hosp,2021-02-19,06,quantile,0.975,1198.1
2021-02-08,12 day ahead inc hosp,2021-02-20,06,quantile,0.975,1191
2021-02-08,13 day ahead inc hosp,2021-02-21,06,quantile,0.975,1183.8
2021-02-08,14 day ahead inc hosp,2021-02-22,06,quantile,0.975,1176.6
2021-02-08,15 day ahead inc hosp,2021-02-23,06,quantile,0.975,1169.3
2021-02-08,16 day ahead inc hosp,2021-02-24,06,quantile,0.975,1162
2021-02-08,17 day ahead inc hosp,2021-02-25,06,quantile,0.975,1154.6
2021-02-08,18 day ahead inc hosp,2021-02-26,06,quantile,0.975,1147.1
2021-02-08,19 day ahead inc hosp,2021-02-27,06,quantile,0.975,1139.6
2021-02-08,20 day ahead inc hosp,2021-02-28,06,quantile,0.975,1132.1
2021-02-08,21 day ahead inc hosp,2021-03-01,06,quantile,0.975,1124.5
2021-02-08,22 day ahead inc hosp,2021-03-02,06,quantile,0.975,1116.8
2021-02-08,23 day ahead inc hosp,2021-03-03,06,quantile,0.975,1109.1
2021-02-08,24 day ahead inc hosp,2021-03-04,06,quantile,0.975,1101.4
2021-02-08,25 day ahead inc hosp,2021-03-05,06,quantile,0.975,1093.7
2021-02-08,26 day ahead inc hosp,2021-03-06,06,quantile,0.975,1085.9
2021-02-08,27 day ahead inc hosp,2021-03-07,06,quantile,0.975,1078.1
2021-02-08,28 day ahead inc hosp,2021-03-08,06,quantile,0.975,1070.2
2021-02-08,1 day ahead inc hosp,2021-02-09,06,quantile,0.99,1294
2021-02-08,2 day ahead inc hosp,2021-02-10,06,quantile,0.99,1287.2
2021-02-08,3 day ahead inc hosp,2021-02-11,06,quantile,0.99,1280.5
2021-02-08,4 day ahead inc hosp,2021-02-12,06,quantile,0.99,1273.8
2021-02-08,5 day ahead inc hosp,2021-02-13,06,quantile,0.99,1267.2
2021-02-08,6 day ahead inc hosp,2021-02-14,06,quantile,0.99,1260.5
2021-02-08,7 day ahead inc hosp,2021-02-15,06,quantile,0.99,1253.7
2021-02-08,8 day ahead inc hosp,2021-02-16,06,quantile,0.99,1246.9
2021-02-08,9 day ahead inc hosp,2021-02-17,06,quantile,0.99,1240
2021-02-08,10 day ahead inc hosp,2021-02-18,06,quantile,0.99,1233
2021-02-08,11 day ahead inc hosp,2021-02-19,06,quantile,0.99,1226
2021-02-08,12 day ahead inc hosp,2021-02-20,06,quantile,0.99,1218.9
2021-02-08,13 day ahead inc hosp,2021-02-21,06,quantile,0.99,1211.7
2021-02-08,14 day ahead inc hosp,2021-02-22,06,quantile,0.99,1204.4
2021-02-08,15 day ahead inc hosp,2021-02-23,06,quantile,0.99,1197.1
2021-02-08,16 day ahead inc hosp,2021-02-24,06,quantile,0.99,1189.8
2021-02-08,17 day ahead inc hosp,2021-02-25,06,quantile,0.99,1182.4
2021-02-08,18 day ahead inc hosp,2021-02-26,06,quantile,0.99,1174.9
2021-02-08,19 day ahead inc hosp,2021-02-27,06,quantile,0.99,1167.4
2021-02-08,20 day ahead inc hosp,2021-02-28,06,quantile,0.99,1159.8
2021-02-08,21 day ahead inc hosp,2021-03-01,06,quantile,0.99,1152.2
2021-02-08,22 day ahead inc hosp,2021-03-02,06,quantile,0.99,1144.5
2021-02-08,23 day ahead inc hosp,2021-03-03,06,quantile,0.99,1136.8
2021-02-08,24 day ahead inc hosp,2021-03-04,06,quantile,0.99,1129.1
2021-02-08,25 day ahead inc hosp,2021-03-05,06,quantile,0.99,1121.3
2021-02-08,26 day ahead inc hosp,2021-03-06,06,quantile,0.99,1113.5
2021-02-08,27 day ahead inc hosp,2021-03-07,06,quantile,0.99,1105.7
2021-02-08,28 day ahead inc hosp,2021-03-08,06,quantile,0.99,1097.8
2021-02-08,1 day ahead inc hosp,2021-02-09,06,point,NA,1115.9
2021-02-08,2 day ahead inc hosp,2021-02-10,06,point,NA,1109.2
2021-02-08,3 day ahead inc hosp,2021-02-11,06,point,NA,1102.6
2021-02-08,4 day ahead inc hosp,2021-02-12,06,point,NA,1096.1
2021-02-08,5 day ahead inc hosp,2021-02-13,06,point,NA,1089.5
2021-02-08,6 day ahead inc hosp,2021-02-14,06,point,NA,1082.9
2021-02-08,7 day ahead inc hosp,2021-02-15,06,point,NA,1076.2
2021-02-08,8 day ahead inc hosp,2021-02-16,06,point,NA,1069.4
2021-02-08,9 day ahead inc hosp,2021-02-17,06,point,NA,1062.6
2021-02-08,10 day ahead inc hosp,2021-02-18,06,point,NA,1055.7
2021-02-08,11 day ahead inc hosp,2021-02-19,06,point,NA,1048.8
2021-02-08,12 day ahead inc hosp,2021-02-20,06,point,NA,1041.8
2021-02-08,13 day ahead inc hosp,2021-02-21,06,point,NA,1034.7
2021-02-08,14 day ahead inc hosp,2021-02-22,06,point,NA,1027.6
2021-02-08,15 day ahead inc hosp,2021-02-23,06,point,NA,1020.4
2021-02-08,16 day ahead inc hosp,2021-02-24,06,point,NA,1013.1
2021-02-08,17 day ahead inc hosp,2021-02-25,06,point,NA,1005.8
2021-02-08,18 day ahead inc hosp,2021-02-26,06,point,NA,998.4
2021-02-08,19 day ahead inc hosp,2021-02-27,06,point,NA,991
2021-02-08,20 day ahead inc hosp,2021-02-28,06,point,NA,983.5
2021-02-08,21 day ahead inc hosp,2021-03-01,06,point,NA,976
2021-02-08,22 day ahead inc hosp,2021-03-02,06,point,NA,968.5
2021-02-08,23 day ahead inc hosp,2021-03-03,06,point,NA,960.9
2021-02-08,24 day ahead inc hosp,2021-03-04,06,point,NA,953.3
2021-02-08,25 day ahead inc hosp,2021-03-05,06,point,NA,945.6
2021-02-08,26 day ahead inc hosp,2021-03-06,06,point,NA,937.9
2021-02-08,27 day ahead inc hosp,2021-03-07,06,point,NA,930.2
2021-02-08,28 day ahead inc hosp,2021-03-08,06,point,NA,922.4
2021-02-08,1 wk ahead inc death,2021-02-13,06,quantile,0.01,2261
2021-02-08,2 wk ahead inc death,2021-02-20,06,quantile,0.01,1973
2021-02-08,3 wk ahead inc death,2021-02-27,06,quantile,0.01,1742
2021-02-08,4 wk ahead inc death,2021-03-06,06,quantile,0.01,1563
2021-02-08,1 wk ahead inc death,2021-02-13,06,quantile,0.025,2315
2021-02-08,2 wk ahead inc death,2021-02-20,06,quantile,0.025,2026
2021-02-08,3 wk ahead inc death,2021-02-27,06,quantile,0.025,1795
2021-02-08,4 wk ahead inc death,2021-03-06,06,quantile,0.025,1615
2021-02-08,1 wk ahead inc death,2021-02-13,06,quantile,0.05,2361
2021-02-08,2 wk ahead inc death,2021-02-20,06,quantile,0.05,2072
2021-02-08,3 wk ahead inc death,2021-02-27,06,quantile,0.05,1841
2021-02-08,4 wk ahead inc death,2021-03-06,06,quantile,0.05,1661
2021-02-08,1 wk ahead inc death,2021-02-13,06,quantile,0.1,2414
2021-02-08,2 wk ahead inc death,2021-02-20,06,quantile,0.1,2125
2021-02-08,3 wk ahead inc death,2021-02-27,06,quantile,0.1,1893
2021-02-08,4 wk ahead inc death,2021-03-06,06,quantile,0.1,1713
2021-02-08,1 wk ahead inc death,2021-02-13,06,quantile,0.15,2450
2021-02-08,2 wk ahead inc death,2021-02-20,06,quantile,0.15,2160
2021-02-08,3 wk ahead inc death,2021-02-27,06,quantile,0.15,1929
2021-02-08,4 wk ahead inc death,2021-03-06,06,quantile,0.15,1749
2021-02-08,1 wk ahead inc death,2021-02-13,06,quantile,0.2,2479
2021-02-08,2 wk ahead inc death,2021-02-20,06,quantile,0.2,2189
2021-02-08,3 wk ahead inc death,2021-02-27,06,quantile,0.2,1957
2021-02-08,4 wk ahead inc death,2021-03-06,06,quantile,0.2,1777
2021-02-08,1 wk ahead inc death,2021-02-13,06,quantile,0.25,2503
2021-02-08,2 wk ahead inc death,2021-02-20,06,quantile,0.25,2213
2021-02-08,3 wk ahead inc death,2021-02-27,06,quantile,0.25,1981
2021-02-08,4 wk ahead inc death,2021-03-06,06,quantile,0.25,1801
2021-02-08,1 wk ahead inc death,2021-02-13,06,quantile,0.3,2525
2021-02-08,2 wk ahead inc death,2021-02-20,06,quantile,0.3,2235
2021-02-08,3 wk ahead inc death,2021-02-27,06,quantile,0.3,2003
2021-02-08,4 wk ahead inc death,2021-03-06,06,quantile,0.3,1822
2021-02-08,1 wk ahead inc death,2021-02-13,06,quantile,0.35,2546
2021-02-08,2 wk ahead inc death,2021-02-20,06,quantile,0.35,2255
2021-02-08,3 wk ahead inc death,2021-02-27,06,quantile,0.35,2023
2021-02-08,4 wk ahead inc death,2021-03-06,06,quantile,0.35,1843
2021-02-08,1 wk ahead inc death,2021-02-13,06,quantile,0.4,2565
2021-02-08,2 wk ahead inc death,2021-02-20,06,quantile,0.4,2274
2021-02-08,3 wk ahead inc death,2021-02-27,06,quantile,0.4,2042
2021-02-08,4 wk ahead inc death,2021-03-06,06,quantile,0.4,1862
2021-02-08,1 wk ahead inc death,2021-02-13,06,quantile,0.45,2584
2021-02-08,2 wk ahead inc death,2021-02-20,06,quantile,0.45,2293
2021-02-08,3 wk ahead inc death,2021-02-27,06,quantile,0.45,2061
2021-02-08,4 wk ahead inc death,2021-03-06,06,quantile,0.45,1880
2021-02-08,1 wk ahead inc death,2021-02-13,06,quantile,0.5,2602
2021-02-08,2 wk ahead inc death,2021-02-20,06,quantile,0.5,2311
2021-02-08,3 wk ahead inc death,2021-02-27,06,quantile,0.5,2079
2021-02-08,4 wk ahead inc death,2021-03-06,06,quantile,0.5,1898
2021-02-08,1 wk ahead inc death,2021-02-13,06,quantile,0.55,2621
2021-02-08,2 wk ahead inc death,2021-02-20,06,quantile,0.55,2329
2021-02-08,3 wk ahead inc death,2021-02-27,06,quantile,0.55,2097
2021-02-08,4 wk ahead inc death,2021-03-06,06,quantile,0.55,1916
2021-02-08,1 wk ahead inc death,2021-02-13,06,quantile,0.6,2639
2021-02-08,2 wk ahead inc death,2021-02-20,06,quantile,0.6,2348
2021-02-08,3 wk ahead inc death,2021-02-27,06,quantile,0.6,2116
2021-02-08,4 wk ahead inc death,2021-03-06,06,quantile,0.6,1935
2021-02-08,1 wk ahead inc death,2021-02-13,06,quantile,0.65,2659
2021-02-08,2 wk ahead inc death,2021-02-20,06,quantile,0.65,2367
2021-02-08,3 wk ahead inc death,2021-02-27,06,quantile,0.65,2135
2021-02-08,4 wk ahead inc death,2021-03-06,06,quantile,0.65,1954
2021-02-08,1 wk ahead inc death,2021-02-13,06,quantile,0.7,2679
2021-02-08,2 wk ahead inc death,2021-02-20,06,quantile,0.7,2387
2021-02-08,3 wk ahead inc death,2021-02-27,06,quantile,0.7,2155
2021-02-08,4 wk ahead inc death,2021-03-06,06,quantile,0.7,1974
2021-02-08,1 wk ahead inc death,2021-02-13,06,quantile,0.75,2701
2021-02-08,2 wk ahead inc death,2021-02-20,06,quantile,0.75,2409
2021-02-08,3 wk ahead inc death,2021-02-27,06,quantile,0.75,2177
2021-02-08,4 wk ahead inc death,2021-03-06,06,quantile,0.75,1995
2021-02-08,1 wk ahead inc death,2021-02-13,06,quantile,0.8,2725
2021-02-08,2 wk ahead inc death,2021-02-20,06,quantile,0.8,2434
2021-02-08,3 wk ahead inc death,2021-02-27,06,quantile,0.8,2201
2021-02-08,4 wk ahead inc death,2021-03-06,06,quantile,0.8,2019
2021-02-08,1 wk ahead inc death,2021-02-13,06,quantile,0.85,2754
2021-02-08,2 wk ahead inc death,2021-02-20,06,quantile,0.85,2462
2021-02-08,3 wk ahead inc death,2021-02-27,06,quantile,0.85,2229
2021-02-08,4 wk ahead inc death,2021-03-06,06,quantile,0.85,2048
2021-02-08,1 wk ahead inc death,2021-02-13,06,quantile,0.9,2790
2021-02-08,2 wk ahead inc death,2021-02-20,06,quantile,0.9,2498
2021-02-08,3 wk ahead inc death,2021-02-27,06,quantile,0.9,2264
2021-02-08,4 wk ahead inc death,2021-03-06,06,quantile,0.9,2083
2021-02-08,1 wk ahead inc death,2021-02-13,06,quantile,0.95,2843
2021-02-08,2 wk ahead inc death,2021-02-20,06,quantile,0.95,2551
2021-02-08,3 wk ahead inc death,2021-02-27,06,quantile,0.95,2317
2021-02-08,4 wk ahead inc death,2021-03-06,06,quantile,0.95,2135
2021-02-08,1 wk ahead inc death,2021-02-13,06,quantile,0.975,2889
2021-02-08,2 wk ahead inc death,2021-02-20,06,quantile,0.975,2596
2021-02-08,3 wk ahead inc death,2021-02-27,06,quantile,0.975,2363
2021-02-08,4 wk ahead inc death,2021-03-06,06,quantile,0.975,2181
2021-02-08,1 wk ahead inc death,2021-02-13,06,quantile,0.99,2943
2021-02-08,2 wk ahead inc death,2021-02-20,06,quantile,0.99,2650
2021-02-08,3 wk ahead inc death,2021-02-27,06,quantile,0.99,2416
2021-02-08,4 wk ahead inc death,2021-03-06,06,quantile,0.99,2234
2021-02-08,1 wk ahead inc death,2021-02-13,06,point,NA,2602
2021-02-08,2 wk ahead inc death,2021-02-20,06,point,NA,2311
2021-02-08,3 wk ahead inc death,2021-02-27,06,point,NA,2079
2021-02-08,4 wk ahead inc death,2021-03-06,06,point,NA,1898
