forecast_date,target,target_end_date,location,type,quantile,value
2021-04-26,1 wk ahead inc case,2021-05-01,06,quantile,0.025,8686
2021-04-26,2 wk ahead inc case,2021-05-08,06,quantile,0.025,6627
2021-04-26,3 wk ahead inc case,2021-05-15,06,quantile,0.025,5196
2021-04-26,4 wk ahead inc case,2021-05-22,06,quantile,0.025,3985
2021-04-26,1 wk ahead inc case,2021-05-01,06,quantile,0.1,10409
2021-04-26,2 wk ahead inc case,2021-05-08,06,quantile,0.1,8348
2021-04-26,3 wk ahead inc case,2021-05-15,06,quantile,0.1,6774
2021-04-26,4 wk ahead inc case,2021-05-22,06,quantile,0.1,5427
2021-04-26,1 wk ahead inc case,2021-05-01,06,quantile,0.25,11951
2021-04-26,2 wk ahead inc case,2021-05-08,06,quantile,0.25,9889
2021-04-26,3 wk ahead inc case,2021-05-15,06,quantile,0.25,8186
2021-04-26,4 wk ahead inc case,2021-05-22,06,quantile,0.25,6717
2021-04-26,1 wk ahead inc case,2021-05-01,06,quantile,0.5,13664
2021-04-26,2 wk ahead inc case,2021-05-08,06,quantile,0.5,11600
2021-04-26,3 wk ahead inc case,2021-05-15,06,quantile,0.5,9755
2021-04-26,4 wk ahead inc case,2021-05-22,06,quantile,0.5,8151
2021-04-26,1 wk ahead inc case,2021-05-01,06,quantile,0.75,15377
2021-04-26,2 wk ahead inc case,2021-05-08,06,quantile,0.75,13312
2021-04-26,3 wk ahead inc case,2021-05-15,06,quantile,0.75,11324
2021-04-26,4 wk ahead inc case,2021-05-22,06,quantile,0.75,9584
2021-04-26,1 wk ahead inc case,2021-05-01,06,quantile,0.9,16919
2021-04-26,2 wk ahead inc case,2021-05-08,06,quantile,0.9,14852
2021-04-26,3 wk ahead inc case,2021-05-15,06,quantile,0.9,12736
2021-04-26,4 wk ahead inc case,2021-05-22,06,quantile,0.9,10875
2021-04-26,1 wk ahead inc case,2021-05-01,06,quantile,0.975,18642
2021-04-26,2 wk ahead inc case,2021-05-08,06,quantile,0.975,16573
2021-04-26,3 wk ahead inc case,2021-05-15,06,quantile,0.975,14314
2021-04-26,4 wk ahead inc case,2021-05-22,06,quantile,0.975,12317
2021-04-26,1 wk ahead inc case,2021-05-01,06,point,NA,13664
2021-04-26,2 wk ahead inc case,2021-05-08,06,point,NA,11600
2021-04-26,3 wk ahead inc case,2021-05-15,06,point,NA,9755
2021-04-26,4 wk ahead inc case,2021-05-22,06,point,NA,8151
2021-04-26,1 day ahead inc hosp,2021-04-27,06,quantile,0.01,74.374
2021-04-26,2 day ahead inc hosp,2021-04-28,06,quantile,0.01,69.686
2021-04-26,3 day ahead inc hosp,2021-04-29,06,quantile,0.01,65.032
2021-04-26,4 day ahead inc hosp,2021-04-30,06,quantile,0.01,60.431
2021-04-26,5 day ahead inc hosp,2021-05-01,06,quantile,0.01,55.894
2021-04-26,6 day ahead inc hosp,2021-05-02,06,quantile,0.01,51.429
2021-04-26,7 day ahead inc hosp,2021-05-03,06,quantile,0.01,47.038
2021-04-26,8 day ahead inc hosp,2021-05-04,06,quantile,0.01,42.725
2021-04-26,9 day ahead inc hosp,2021-05-05,06,quantile,0.01,38.489
2021-04-26,10 day ahead inc hosp,2021-05-06,06,quantile,0.01,34.333
2021-04-26,11 day ahead inc hosp,2021-05-07,06,quantile,0.01,30.255
2021-04-26,12 day ahead inc hosp,2021-05-08,06,quantile,0.01,26.254
2021-04-26,13 day ahead inc hosp,2021-05-09,06,quantile,0.01,22.332
2021-04-26,14 day ahead inc hosp,2021-05-10,06,quantile,0.01,18.485
2021-04-26,15 day ahead inc hosp,2021-05-11,06,quantile,0.01,14.715
2021-04-26,16 day ahead inc hosp,2021-05-12,06,quantile,0.01,11.02
2021-04-26,17 day ahead inc hosp,2021-05-13,06,quantile,0.01,7.399
2021-04-26,18 day ahead inc hosp,2021-05-14,06,quantile,0.01,3.852
2021-04-26,19 day ahead inc hosp,2021-05-15,06,quantile,0.01,0.377
2021-04-26,20 day ahead inc hosp,2021-05-16,06,quantile,0.01,0
2021-04-26,21 day ahead inc hosp,2021-05-17,06,quantile,0.01,0
2021-04-26,22 day ahead inc hosp,2021-05-18,06,quantile,0.01,0
2021-04-26,23 day ahead inc hosp,2021-05-19,06,quantile,0.01,0
2021-04-26,24 day ahead inc hosp,2021-05-20,06,quantile,0.01,0
2021-04-26,25 day ahead inc hosp,2021-05-21,06,quantile,0.01,0
2021-04-26,26 day ahead inc hosp,2021-05-22,06,quantile,0.01,0
2021-04-26,27 day ahead inc hosp,2021-05-23,06,quantile,0.01,0
2021-04-26,28 day ahead inc hosp,2021-05-24,06,quantile,0.01,0
2021-04-26,1 day ahead inc hosp,2021-04-27,06,quantile,0.025,96.062
2021-04-26,2 day ahead inc hosp,2021-04-28,06,quantile,0.025,91.358
2021-04-26,3 day ahead inc hosp,2021-04-29,06,quantile,0.025,86.688
2021-04-26,4 day ahead inc hosp,2021-04-30,06,quantile,0.025,82.071
2021-04-26,5 day ahead inc hosp,2021-05-01,06,quantile,0.025,77.519
2021-04-26,6 day ahead inc hosp,2021-05-02,06,quantile,0.025,73.038
2021-04-26,7 day ahead inc hosp,2021-05-03,06,quantile,0.025,68.632
2021-04-26,8 day ahead inc hosp,2021-05-04,06,quantile,0.025,64.304
2021-04-26,9 day ahead inc hosp,2021-05-05,06,quantile,0.025,60.054
2021-04-26,10 day ahead inc hosp,2021-05-06,06,quantile,0.025,55.883
2021-04-26,11 day ahead inc hosp,2021-05-07,06,quantile,0.025,51.791
2021-04-26,12 day ahead inc hosp,2021-05-08,06,quantile,0.025,47.776
2021-04-26,13 day ahead inc hosp,2021-05-09,06,quantile,0.025,43.84
2021-04-26,14 day ahead inc hosp,2021-05-10,06,quantile,0.025,39.981
2021-04-26,15 day ahead inc hosp,2021-05-11,06,quantile,0.025,36.197
2021-04-26,16 day ahead inc hosp,2021-05-12,06,quantile,0.025,32.49
2021-04-26,17 day ahead inc hosp,2021-05-13,06,quantile,0.025,28.856
2021-04-26,18 day ahead inc hosp,2021-05-14,06,quantile,0.025,25.296
2021-04-26,19 day ahead inc hosp,2021-05-15,06,quantile,0.025,21.809
2021-04-26,20 day ahead inc hosp,2021-05-16,06,quantile,0.025,18.394
2021-04-26,21 day ahead inc hosp,2021-05-17,06,quantile,0.025,15.05
2021-04-26,22 day ahead inc hosp,2021-05-18,06,quantile,0.025,11.775
2021-04-26,23 day ahead inc hosp,2021-05-19,06,quantile,0.025,8.569
2021-04-26,24 day ahead inc hosp,2021-05-20,06,quantile,0.025,5.432
2021-04-26,25 day ahead inc hosp,2021-05-21,06,quantile,0.025,2.361
2021-04-26,26 day ahead inc hosp,2021-05-22,06,quantile,0.025,0
2021-04-26,27 day ahead inc hosp,2021-05-23,06,quantile,0.025,0
2021-04-26,28 day ahead inc hosp,2021-05-24,06,quantile,0.025,0
2021-04-26,1 day ahead inc hosp,2021-04-27,06,quantile,0.05,114.715
2021-04-26,2 day ahead inc hosp,2021-04-28,06,quantile,0.05,109.997
2021-04-26,3 day ahead inc hosp,2021-04-29,06,quantile,0.05,105.313
2021-04-26,4 day ahead inc hosp,2021-04-30,06,quantile,0.05,100.683
2021-04-26,5 day ahead inc hosp,2021-05-01,06,quantile,0.05,96.117
2021-04-26,6 day ahead inc hosp,2021-05-02,06,quantile,0.05,91.623
2021-04-26,7 day ahead inc hosp,2021-05-03,06,quantile,0.05,87.204
2021-04-26,8 day ahead inc hosp,2021-05-04,06,quantile,0.05,82.863
2021-04-26,9 day ahead inc hosp,2021-05-05,06,quantile,0.05,78.601
2021-04-26,10 day ahead inc hosp,2021-05-06,06,quantile,0.05,74.417
2021-04-26,11 day ahead inc hosp,2021-05-07,06,quantile,0.05,70.313
2021-04-26,12 day ahead inc hosp,2021-05-08,06,quantile,0.05,66.287
2021-04-26,13 day ahead inc hosp,2021-05-09,06,quantile,0.05,62.339
2021-04-26,14 day ahead inc hosp,2021-05-10,06,quantile,0.05,58.468
2021-04-26,15 day ahead inc hosp,2021-05-11,06,quantile,0.05,54.673
2021-04-26,16 day ahead inc hosp,2021-05-12,06,quantile,0.05,50.954
2021-04-26,17 day ahead inc hosp,2021-05-13,06,quantile,0.05,47.31
2021-04-26,18 day ahead inc hosp,2021-05-14,06,quantile,0.05,43.74
2021-04-26,19 day ahead inc hosp,2021-05-15,06,quantile,0.05,40.242
2021-04-26,20 day ahead inc hosp,2021-05-16,06,quantile,0.05,36.817
2021-04-26,21 day ahead inc hosp,2021-05-17,06,quantile,0.05,33.462
2021-04-26,22 day ahead inc hosp,2021-05-18,06,quantile,0.05,30.178
2021-04-26,23 day ahead inc hosp,2021-05-19,06,quantile,0.05,26.963
2021-04-26,24 day ahead inc hosp,2021-05-20,06,quantile,0.05,23.816
2021-04-26,25 day ahead inc hosp,2021-05-21,06,quantile,0.05,20.736
2021-04-26,26 day ahead inc hosp,2021-05-22,06,quantile,0.05,17.723
2021-04-26,27 day ahead inc hosp,2021-05-23,06,quantile,0.05,14.775
2021-04-26,28 day ahead inc hosp,2021-05-24,06,quantile,0.05,11.891
2021-04-26,1 day ahead inc hosp,2021-04-27,06,quantile,0.1,136.22
2021-04-26,2 day ahead inc hosp,2021-04-28,06,quantile,0.1,131.487
2021-04-26,3 day ahead inc hosp,2021-04-29,06,quantile,0.1,126.787
2021-04-26,4 day ahead inc hosp,2021-04-30,06,quantile,0.1,122.141
2021-04-26,5 day ahead inc hosp,2021-05-01,06,quantile,0.1,117.56
2021-04-26,6 day ahead inc hosp,2021-05-02,06,quantile,0.1,113.05
2021-04-26,7 day ahead inc hosp,2021-05-03,06,quantile,0.1,108.616
2021-04-26,8 day ahead inc hosp,2021-05-04,06,quantile,0.1,104.261
2021-04-26,9 day ahead inc hosp,2021-05-05,06,quantile,0.1,99.984
2021-04-26,10 day ahead inc hosp,2021-05-06,06,quantile,0.1,95.786
2021-04-26,11 day ahead inc hosp,2021-05-07,06,quantile,0.1,91.668
2021-04-26,12 day ahead inc hosp,2021-05-08,06,quantile,0.1,87.628
2021-04-26,13 day ahead inc hosp,2021-05-09,06,quantile,0.1,83.666
2021-04-26,14 day ahead inc hosp,2021-05-10,06,quantile,0.1,79.782
2021-04-26,15 day ahead inc hosp,2021-05-11,06,quantile,0.1,75.975
2021-04-26,16 day ahead inc hosp,2021-05-12,06,quantile,0.1,72.243
2021-04-26,17 day ahead inc hosp,2021-05-13,06,quantile,0.1,68.586
2021-04-26,18 day ahead inc hosp,2021-05-14,06,quantile,0.1,65.004
2021-04-26,19 day ahead inc hosp,2021-05-15,06,quantile,0.1,61.494
2021-04-26,20 day ahead inc hosp,2021-05-16,06,quantile,0.1,58.057
2021-04-26,21 day ahead inc hosp,2021-05-17,06,quantile,0.1,54.691
2021-04-26,22 day ahead inc hosp,2021-05-18,06,quantile,0.1,51.395
2021-04-26,23 day ahead inc hosp,2021-05-19,06,quantile,0.1,48.169
2021-04-26,24 day ahead inc hosp,2021-05-20,06,quantile,0.1,45.012
2021-04-26,25 day ahead inc hosp,2021-05-21,06,quantile,0.1,41.921
2021-04-26,26 day ahead inc hosp,2021-05-22,06,quantile,0.1,38.897
2021-04-26,27 day ahead inc hosp,2021-05-23,06,quantile,0.1,35.939
2021-04-26,28 day ahead inc hosp,2021-05-24,06,quantile,0.1,33.046
2021-04-26,1 day ahead inc hosp,2021-04-27,06,quantile,0.15,150.73
2021-04-26,2 day ahead inc hosp,2021-04-28,06,quantile,0.15,145.986
2021-04-26,3 day ahead inc hosp,2021-04-29,06,quantile,0.15,141.275
2021-04-26,4 day ahead inc hosp,2021-04-30,06,quantile,0.15,136.619
2021-04-26,5 day ahead inc hosp,2021-05-01,06,quantile,0.15,132.027
2021-04-26,6 day ahead inc hosp,2021-05-02,06,quantile,0.15,127.507
2021-04-26,7 day ahead inc hosp,2021-05-03,06,quantile,0.15,123.063
2021-04-26,8 day ahead inc hosp,2021-05-04,06,quantile,0.15,118.697
2021-04-26,9 day ahead inc hosp,2021-05-05,06,quantile,0.15,114.411
2021-04-26,10 day ahead inc hosp,2021-05-06,06,quantile,0.15,110.203
2021-04-26,11 day ahead inc hosp,2021-05-07,06,quantile,0.15,106.076
2021-04-26,12 day ahead inc hosp,2021-05-08,06,quantile,0.15,102.027
2021-04-26,13 day ahead inc hosp,2021-05-09,06,quantile,0.15,98.056
2021-04-26,14 day ahead inc hosp,2021-05-10,06,quantile,0.15,94.163
2021-04-26,15 day ahead inc hosp,2021-05-11,06,quantile,0.15,90.347
2021-04-26,16 day ahead inc hosp,2021-05-12,06,quantile,0.15,86.606
2021-04-26,17 day ahead inc hosp,2021-05-13,06,quantile,0.15,82.941
2021-04-26,18 day ahead inc hosp,2021-05-14,06,quantile,0.15,79.35
2021-04-26,19 day ahead inc hosp,2021-05-15,06,quantile,0.15,75.833
2021-04-26,20 day ahead inc hosp,2021-05-16,06,quantile,0.15,72.388
2021-04-26,21 day ahead inc hosp,2021-05-17,06,quantile,0.15,69.014
2021-04-26,22 day ahead inc hosp,2021-05-18,06,quantile,0.15,65.711
2021-04-26,23 day ahead inc hosp,2021-05-19,06,quantile,0.15,62.477
2021-04-26,24 day ahead inc hosp,2021-05-20,06,quantile,0.15,59.312
2021-04-26,25 day ahead inc hosp,2021-05-21,06,quantile,0.15,56.215
2021-04-26,26 day ahead inc hosp,2021-05-22,06,quantile,0.15,53.184
2021-04-26,27 day ahead inc hosp,2021-05-23,06,quantile,0.15,50.219
2021-04-26,28 day ahead inc hosp,2021-05-24,06,quantile,0.15,47.318
2021-04-26,1 day ahead inc hosp,2021-04-27,06,quantile,0.2,162.262
2021-04-26,2 day ahead inc hosp,2021-04-28,06,quantile,0.2,157.509
2021-04-26,3 day ahead inc hosp,2021-04-29,06,quantile,0.2,152.79
2021-04-26,4 day ahead inc hosp,2021-04-30,06,quantile,0.2,148.125
2021-04-26,5 day ahead inc hosp,2021-05-01,06,quantile,0.2,143.525
2021-04-26,6 day ahead inc hosp,2021-05-02,06,quantile,0.2,138.997
2021-04-26,7 day ahead inc hosp,2021-05-03,06,quantile,0.2,134.545
2021-04-26,8 day ahead inc hosp,2021-05-04,06,quantile,0.2,130.171
2021-04-26,9 day ahead inc hosp,2021-05-05,06,quantile,0.2,125.877
2021-04-26,10 day ahead inc hosp,2021-05-06,06,quantile,0.2,121.662
2021-04-26,11 day ahead inc hosp,2021-05-07,06,quantile,0.2,117.527
2021-04-26,12 day ahead inc hosp,2021-05-08,06,quantile,0.2,113.47
2021-04-26,13 day ahead inc hosp,2021-05-09,06,quantile,0.2,109.492
2021-04-26,14 day ahead inc hosp,2021-05-10,06,quantile,0.2,105.592
2021-04-26,15 day ahead inc hosp,2021-05-11,06,quantile,0.2,101.769
2021-04-26,16 day ahead inc hosp,2021-05-12,06,quantile,0.2,98.022
2021-04-26,17 day ahead inc hosp,2021-05-13,06,quantile,0.2,94.35
2021-04-26,18 day ahead inc hosp,2021-05-14,06,quantile,0.2,90.753
2021-04-26,19 day ahead inc hosp,2021-05-15,06,quantile,0.2,87.229
2021-04-26,20 day ahead inc hosp,2021-05-16,06,quantile,0.2,83.777
2021-04-26,21 day ahead inc hosp,2021-05-17,06,quantile,0.2,80.397
2021-04-26,22 day ahead inc hosp,2021-05-18,06,quantile,0.2,77.088
2021-04-26,23 day ahead inc hosp,2021-05-19,06,quantile,0.2,73.849
2021-04-26,24 day ahead inc hosp,2021-05-20,06,quantile,0.2,70.678
2021-04-26,25 day ahead inc hosp,2021-05-21,06,quantile,0.2,67.575
2021-04-26,26 day ahead inc hosp,2021-05-22,06,quantile,0.2,64.538
2021-04-26,27 day ahead inc hosp,2021-05-23,06,quantile,0.2,61.568
2021-04-26,28 day ahead inc hosp,2021-05-24,06,quantile,0.2,58.662
2021-04-26,1 day ahead inc hosp,2021-04-27,06,quantile,0.25,172.155
2021-04-26,2 day ahead inc hosp,2021-04-28,06,quantile,0.25,167.395
2021-04-26,3 day ahead inc hosp,2021-04-29,06,quantile,0.25,162.669
2021-04-26,4 day ahead inc hosp,2021-04-30,06,quantile,0.25,157.996
2021-04-26,5 day ahead inc hosp,2021-05-01,06,quantile,0.25,153.389
2021-04-26,6 day ahead inc hosp,2021-05-02,06,quantile,0.25,148.854
2021-04-26,7 day ahead inc hosp,2021-05-03,06,quantile,0.25,144.395
2021-04-26,8 day ahead inc hosp,2021-05-04,06,quantile,0.25,140.015
2021-04-26,9 day ahead inc hosp,2021-05-05,06,quantile,0.25,135.714
2021-04-26,10 day ahead inc hosp,2021-05-06,06,quantile,0.25,131.492
2021-04-26,11 day ahead inc hosp,2021-05-07,06,quantile,0.25,127.351
2021-04-26,12 day ahead inc hosp,2021-05-08,06,quantile,0.25,123.288
2021-04-26,13 day ahead inc hosp,2021-05-09,06,quantile,0.25,119.304
2021-04-26,14 day ahead inc hosp,2021-05-10,06,quantile,0.25,115.398
2021-04-26,15 day ahead inc hosp,2021-05-11,06,quantile,0.25,111.568
2021-04-26,16 day ahead inc hosp,2021-05-12,06,quantile,0.25,107.816
2021-04-26,17 day ahead inc hosp,2021-05-13,06,quantile,0.25,104.138
2021-04-26,18 day ahead inc hosp,2021-05-14,06,quantile,0.25,100.535
2021-04-26,19 day ahead inc hosp,2021-05-15,06,quantile,0.25,97.005
2021-04-26,20 day ahead inc hosp,2021-05-16,06,quantile,0.25,93.549
2021-04-26,21 day ahead inc hosp,2021-05-17,06,quantile,0.25,90.163
2021-04-26,22 day ahead inc hosp,2021-05-18,06,quantile,0.25,86.849
2021-04-26,23 day ahead inc hosp,2021-05-19,06,quantile,0.25,83.604
2021-04-26,24 day ahead inc hosp,2021-05-20,06,quantile,0.25,80.428
2021-04-26,25 day ahead inc hosp,2021-05-21,06,quantile,0.25,77.32
2021-04-26,26 day ahead inc hosp,2021-05-22,06,quantile,0.25,74.279
2021-04-26,27 day ahead inc hosp,2021-05-23,06,quantile,0.25,71.304
2021-04-26,28 day ahead inc hosp,2021-05-24,06,quantile,0.25,68.394
2021-04-26,1 day ahead inc hosp,2021-04-27,06,quantile,0.3,181.039
2021-04-26,2 day ahead inc hosp,2021-04-28,06,quantile,0.3,176.272
2021-04-26,3 day ahead inc hosp,2021-04-29,06,quantile,0.3,171.54
2021-04-26,4 day ahead inc hosp,2021-04-30,06,quantile,0.3,166.861
2021-04-26,5 day ahead inc hosp,2021-05-01,06,quantile,0.3,162.248
2021-04-26,6 day ahead inc hosp,2021-05-02,06,quantile,0.3,157.706
2021-04-26,7 day ahead inc hosp,2021-05-03,06,quantile,0.3,153.241
2021-04-26,8 day ahead inc hosp,2021-05-04,06,quantile,0.3,148.855
2021-04-26,9 day ahead inc hosp,2021-05-05,06,quantile,0.3,144.548
2021-04-26,10 day ahead inc hosp,2021-05-06,06,quantile,0.3,140.32
2021-04-26,11 day ahead inc hosp,2021-05-07,06,quantile,0.3,136.173
2021-04-26,12 day ahead inc hosp,2021-05-08,06,quantile,0.3,132.104
2021-04-26,13 day ahead inc hosp,2021-05-09,06,quantile,0.3,128.115
2021-04-26,14 day ahead inc hosp,2021-05-10,06,quantile,0.3,124.203
2021-04-26,15 day ahead inc hosp,2021-05-11,06,quantile,0.3,120.369
2021-04-26,16 day ahead inc hosp,2021-05-12,06,quantile,0.3,116.61
2021-04-26,17 day ahead inc hosp,2021-05-13,06,quantile,0.3,112.928
2021-04-26,18 day ahead inc hosp,2021-05-14,06,quantile,0.3,109.32
2021-04-26,19 day ahead inc hosp,2021-05-15,06,quantile,0.3,105.785
2021-04-26,20 day ahead inc hosp,2021-05-16,06,quantile,0.3,102.323
2021-04-26,21 day ahead inc hosp,2021-05-17,06,quantile,0.3,98.934
2021-04-26,22 day ahead inc hosp,2021-05-18,06,quantile,0.3,95.614
2021-04-26,23 day ahead inc hosp,2021-05-19,06,quantile,0.3,92.365
2021-04-26,24 day ahead inc hosp,2021-05-20,06,quantile,0.3,89.185
2021-04-26,25 day ahead inc hosp,2021-05-21,06,quantile,0.3,86.073
2021-04-26,26 day ahead inc hosp,2021-05-22,06,quantile,0.3,83.027
2021-04-26,27 day ahead inc hosp,2021-05-23,06,quantile,0.3,80.048
2021-04-26,28 day ahead inc hosp,2021-05-24,06,quantile,0.3,77.133
2021-04-26,1 day ahead inc hosp,2021-04-27,06,quantile,0.35,189.272
2021-04-26,2 day ahead inc hosp,2021-04-28,06,quantile,0.35,184.499
2021-04-26,3 day ahead inc hosp,2021-04-29,06,quantile,0.35,179.761
2021-04-26,4 day ahead inc hosp,2021-04-30,06,quantile,0.35,175.076
2021-04-26,5 day ahead inc hosp,2021-05-01,06,quantile,0.35,170.456
2021-04-26,6 day ahead inc hosp,2021-05-02,06,quantile,0.35,165.909
2021-04-26,7 day ahead inc hosp,2021-05-03,06,quantile,0.35,161.439
2021-04-26,8 day ahead inc hosp,2021-05-04,06,quantile,0.35,157.046
2021-04-26,9 day ahead inc hosp,2021-05-05,06,quantile,0.35,152.734
2021-04-26,10 day ahead inc hosp,2021-05-06,06,quantile,0.35,148.501
2021-04-26,11 day ahead inc hosp,2021-05-07,06,quantile,0.35,144.348
2021-04-26,12 day ahead inc hosp,2021-05-08,06,quantile,0.35,140.274
2021-04-26,13 day ahead inc hosp,2021-05-09,06,quantile,0.35,136.28
2021-04-26,14 day ahead inc hosp,2021-05-10,06,quantile,0.35,132.363
2021-04-26,15 day ahead inc hosp,2021-05-11,06,quantile,0.35,128.523
2021-04-26,16 day ahead inc hosp,2021-05-12,06,quantile,0.35,124.76
2021-04-26,17 day ahead inc hosp,2021-05-13,06,quantile,0.35,121.073
2021-04-26,18 day ahead inc hosp,2021-05-14,06,quantile,0.35,117.46
2021-04-26,19 day ahead inc hosp,2021-05-15,06,quantile,0.35,113.921
2021-04-26,20 day ahead inc hosp,2021-05-16,06,quantile,0.35,110.455
2021-04-26,21 day ahead inc hosp,2021-05-17,06,quantile,0.35,107.06
2021-04-26,22 day ahead inc hosp,2021-05-18,06,quantile,0.35,103.737
2021-04-26,23 day ahead inc hosp,2021-05-19,06,quantile,0.35,100.483
2021-04-26,24 day ahead inc hosp,2021-05-20,06,quantile,0.35,97.299
2021-04-26,25 day ahead inc hosp,2021-05-21,06,quantile,0.35,94.183
2021-04-26,26 day ahead inc hosp,2021-05-22,06,quantile,0.35,91.133
2021-04-26,27 day ahead inc hosp,2021-05-23,06,quantile,0.35,88.15
2021-04-26,28 day ahead inc hosp,2021-05-24,06,quantile,0.35,85.232
2021-04-26,1 day ahead inc hosp,2021-04-27,06,quantile,0.4,197.084
2021-04-26,2 day ahead inc hosp,2021-04-28,06,quantile,0.4,192.305
2021-04-26,3 day ahead inc hosp,2021-04-29,06,quantile,0.4,187.561
2021-04-26,4 day ahead inc hosp,2021-04-30,06,quantile,0.4,182.871
2021-04-26,5 day ahead inc hosp,2021-05-01,06,quantile,0.4,178.246
2021-04-26,6 day ahead inc hosp,2021-05-02,06,quantile,0.4,173.693
2021-04-26,7 day ahead inc hosp,2021-05-03,06,quantile,0.4,169.217
2021-04-26,8 day ahead inc hosp,2021-05-04,06,quantile,0.4,164.819
2021-04-26,9 day ahead inc hosp,2021-05-05,06,quantile,0.4,160.501
2021-04-26,10 day ahead inc hosp,2021-05-06,06,quantile,0.4,156.263
2021-04-26,11 day ahead inc hosp,2021-05-07,06,quantile,0.4,152.105
2021-04-26,12 day ahead inc hosp,2021-05-08,06,quantile,0.4,148.027
2021-04-26,13 day ahead inc hosp,2021-05-09,06,quantile,0.4,144.027
2021-04-26,14 day ahead inc hosp,2021-05-10,06,quantile,0.4,140.105
2021-04-26,15 day ahead inc hosp,2021-05-11,06,quantile,0.4,136.261
2021-04-26,16 day ahead inc hosp,2021-05-12,06,quantile,0.4,132.494
2021-04-26,17 day ahead inc hosp,2021-05-13,06,quantile,0.4,128.802
2021-04-26,18 day ahead inc hosp,2021-05-14,06,quantile,0.4,125.184
2021-04-26,19 day ahead inc hosp,2021-05-15,06,quantile,0.4,121.641
2021-04-26,20 day ahead inc hosp,2021-05-16,06,quantile,0.4,118.17
2021-04-26,21 day ahead inc hosp,2021-05-17,06,quantile,0.4,114.772
2021-04-26,22 day ahead inc hosp,2021-05-18,06,quantile,0.4,111.444
2021-04-26,23 day ahead inc hosp,2021-05-19,06,quantile,0.4,108.187
2021-04-26,24 day ahead inc hosp,2021-05-20,06,quantile,0.4,104.999
2021-04-26,25 day ahead inc hosp,2021-05-21,06,quantile,0.4,101.878
2021-04-26,26 day ahead inc hosp,2021-05-22,06,quantile,0.4,98.825
2021-04-26,27 day ahead inc hosp,2021-05-23,06,quantile,0.4,95.838
2021-04-26,28 day ahead inc hosp,2021-05-24,06,quantile,0.4,92.916
2021-04-26,1 day ahead inc hosp,2021-04-27,06,quantile,0.45,204.642
2021-04-26,2 day ahead inc hosp,2021-04-28,06,quantile,0.45,199.858
2021-04-26,3 day ahead inc hosp,2021-04-29,06,quantile,0.45,195.108
2021-04-26,4 day ahead inc hosp,2021-04-30,06,quantile,0.45,190.412
2021-04-26,5 day ahead inc hosp,2021-05-01,06,quantile,0.45,185.782
2021-04-26,6 day ahead inc hosp,2021-05-02,06,quantile,0.45,181.224
2021-04-26,7 day ahead inc hosp,2021-05-03,06,quantile,0.45,176.742
2021-04-26,8 day ahead inc hosp,2021-05-04,06,quantile,0.45,172.34
2021-04-26,9 day ahead inc hosp,2021-05-05,06,quantile,0.45,168.017
2021-04-26,10 day ahead inc hosp,2021-05-06,06,quantile,0.45,163.774
2021-04-26,11 day ahead inc hosp,2021-05-07,06,quantile,0.45,159.611
2021-04-26,12 day ahead inc hosp,2021-05-08,06,quantile,0.45,155.527
2021-04-26,13 day ahead inc hosp,2021-05-09,06,quantile,0.45,151.523
2021-04-26,14 day ahead inc hosp,2021-05-10,06,quantile,0.45,147.597
2021-04-26,15 day ahead inc hosp,2021-05-11,06,quantile,0.45,143.748
2021-04-26,16 day ahead inc hosp,2021-05-12,06,quantile,0.45,139.976
2021-04-26,17 day ahead inc hosp,2021-05-13,06,quantile,0.45,136.279
2021-04-26,18 day ahead inc hosp,2021-05-14,06,quantile,0.45,132.658
2021-04-26,19 day ahead inc hosp,2021-05-15,06,quantile,0.45,129.11
2021-04-26,20 day ahead inc hosp,2021-05-16,06,quantile,0.45,125.636
2021-04-26,21 day ahead inc hosp,2021-05-17,06,quantile,0.45,122.233
2021-04-26,22 day ahead inc hosp,2021-05-18,06,quantile,0.45,118.901
2021-04-26,23 day ahead inc hosp,2021-05-19,06,quantile,0.45,115.64
2021-04-26,24 day ahead inc hosp,2021-05-20,06,quantile,0.45,112.448
2021-04-26,25 day ahead inc hosp,2021-05-21,06,quantile,0.45,109.324
2021-04-26,26 day ahead inc hosp,2021-05-22,06,quantile,0.45,106.267
2021-04-26,27 day ahead inc hosp,2021-05-23,06,quantile,0.45,103.277
2021-04-26,28 day ahead inc hosp,2021-05-24,06,quantile,0.45,100.351
2021-04-26,1 day ahead inc hosp,2021-04-27,06,quantile,0.5,212.081
2021-04-26,2 day ahead inc hosp,2021-04-28,06,quantile,0.5,207.291
2021-04-26,3 day ahead inc hosp,2021-04-29,06,quantile,0.5,202.536
2021-04-26,4 day ahead inc hosp,2021-04-30,06,quantile,0.5,197.834
2021-04-26,5 day ahead inc hosp,2021-05-01,06,quantile,0.5,193.199
2021-04-26,6 day ahead inc hosp,2021-05-02,06,quantile,0.5,188.635
2021-04-26,7 day ahead inc hosp,2021-05-03,06,quantile,0.5,184.149
2021-04-26,8 day ahead inc hosp,2021-05-04,06,quantile,0.5,179.741
2021-04-26,9 day ahead inc hosp,2021-05-05,06,quantile,0.5,175.413
2021-04-26,10 day ahead inc hosp,2021-05-06,06,quantile,0.5,171.165
2021-04-26,11 day ahead inc hosp,2021-05-07,06,quantile,0.5,166.997
2021-04-26,12 day ahead inc hosp,2021-05-08,06,quantile,0.5,162.909
2021-04-26,13 day ahead inc hosp,2021-05-09,06,quantile,0.5,158.9
2021-04-26,14 day ahead inc hosp,2021-05-10,06,quantile,0.5,154.969
2021-04-26,15 day ahead inc hosp,2021-05-11,06,quantile,0.5,151.116
2021-04-26,16 day ahead inc hosp,2021-05-12,06,quantile,0.5,147.339
2021-04-26,17 day ahead inc hosp,2021-05-13,06,quantile,0.5,143.639
2021-04-26,18 day ahead inc hosp,2021-05-14,06,quantile,0.5,140.013
2021-04-26,19 day ahead inc hosp,2021-05-15,06,quantile,0.5,136.461
2021-04-26,20 day ahead inc hosp,2021-05-16,06,quantile,0.5,132.982
2021-04-26,21 day ahead inc hosp,2021-05-17,06,quantile,0.5,129.576
2021-04-26,22 day ahead inc hosp,2021-05-18,06,quantile,0.5,126.24
2021-04-26,23 day ahead inc hosp,2021-05-19,06,quantile,0.5,122.975
2021-04-26,24 day ahead inc hosp,2021-05-20,06,quantile,0.5,119.779
2021-04-26,25 day ahead inc hosp,2021-05-21,06,quantile,0.5,116.652
2021-04-26,26 day ahead inc hosp,2021-05-22,06,quantile,0.5,113.591
2021-04-26,27 day ahead inc hosp,2021-05-23,06,quantile,0.5,110.597
2021-04-26,28 day ahead inc hosp,2021-05-24,06,quantile,0.5,107.669
2021-04-26,1 day ahead inc hosp,2021-04-27,06,quantile,0.55,219.519
2021-04-26,2 day ahead inc hosp,2021-04-28,06,quantile,0.55,214.724
2021-04-26,3 day ahead inc hosp,2021-04-29,06,quantile,0.55,209.963
2021-04-26,4 day ahead inc hosp,2021-04-30,06,quantile,0.55,205.256
2021-04-26,5 day ahead inc hosp,2021-05-01,06,quantile,0.55,200.615
2021-04-26,6 day ahead inc hosp,2021-05-02,06,quantile,0.55,196.047
2021-04-26,7 day ahead inc hosp,2021-05-03,06,quantile,0.55,191.555
2021-04-26,8 day ahead inc hosp,2021-05-04,06,quantile,0.55,187.142
2021-04-26,9 day ahead inc hosp,2021-05-05,06,quantile,0.55,182.809
2021-04-26,10 day ahead inc hosp,2021-05-06,06,quantile,0.55,178.556
2021-04-26,11 day ahead inc hosp,2021-05-07,06,quantile,0.55,174.383
2021-04-26,12 day ahead inc hosp,2021-05-08,06,quantile,0.55,170.29
2021-04-26,13 day ahead inc hosp,2021-05-09,06,quantile,0.55,166.277
2021-04-26,14 day ahead inc hosp,2021-05-10,06,quantile,0.55,162.341
2021-04-26,15 day ahead inc hosp,2021-05-11,06,quantile,0.55,158.484
2021-04-26,16 day ahead inc hosp,2021-05-12,06,quantile,0.55,154.703
2021-04-26,17 day ahead inc hosp,2021-05-13,06,quantile,0.55,150.998
2021-04-26,18 day ahead inc hosp,2021-05-14,06,quantile,0.55,147.368
2021-04-26,19 day ahead inc hosp,2021-05-15,06,quantile,0.55,143.812
2021-04-26,20 day ahead inc hosp,2021-05-16,06,quantile,0.55,140.329
2021-04-26,21 day ahead inc hosp,2021-05-17,06,quantile,0.55,136.918
2021-04-26,22 day ahead inc hosp,2021-05-18,06,quantile,0.55,133.579
2021-04-26,23 day ahead inc hosp,2021-05-19,06,quantile,0.55,130.31
2021-04-26,24 day ahead inc hosp,2021-05-20,06,quantile,0.55,127.11
2021-04-26,25 day ahead inc hosp,2021-05-21,06,quantile,0.55,123.979
2021-04-26,26 day ahead inc hosp,2021-05-22,06,quantile,0.55,120.915
2021-04-26,27 day ahead inc hosp,2021-05-23,06,quantile,0.55,117.918
2021-04-26,28 day ahead inc hosp,2021-05-24,06,quantile,0.55,114.986
2021-04-26,1 day ahead inc hosp,2021-04-27,06,quantile,0.6,227.077
2021-04-26,2 day ahead inc hosp,2021-04-28,06,quantile,0.6,222.277
2021-04-26,3 day ahead inc hosp,2021-04-29,06,quantile,0.6,217.51
2021-04-26,4 day ahead inc hosp,2021-04-30,06,quantile,0.6,212.798
2021-04-26,5 day ahead inc hosp,2021-05-01,06,quantile,0.6,208.151
2021-04-26,6 day ahead inc hosp,2021-05-02,06,quantile,0.6,203.578
2021-04-26,7 day ahead inc hosp,2021-05-03,06,quantile,0.6,199.08
2021-04-26,8 day ahead inc hosp,2021-05-04,06,quantile,0.6,194.662
2021-04-26,9 day ahead inc hosp,2021-05-05,06,quantile,0.6,190.324
2021-04-26,10 day ahead inc hosp,2021-05-06,06,quantile,0.6,186.066
2021-04-26,11 day ahead inc hosp,2021-05-07,06,quantile,0.6,181.889
2021-04-26,12 day ahead inc hosp,2021-05-08,06,quantile,0.6,177.791
2021-04-26,13 day ahead inc hosp,2021-05-09,06,quantile,0.6,173.772
2021-04-26,14 day ahead inc hosp,2021-05-10,06,quantile,0.6,169.832
2021-04-26,15 day ahead inc hosp,2021-05-11,06,quantile,0.6,165.97
2021-04-26,16 day ahead inc hosp,2021-05-12,06,quantile,0.6,162.185
2021-04-26,17 day ahead inc hosp,2021-05-13,06,quantile,0.6,158.475
2021-04-26,18 day ahead inc hosp,2021-05-14,06,quantile,0.6,154.841
2021-04-26,19 day ahead inc hosp,2021-05-15,06,quantile,0.6,151.281
2021-04-26,20 day ahead inc hosp,2021-05-16,06,quantile,0.6,147.794
2021-04-26,21 day ahead inc hosp,2021-05-17,06,quantile,0.6,144.379
2021-04-26,22 day ahead inc hosp,2021-05-18,06,quantile,0.6,141.036
2021-04-26,23 day ahead inc hosp,2021-05-19,06,quantile,0.6,137.763
2021-04-26,24 day ahead inc hosp,2021-05-20,06,quantile,0.6,134.56
2021-04-26,25 day ahead inc hosp,2021-05-21,06,quantile,0.6,131.425
2021-04-26,26 day ahead inc hosp,2021-05-22,06,quantile,0.6,128.357
2021-04-26,27 day ahead inc hosp,2021-05-23,06,quantile,0.6,125.356
2021-04-26,28 day ahead inc hosp,2021-05-24,06,quantile,0.6,122.421
2021-04-26,1 day ahead inc hosp,2021-04-27,06,quantile,0.65,234.89
2021-04-26,2 day ahead inc hosp,2021-04-28,06,quantile,0.65,230.083
2021-04-26,3 day ahead inc hosp,2021-04-29,06,quantile,0.65,225.311
2021-04-26,4 day ahead inc hosp,2021-04-30,06,quantile,0.65,220.593
2021-04-26,5 day ahead inc hosp,2021-05-01,06,quantile,0.65,215.941
2021-04-26,6 day ahead inc hosp,2021-05-02,06,quantile,0.65,211.361
2021-04-26,7 day ahead inc hosp,2021-05-03,06,quantile,0.65,206.859
2021-04-26,8 day ahead inc hosp,2021-05-04,06,quantile,0.65,202.435
2021-04-26,9 day ahead inc hosp,2021-05-05,06,quantile,0.65,198.092
2021-04-26,10 day ahead inc hosp,2021-05-06,06,quantile,0.65,193.829
2021-04-26,11 day ahead inc hosp,2021-05-07,06,quantile,0.65,189.646
2021-04-26,12 day ahead inc hosp,2021-05-08,06,quantile,0.65,185.543
2021-04-26,13 day ahead inc hosp,2021-05-09,06,quantile,0.65,181.52
2021-04-26,14 day ahead inc hosp,2021-05-10,06,quantile,0.65,177.575
2021-04-26,15 day ahead inc hosp,2021-05-11,06,quantile,0.65,173.708
2021-04-26,16 day ahead inc hosp,2021-05-12,06,quantile,0.65,169.918
2021-04-26,17 day ahead inc hosp,2021-05-13,06,quantile,0.65,166.204
2021-04-26,18 day ahead inc hosp,2021-05-14,06,quantile,0.65,162.565
2021-04-26,19 day ahead inc hosp,2021-05-15,06,quantile,0.65,159.001
2021-04-26,20 day ahead inc hosp,2021-05-16,06,quantile,0.65,155.51
2021-04-26,21 day ahead inc hosp,2021-05-17,06,quantile,0.65,152.091
2021-04-26,22 day ahead inc hosp,2021-05-18,06,quantile,0.65,148.744
2021-04-26,23 day ahead inc hosp,2021-05-19,06,quantile,0.65,145.467
2021-04-26,24 day ahead inc hosp,2021-05-20,06,quantile,0.65,142.259
2021-04-26,25 day ahead inc hosp,2021-05-21,06,quantile,0.65,139.121
2021-04-26,26 day ahead inc hosp,2021-05-22,06,quantile,0.65,136.049
2021-04-26,27 day ahead inc hosp,2021-05-23,06,quantile,0.65,133.044
2021-04-26,28 day ahead inc hosp,2021-05-24,06,quantile,0.65,130.105
2021-04-26,1 day ahead inc hosp,2021-04-27,06,quantile,0.7,243.122
2021-04-26,2 day ahead inc hosp,2021-04-28,06,quantile,0.7,238.31
2021-04-26,3 day ahead inc hosp,2021-04-29,06,quantile,0.7,233.532
2021-04-26,4 day ahead inc hosp,2021-04-30,06,quantile,0.7,228.808
2021-04-26,5 day ahead inc hosp,2021-05-01,06,quantile,0.7,224.149
2021-04-26,6 day ahead inc hosp,2021-05-02,06,quantile,0.7,219.564
2021-04-26,7 day ahead inc hosp,2021-05-03,06,quantile,0.7,215.056
2021-04-26,8 day ahead inc hosp,2021-05-04,06,quantile,0.7,210.627
2021-04-26,9 day ahead inc hosp,2021-05-05,06,quantile,0.7,206.278
2021-04-26,10 day ahead inc hosp,2021-05-06,06,quantile,0.7,202.009
2021-04-26,11 day ahead inc hosp,2021-05-07,06,quantile,0.7,197.821
2021-04-26,12 day ahead inc hosp,2021-05-08,06,quantile,0.7,193.713
2021-04-26,13 day ahead inc hosp,2021-05-09,06,quantile,0.7,189.685
2021-04-26,14 day ahead inc hosp,2021-05-10,06,quantile,0.7,185.735
2021-04-26,15 day ahead inc hosp,2021-05-11,06,quantile,0.7,181.863
2021-04-26,16 day ahead inc hosp,2021-05-12,06,quantile,0.7,178.068
2021-04-26,17 day ahead inc hosp,2021-05-13,06,quantile,0.7,174.349
2021-04-26,18 day ahead inc hosp,2021-05-14,06,quantile,0.7,170.706
2021-04-26,19 day ahead inc hosp,2021-05-15,06,quantile,0.7,167.137
2021-04-26,20 day ahead inc hosp,2021-05-16,06,quantile,0.7,163.641
2021-04-26,21 day ahead inc hosp,2021-05-17,06,quantile,0.7,160.218
2021-04-26,22 day ahead inc hosp,2021-05-18,06,quantile,0.7,156.866
2021-04-26,23 day ahead inc hosp,2021-05-19,06,quantile,0.7,153.585
2021-04-26,24 day ahead inc hosp,2021-05-20,06,quantile,0.7,150.374
2021-04-26,25 day ahead inc hosp,2021-05-21,06,quantile,0.7,147.231
2021-04-26,26 day ahead inc hosp,2021-05-22,06,quantile,0.7,144.155
2021-04-26,27 day ahead inc hosp,2021-05-23,06,quantile,0.7,141.147
2021-04-26,28 day ahead inc hosp,2021-05-24,06,quantile,0.7,138.204
2021-04-26,1 day ahead inc hosp,2021-04-27,06,quantile,0.75,252.007
2021-04-26,2 day ahead inc hosp,2021-04-28,06,quantile,0.75,247.187
2021-04-26,3 day ahead inc hosp,2021-04-29,06,quantile,0.75,242.403
2021-04-26,4 day ahead inc hosp,2021-04-30,06,quantile,0.75,237.672
2021-04-26,5 day ahead inc hosp,2021-05-01,06,quantile,0.75,233.008
2021-04-26,6 day ahead inc hosp,2021-05-02,06,quantile,0.75,228.416
2021-04-26,7 day ahead inc hosp,2021-05-03,06,quantile,0.75,223.902
2021-04-26,8 day ahead inc hosp,2021-05-04,06,quantile,0.75,219.466
2021-04-26,9 day ahead inc hosp,2021-05-05,06,quantile,0.75,215.112
2021-04-26,10 day ahead inc hosp,2021-05-06,06,quantile,0.75,210.837
2021-04-26,11 day ahead inc hosp,2021-05-07,06,quantile,0.75,206.643
2021-04-26,12 day ahead inc hosp,2021-05-08,06,quantile,0.75,202.53
2021-04-26,13 day ahead inc hosp,2021-05-09,06,quantile,0.75,198.496
2021-04-26,14 day ahead inc hosp,2021-05-10,06,quantile,0.75,194.54
2021-04-26,15 day ahead inc hosp,2021-05-11,06,quantile,0.75,190.663
2021-04-26,16 day ahead inc hosp,2021-05-12,06,quantile,0.75,186.863
2021-04-26,17 day ahead inc hosp,2021-05-13,06,quantile,0.75,183.139
2021-04-26,18 day ahead inc hosp,2021-05-14,06,quantile,0.75,179.49
2021-04-26,19 day ahead inc hosp,2021-05-15,06,quantile,0.75,175.916
2021-04-26,20 day ahead inc hosp,2021-05-16,06,quantile,0.75,172.416
2021-04-26,21 day ahead inc hosp,2021-05-17,06,quantile,0.75,168.988
2021-04-26,22 day ahead inc hosp,2021-05-18,06,quantile,0.75,165.632
2021-04-26,23 day ahead inc hosp,2021-05-19,06,quantile,0.75,162.346
2021-04-26,24 day ahead inc hosp,2021-05-20,06,quantile,0.75,159.13
2021-04-26,25 day ahead inc hosp,2021-05-21,06,quantile,0.75,155.983
2021-04-26,26 day ahead inc hosp,2021-05-22,06,quantile,0.75,152.903
2021-04-26,27 day ahead inc hosp,2021-05-23,06,quantile,0.75,149.89
2021-04-26,28 day ahead inc hosp,2021-05-24,06,quantile,0.75,146.943
2021-04-26,1 day ahead inc hosp,2021-04-27,06,quantile,0.8,261.9
2021-04-26,2 day ahead inc hosp,2021-04-28,06,quantile,0.8,257.073
2021-04-26,3 day ahead inc hosp,2021-04-29,06,quantile,0.8,252.281
2021-04-26,4 day ahead inc hosp,2021-04-30,06,quantile,0.8,247.544
2021-04-26,5 day ahead inc hosp,2021-05-01,06,quantile,0.8,242.872
2021-04-26,6 day ahead inc hosp,2021-05-02,06,quantile,0.8,238.274
2021-04-26,7 day ahead inc hosp,2021-05-03,06,quantile,0.8,233.752
2021-04-26,8 day ahead inc hosp,2021-05-04,06,quantile,0.8,229.31
2021-04-26,9 day ahead inc hosp,2021-05-05,06,quantile,0.8,224.948
2021-04-26,10 day ahead inc hosp,2021-05-06,06,quantile,0.8,220.668
2021-04-26,11 day ahead inc hosp,2021-05-07,06,quantile,0.8,216.467
2021-04-26,12 day ahead inc hosp,2021-05-08,06,quantile,0.8,212.347
2021-04-26,13 day ahead inc hosp,2021-05-09,06,quantile,0.8,208.307
2021-04-26,14 day ahead inc hosp,2021-05-10,06,quantile,0.8,204.346
2021-04-26,15 day ahead inc hosp,2021-05-11,06,quantile,0.8,200.462
2021-04-26,16 day ahead inc hosp,2021-05-12,06,quantile,0.8,196.656
2021-04-26,17 day ahead inc hosp,2021-05-13,06,quantile,0.8,192.927
2021-04-26,18 day ahead inc hosp,2021-05-14,06,quantile,0.8,189.273
2021-04-26,19 day ahead inc hosp,2021-05-15,06,quantile,0.8,185.693
2021-04-26,20 day ahead inc hosp,2021-05-16,06,quantile,0.8,182.187
2021-04-26,21 day ahead inc hosp,2021-05-17,06,quantile,0.8,178.754
2021-04-26,22 day ahead inc hosp,2021-05-18,06,quantile,0.8,175.392
2021-04-26,23 day ahead inc hosp,2021-05-19,06,quantile,0.8,172.102
2021-04-26,24 day ahead inc hosp,2021-05-20,06,quantile,0.8,168.881
2021-04-26,25 day ahead inc hosp,2021-05-21,06,quantile,0.8,165.729
2021-04-26,26 day ahead inc hosp,2021-05-22,06,quantile,0.8,162.644
2021-04-26,27 day ahead inc hosp,2021-05-23,06,quantile,0.8,159.627
2021-04-26,28 day ahead inc hosp,2021-05-24,06,quantile,0.8,156.675
2021-04-26,1 day ahead inc hosp,2021-04-27,06,quantile,0.85,273.432
2021-04-26,2 day ahead inc hosp,2021-04-28,06,quantile,0.85,268.597
2021-04-26,3 day ahead inc hosp,2021-04-29,06,quantile,0.85,263.796
2021-04-26,4 day ahead inc hosp,2021-04-30,06,quantile,0.85,259.05
2021-04-26,5 day ahead inc hosp,2021-05-01,06,quantile,0.85,254.37
2021-04-26,6 day ahead inc hosp,2021-05-02,06,quantile,0.85,249.763
2021-04-26,7 day ahead inc hosp,2021-05-03,06,quantile,0.85,245.234
2021-04-26,8 day ahead inc hosp,2021-05-04,06,quantile,0.85,240.784
2021-04-26,9 day ahead inc hosp,2021-05-05,06,quantile,0.85,236.415
2021-04-26,10 day ahead inc hosp,2021-05-06,06,quantile,0.85,232.126
2021-04-26,11 day ahead inc hosp,2021-05-07,06,quantile,0.85,227.918
2021-04-26,12 day ahead inc hosp,2021-05-08,06,quantile,0.85,223.791
2021-04-26,13 day ahead inc hosp,2021-05-09,06,quantile,0.85,219.744
2021-04-26,14 day ahead inc hosp,2021-05-10,06,quantile,0.85,215.775
2021-04-26,15 day ahead inc hosp,2021-05-11,06,quantile,0.85,211.885
2021-04-26,16 day ahead inc hosp,2021-05-12,06,quantile,0.85,208.072
2021-04-26,17 day ahead inc hosp,2021-05-13,06,quantile,0.85,204.336
2021-04-26,18 day ahead inc hosp,2021-05-14,06,quantile,0.85,200.675
2021-04-26,19 day ahead inc hosp,2021-05-15,06,quantile,0.85,197.089
2021-04-26,20 day ahead inc hosp,2021-05-16,06,quantile,0.85,193.577
2021-04-26,21 day ahead inc hosp,2021-05-17,06,quantile,0.85,190.137
2021-04-26,22 day ahead inc hosp,2021-05-18,06,quantile,0.85,186.77
2021-04-26,23 day ahead inc hosp,2021-05-19,06,quantile,0.85,183.473
2021-04-26,24 day ahead inc hosp,2021-05-20,06,quantile,0.85,180.246
2021-04-26,25 day ahead inc hosp,2021-05-21,06,quantile,0.85,177.088
2021-04-26,26 day ahead inc hosp,2021-05-22,06,quantile,0.85,173.999
2021-04-26,27 day ahead inc hosp,2021-05-23,06,quantile,0.85,170.976
2021-04-26,28 day ahead inc hosp,2021-05-24,06,quantile,0.85,168.019
2021-04-26,1 day ahead inc hosp,2021-04-27,06,quantile,0.9,287.941
2021-04-26,2 day ahead inc hosp,2021-04-28,06,quantile,0.9,283.095
2021-04-26,3 day ahead inc hosp,2021-04-29,06,quantile,0.9,278.284
2021-04-26,4 day ahead inc hosp,2021-04-30,06,quantile,0.9,273.528
2021-04-26,5 day ahead inc hosp,2021-05-01,06,quantile,0.9,268.837
2021-04-26,6 day ahead inc hosp,2021-05-02,06,quantile,0.9,264.22
2021-04-26,7 day ahead inc hosp,2021-05-03,06,quantile,0.9,259.681
2021-04-26,8 day ahead inc hosp,2021-05-04,06,quantile,0.9,255.221
2021-04-26,9 day ahead inc hosp,2021-05-05,06,quantile,0.9,250.842
2021-04-26,10 day ahead inc hosp,2021-05-06,06,quantile,0.9,246.544
2021-04-26,11 day ahead inc hosp,2021-05-07,06,quantile,0.9,242.326
2021-04-26,12 day ahead inc hosp,2021-05-08,06,quantile,0.9,238.19
2021-04-26,13 day ahead inc hosp,2021-05-09,06,quantile,0.9,234.133
2021-04-26,14 day ahead inc hosp,2021-05-10,06,quantile,0.9,230.156
2021-04-26,15 day ahead inc hosp,2021-05-11,06,quantile,0.9,226.257
2021-04-26,16 day ahead inc hosp,2021-05-12,06,quantile,0.9,222.435
2021-04-26,17 day ahead inc hosp,2021-05-13,06,quantile,0.9,218.691
2021-04-26,18 day ahead inc hosp,2021-05-14,06,quantile,0.9,215.022
2021-04-26,19 day ahead inc hosp,2021-05-15,06,quantile,0.9,211.428
2021-04-26,20 day ahead inc hosp,2021-05-16,06,quantile,0.9,207.908
2021-04-26,21 day ahead inc hosp,2021-05-17,06,quantile,0.9,204.46
2021-04-26,22 day ahead inc hosp,2021-05-18,06,quantile,0.9,201.085
2021-04-26,23 day ahead inc hosp,2021-05-19,06,quantile,0.9,197.781
2021-04-26,24 day ahead inc hosp,2021-05-20,06,quantile,0.9,194.547
2021-04-26,25 day ahead inc hosp,2021-05-21,06,quantile,0.9,191.382
2021-04-26,26 day ahead inc hosp,2021-05-22,06,quantile,0.9,188.285
2021-04-26,27 day ahead inc hosp,2021-05-23,06,quantile,0.9,185.255
2021-04-26,28 day ahead inc hosp,2021-05-24,06,quantile,0.9,182.291
2021-04-26,1 day ahead inc hosp,2021-04-27,06,quantile,0.95,309.447
2021-04-26,2 day ahead inc hosp,2021-04-28,06,quantile,0.95,304.585
2021-04-26,3 day ahead inc hosp,2021-04-29,06,quantile,0.95,299.758
2021-04-26,4 day ahead inc hosp,2021-04-30,06,quantile,0.95,294.986
2021-04-26,5 day ahead inc hosp,2021-05-01,06,quantile,0.95,290.28
2021-04-26,6 day ahead inc hosp,2021-05-02,06,quantile,0.95,285.648
2021-04-26,7 day ahead inc hosp,2021-05-03,06,quantile,0.95,281.093
2021-04-26,8 day ahead inc hosp,2021-05-04,06,quantile,0.95,276.618
2021-04-26,9 day ahead inc hosp,2021-05-05,06,quantile,0.95,272.225
2021-04-26,10 day ahead inc hosp,2021-05-06,06,quantile,0.95,267.912
2021-04-26,11 day ahead inc hosp,2021-05-07,06,quantile,0.95,263.681
2021-04-26,12 day ahead inc hosp,2021-05-08,06,quantile,0.95,259.531
2021-04-26,13 day ahead inc hosp,2021-05-09,06,quantile,0.95,255.461
2021-04-26,14 day ahead inc hosp,2021-05-10,06,quantile,0.95,251.47
2021-04-26,15 day ahead inc hosp,2021-05-11,06,quantile,0.95,247.558
2021-04-26,16 day ahead inc hosp,2021-05-12,06,quantile,0.95,243.724
2021-04-26,17 day ahead inc hosp,2021-05-13,06,quantile,0.95,239.967
2021-04-26,18 day ahead inc hosp,2021-05-14,06,quantile,0.95,236.286
2021-04-26,19 day ahead inc hosp,2021-05-15,06,quantile,0.95,232.68
2021-04-26,20 day ahead inc hosp,2021-05-16,06,quantile,0.95,229.148
2021-04-26,21 day ahead inc hosp,2021-05-17,06,quantile,0.95,225.689
2021-04-26,22 day ahead inc hosp,2021-05-18,06,quantile,0.95,222.303
2021-04-26,23 day ahead inc hosp,2021-05-19,06,quantile,0.95,218.987
2021-04-26,24 day ahead inc hosp,2021-05-20,06,quantile,0.95,215.743
2021-04-26,25 day ahead inc hosp,2021-05-21,06,quantile,0.95,212.567
2021-04-26,26 day ahead inc hosp,2021-05-22,06,quantile,0.95,209.46
2021-04-26,27 day ahead inc hosp,2021-05-23,06,quantile,0.95,206.42
2021-04-26,28 day ahead inc hosp,2021-05-24,06,quantile,0.95,203.446
2021-04-26,1 day ahead inc hosp,2021-04-27,06,quantile,0.975,328.099
2021-04-26,2 day ahead inc hosp,2021-04-28,06,quantile,0.975,323.224
2021-04-26,3 day ahead inc hosp,2021-04-29,06,quantile,0.975,318.383
2021-04-26,4 day ahead inc hosp,2021-04-30,06,quantile,0.975,313.597
2021-04-26,5 day ahead inc hosp,2021-05-01,06,quantile,0.975,308.878
2021-04-26,6 day ahead inc hosp,2021-05-02,06,quantile,0.975,304.233
2021-04-26,7 day ahead inc hosp,2021-05-03,06,quantile,0.975,299.665
2021-04-26,8 day ahead inc hosp,2021-05-04,06,quantile,0.975,295.178
2021-04-26,9 day ahead inc hosp,2021-05-05,06,quantile,0.975,290.771
2021-04-26,10 day ahead inc hosp,2021-05-06,06,quantile,0.975,286.447
2021-04-26,11 day ahead inc hosp,2021-05-07,06,quantile,0.975,282.203
2021-04-26,12 day ahead inc hosp,2021-05-08,06,quantile,0.975,278.041
2021-04-26,13 day ahead inc hosp,2021-05-09,06,quantile,0.975,273.959
2021-04-26,14 day ahead inc hosp,2021-05-10,06,quantile,0.975,269.957
2021-04-26,15 day ahead inc hosp,2021-05-11,06,quantile,0.975,266.034
2021-04-26,16 day ahead inc hosp,2021-05-12,06,quantile,0.975,262.189
2021-04-26,17 day ahead inc hosp,2021-05-13,06,quantile,0.975,258.421
2021-04-26,18 day ahead inc hosp,2021-05-14,06,quantile,0.975,254.729
2021-04-26,19 day ahead inc hosp,2021-05-15,06,quantile,0.975,251.113
2021-04-26,20 day ahead inc hosp,2021-05-16,06,quantile,0.975,247.571
2021-04-26,21 day ahead inc hosp,2021-05-17,06,quantile,0.975,244.102
2021-04-26,22 day ahead inc hosp,2021-05-18,06,quantile,0.975,240.706
2021-04-26,23 day ahead inc hosp,2021-05-19,06,quantile,0.975,237.381
2021-04-26,24 day ahead inc hosp,2021-05-20,06,quantile,0.975,234.127
2021-04-26,25 day ahead inc hosp,2021-05-21,06,quantile,0.975,230.942
2021-04-26,26 day ahead inc hosp,2021-05-22,06,quantile,0.975,227.825
2021-04-26,27 day ahead inc hosp,2021-05-23,06,quantile,0.975,224.777
2021-04-26,28 day ahead inc hosp,2021-05-24,06,quantile,0.975,221.794
2021-04-26,1 day ahead inc hosp,2021-04-27,06,quantile,0.99,349.787
2021-04-26,2 day ahead inc hosp,2021-04-28,06,quantile,0.99,344.896
2021-04-26,3 day ahead inc hosp,2021-04-29,06,quantile,0.99,340.039
2021-04-26,4 day ahead inc hosp,2021-04-30,06,quantile,0.99,335.237
2021-04-26,5 day ahead inc hosp,2021-05-01,06,quantile,0.99,330.503
2021-04-26,6 day ahead inc hosp,2021-05-02,06,quantile,0.99,325.842
2021-04-26,7 day ahead inc hosp,2021-05-03,06,quantile,0.99,321.259
2021-04-26,8 day ahead inc hosp,2021-05-04,06,quantile,0.99,316.757
2021-04-26,9 day ahead inc hosp,2021-05-05,06,quantile,0.99,312.336
2021-04-26,10 day ahead inc hosp,2021-05-06,06,quantile,0.99,307.997
2021-04-26,11 day ahead inc hosp,2021-05-07,06,quantile,0.99,303.739
2021-04-26,12 day ahead inc hosp,2021-05-08,06,quantile,0.99,299.563
2021-04-26,13 day ahead inc hosp,2021-05-09,06,quantile,0.99,295.468
2021-04-26,14 day ahead inc hosp,2021-05-10,06,quantile,0.99,291.452
2021-04-26,15 day ahead inc hosp,2021-05-11,06,quantile,0.99,287.516
2021-04-26,16 day ahead inc hosp,2021-05-12,06,quantile,0.99,283.658
2021-04-26,17 day ahead inc hosp,2021-05-13,06,quantile,0.99,279.878
2021-04-26,18 day ahead inc hosp,2021-05-14,06,quantile,0.99,276.173
2021-04-26,19 day ahead inc hosp,2021-05-15,06,quantile,0.99,272.545
2021-04-26,20 day ahead inc hosp,2021-05-16,06,quantile,0.99,268.991
2021-04-26,21 day ahead inc hosp,2021-05-17,06,quantile,0.99,265.511
2021-04-26,22 day ahead inc hosp,2021-05-18,06,quantile,0.99,262.103
2021-04-26,23 day ahead inc hosp,2021-05-19,06,quantile,0.99,258.767
2021-04-26,24 day ahead inc hosp,2021-05-20,06,quantile,0.99,255.502
2021-04-26,25 day ahead inc hosp,2021-05-21,06,quantile,0.99,252.306
2021-04-26,26 day ahead inc hosp,2021-05-22,06,quantile,0.99,249.18
2021-04-26,27 day ahead inc hosp,2021-05-23,06,quantile,0.99,246.121
2021-04-26,28 day ahead inc hosp,2021-05-24,06,quantile,0.99,243.129
2021-04-26,1 day ahead inc hosp,2021-04-27,06,point,NA,212.081
2021-04-26,2 day ahead inc hosp,2021-04-28,06,point,NA,207.291
2021-04-26,3 day ahead inc hosp,2021-04-29,06,point,NA,202.536
2021-04-26,4 day ahead inc hosp,2021-04-30,06,point,NA,197.834
2021-04-26,5 day ahead inc hosp,2021-05-01,06,point,NA,193.199
2021-04-26,6 day ahead inc hosp,2021-05-02,06,point,NA,188.635
2021-04-26,7 day ahead inc hosp,2021-05-03,06,point,NA,184.149
2021-04-26,8 day ahead inc hosp,2021-05-04,06,point,NA,179.741
2021-04-26,9 day ahead inc hosp,2021-05-05,06,point,NA,175.413
2021-04-26,10 day ahead inc hosp,2021-05-06,06,point,NA,171.165
2021-04-26,11 day ahead inc hosp,2021-05-07,06,point,NA,166.997
2021-04-26,12 day ahead inc hosp,2021-05-08,06,point,NA,162.909
2021-04-26,13 day ahead inc hosp,2021-05-09,06,point,NA,158.9
2021-04-26,14 day ahead inc hosp,2021-05-10,06,point,NA,154.969
2021-04-26,15 day ahead inc hosp,2021-05-11,06,point,NA,151.116
2021-04-26,16 day ahead inc hosp,2021-05-12,06,point,NA,147.339
2021-04-26,17 day ahead inc hosp,2021-05-13,06,point,NA,143.639
2021-04-26,18 day ahead inc hosp,2021-05-14,06,point,NA,140.013
2021-04-26,19 day ahead inc hosp,2021-05-15,06,point,NA,136.461
2021-04-26,20 day ahead inc hosp,2021-05-16,06,point,NA,132.982
2021-04-26,21 day ahead inc hosp,2021-05-17,06,point,NA,129.576
2021-04-26,22 day ahead inc hosp,2021-05-18,06,point,NA,126.24
2021-04-26,23 day ahead inc hosp,2021-05-19,06,point,NA,122.975
2021-04-26,24 day ahead inc hosp,2021-05-20,06,point,NA,119.779
2021-04-26,25 day ahead inc hosp,2021-05-21,06,point,NA,116.652
2021-04-26,26 day ahead inc hosp,2021-05-22,06,point,NA,113.591
2021-04-26,27 day ahead inc hosp,2021-05-23,06,point,NA,110.597
2021-04-26,28 day ahead inc hosp,2021-05-24,06,point,NA,107.669
2021-04-26,1 wk ahead inc death,2021-05-01,06,quantile,0.01,89.15
2021-04-26,2 wk ahead inc death,2021-05-08,06,quantile,0.01,16.12
2021-04-26,3 wk ahead inc death,2021-05-15,06,quantile,0.01,0
2021-04-26,4 wk ahead inc death,2021-05-22,06,quantile,0.01,0
2021-04-26,1 wk ahead inc death,2021-05-01,06,quantile,0.025,149.62
2021-04-26,2 wk ahead inc death,2021-05-08,06,quantile,0.025,81.31
2021-04-26,3 wk ahead inc death,2021-05-15,06,quantile,0.025,36.84
2021-04-26,4 wk ahead inc death,2021-05-22,06,quantile,0.025,0
2021-04-26,1 wk ahead inc death,2021-05-01,06,quantile,0.05,201.63
2021-04-26,2 wk ahead inc death,2021-05-08,06,quantile,0.05,137.38
2021-04-26,3 wk ahead inc death,2021-05-15,06,quantile,0.05,92.87
2021-04-26,4 wk ahead inc death,2021-05-22,06,quantile,0.05,47.7
2021-04-26,1 wk ahead inc death,2021-05-01,06,quantile,0.1,261.6
2021-04-26,2 wk ahead inc death,2021-05-08,06,quantile,0.1,202.02
2021-04-26,3 wk ahead inc death,2021-05-15,06,quantile,0.1,157.47
2021-04-26,4 wk ahead inc death,2021-05-22,06,quantile,0.1,112.26
2021-04-26,1 wk ahead inc death,2021-05-01,06,quantile,0.15,302.06
2021-04-26,2 wk ahead inc death,2021-05-08,06,quantile,0.15,245.64
2021-04-26,3 wk ahead inc death,2021-05-15,06,quantile,0.15,201.05
2021-04-26,4 wk ahead inc death,2021-05-22,06,quantile,0.15,155.81
2021-04-26,1 wk ahead inc death,2021-05-01,06,quantile,0.2,334.21
2021-04-26,2 wk ahead inc death,2021-05-08,06,quantile,0.2,280.3
2021-04-26,3 wk ahead inc death,2021-05-15,06,quantile,0.2,235.69
2021-04-26,4 wk ahead inc death,2021-05-22,06,quantile,0.2,190.42
2021-04-26,1 wk ahead inc death,2021-05-01,06,quantile,0.25,361.8
2021-04-26,2 wk ahead inc death,2021-05-08,06,quantile,0.25,310.04
2021-04-26,3 wk ahead inc death,2021-05-15,06,quantile,0.25,265.41
2021-04-26,4 wk ahead inc death,2021-05-22,06,quantile,0.25,220.12
2021-04-26,1 wk ahead inc death,2021-05-01,06,quantile,0.3,386.57
2021-04-26,2 wk ahead inc death,2021-05-08,06,quantile,0.3,336.74
2021-04-26,3 wk ahead inc death,2021-05-15,06,quantile,0.3,292.1
2021-04-26,4 wk ahead inc death,2021-05-22,06,quantile,0.3,246.78
2021-04-26,1 wk ahead inc death,2021-05-01,06,quantile,0.35,409.53
2021-04-26,2 wk ahead inc death,2021-05-08,06,quantile,0.35,361.49
2021-04-26,3 wk ahead inc death,2021-05-15,06,quantile,0.35,316.83
2021-04-26,4 wk ahead inc death,2021-05-22,06,quantile,0.35,271.49
2021-04-26,1 wk ahead inc death,2021-05-01,06,quantile,0.4,431.31
2021-04-26,2 wk ahead inc death,2021-05-08,06,quantile,0.4,384.97
2021-04-26,3 wk ahead inc death,2021-05-15,06,quantile,0.4,340.29
2021-04-26,4 wk ahead inc death,2021-05-22,06,quantile,0.4,294.94
2021-04-26,1 wk ahead inc death,2021-05-01,06,quantile,0.45,452.39
2021-04-26,2 wk ahead inc death,2021-05-08,06,quantile,0.45,407.69
2021-04-26,3 wk ahead inc death,2021-05-15,06,quantile,0.45,363
2021-04-26,4 wk ahead inc death,2021-05-22,06,quantile,0.45,317.63
2021-04-26,1 wk ahead inc death,2021-05-01,06,quantile,0.5,473.13
2021-04-26,2 wk ahead inc death,2021-05-08,06,quantile,0.5,430.05
2021-04-26,3 wk ahead inc death,2021-05-15,06,quantile,0.5,385.34
2021-04-26,4 wk ahead inc death,2021-05-22,06,quantile,0.5,339.96
2021-04-26,1 wk ahead inc death,2021-05-01,06,quantile,0.55,493.87
2021-04-26,2 wk ahead inc death,2021-05-08,06,quantile,0.55,452.41
2021-04-26,3 wk ahead inc death,2021-05-15,06,quantile,0.55,407.68
2021-04-26,4 wk ahead inc death,2021-05-22,06,quantile,0.55,362.28
2021-04-26,1 wk ahead inc death,2021-05-01,06,quantile,0.6,514.95
2021-04-26,2 wk ahead inc death,2021-05-08,06,quantile,0.6,475.13
2021-04-26,3 wk ahead inc death,2021-05-15,06,quantile,0.6,430.39
2021-04-26,4 wk ahead inc death,2021-05-22,06,quantile,0.6,384.97
2021-04-26,1 wk ahead inc death,2021-05-01,06,quantile,0.65,536.73
2021-04-26,2 wk ahead inc death,2021-05-08,06,quantile,0.65,498.62
2021-04-26,3 wk ahead inc death,2021-05-15,06,quantile,0.65,453.85
2021-04-26,4 wk ahead inc death,2021-05-22,06,quantile,0.65,408.42
2021-04-26,1 wk ahead inc death,2021-05-01,06,quantile,0.7,559.69
2021-04-26,2 wk ahead inc death,2021-05-08,06,quantile,0.7,523.36
2021-04-26,3 wk ahead inc death,2021-05-15,06,quantile,0.7,478.58
2021-04-26,4 wk ahead inc death,2021-05-22,06,quantile,0.7,433.13
2021-04-26,1 wk ahead inc death,2021-05-01,06,quantile,0.75,584.46
2021-04-26,2 wk ahead inc death,2021-05-08,06,quantile,0.75,550.07
2021-04-26,3 wk ahead inc death,2021-05-15,06,quantile,0.75,505.27
2021-04-26,4 wk ahead inc death,2021-05-22,06,quantile,0.75,459.8
2021-04-26,1 wk ahead inc death,2021-05-01,06,quantile,0.8,612.05
2021-04-26,2 wk ahead inc death,2021-05-08,06,quantile,0.8,579.81
2021-04-26,3 wk ahead inc death,2021-05-15,06,quantile,0.8,534.99
2021-04-26,4 wk ahead inc death,2021-05-22,06,quantile,0.8,489.49
2021-04-26,1 wk ahead inc death,2021-05-01,06,quantile,0.85,644.2
2021-04-26,2 wk ahead inc death,2021-05-08,06,quantile,0.85,614.47
2021-04-26,3 wk ahead inc death,2021-05-15,06,quantile,0.85,569.63
2021-04-26,4 wk ahead inc death,2021-05-22,06,quantile,0.85,524.11
2021-04-26,1 wk ahead inc death,2021-05-01,06,quantile,0.9,684.66
2021-04-26,2 wk ahead inc death,2021-05-08,06,quantile,0.9,658.09
2021-04-26,3 wk ahead inc death,2021-05-15,06,quantile,0.9,613.21
2021-04-26,4 wk ahead inc death,2021-05-22,06,quantile,0.9,567.66
2021-04-26,1 wk ahead inc death,2021-05-01,06,quantile,0.95,744.63
2021-04-26,2 wk ahead inc death,2021-05-08,06,quantile,0.95,722.73
2021-04-26,3 wk ahead inc death,2021-05-15,06,quantile,0.95,677.81
2021-04-26,4 wk ahead inc death,2021-05-22,06,quantile,0.95,632.21
2021-04-26,1 wk ahead inc death,2021-05-01,06,quantile,0.975,796.64
2021-04-26,2 wk ahead inc death,2021-05-08,06,quantile,0.975,778.8
2021-04-26,3 wk ahead inc death,2021-05-15,06,quantile,0.975,733.84
2021-04-26,4 wk ahead inc death,2021-05-22,06,quantile,0.975,688.2
2021-04-26,1 wk ahead inc death,2021-05-01,06,quantile,0.99,857.11
2021-04-26,2 wk ahead inc death,2021-05-08,06,quantile,0.99,843.99
2021-04-26,3 wk ahead inc death,2021-05-15,06,quantile,0.99,798.99
2021-04-26,4 wk ahead inc death,2021-05-22,06,quantile,0.99,753.3
2021-04-26,1 wk ahead inc death,2021-05-01,06,point,NA,473.13
2021-04-26,2 wk ahead inc death,2021-05-08,06,point,NA,430.05
2021-04-26,3 wk ahead inc death,2021-05-15,06,point,NA,385.34
2021-04-26,4 wk ahead inc death,2021-05-22,06,point,NA,339.96
