forecast_date,target,target_end_date,location,type,quantile,value
2021-04-12,1 wk ahead inc case,2021-04-17,06,quantile,0.025,11179
2021-04-12,2 wk ahead inc case,2021-04-24,06,quantile,0.025,9270
2021-04-12,3 wk ahead inc case,2021-05-01,06,quantile,0.025,7974
2021-04-12,4 wk ahead inc case,2021-05-08,06,quantile,0.025,6833
2021-04-12,1 wk ahead inc case,2021-04-17,06,quantile,0.1,13161
2021-04-12,2 wk ahead inc case,2021-04-24,06,quantile,0.1,11301
2021-04-12,3 wk ahead inc case,2021-05-01,06,quantile,0.1,9894
2021-04-12,4 wk ahead inc case,2021-05-08,06,quantile,0.1,8647
2021-04-12,1 wk ahead inc case,2021-04-17,06,quantile,0.25,14934
2021-04-12,2 wk ahead inc case,2021-04-24,06,quantile,0.25,13118
2021-04-12,3 wk ahead inc case,2021-05-01,06,quantile,0.25,11612
2021-04-12,4 wk ahead inc case,2021-05-08,06,quantile,0.25,10271
2021-04-12,1 wk ahead inc case,2021-04-17,06,quantile,0.5,16904
2021-04-12,2 wk ahead inc case,2021-04-24,06,quantile,0.5,15138
2021-04-12,3 wk ahead inc case,2021-05-01,06,quantile,0.5,13520
2021-04-12,4 wk ahead inc case,2021-05-08,06,quantile,0.5,12075
2021-04-12,1 wk ahead inc case,2021-04-17,06,quantile,0.75,18874
2021-04-12,2 wk ahead inc case,2021-04-24,06,quantile,0.75,17157
2021-04-12,3 wk ahead inc case,2021-05-01,06,quantile,0.75,15429
2021-04-12,4 wk ahead inc case,2021-05-08,06,quantile,0.75,13880
2021-04-12,1 wk ahead inc case,2021-04-17,06,quantile,0.9,20648
2021-04-12,2 wk ahead inc case,2021-04-24,06,quantile,0.9,18974
2021-04-12,3 wk ahead inc case,2021-05-01,06,quantile,0.9,17147
2021-04-12,4 wk ahead inc case,2021-05-08,06,quantile,0.9,15503
2021-04-12,1 wk ahead inc case,2021-04-17,06,quantile,0.975,22629
2021-04-12,2 wk ahead inc case,2021-04-24,06,quantile,0.975,21005
2021-04-12,3 wk ahead inc case,2021-05-01,06,quantile,0.975,19067
2021-04-12,4 wk ahead inc case,2021-05-08,06,quantile,0.975,17318
2021-04-12,1 wk ahead inc case,2021-04-17,06,point,NA,16904
2021-04-12,2 wk ahead inc case,2021-04-24,06,point,NA,15138
2021-04-12,3 wk ahead inc case,2021-05-01,06,point,NA,13520
2021-04-12,4 wk ahead inc case,2021-05-08,06,point,NA,12075
2021-04-12,1 day ahead inc hosp,2021-04-13,06,quantile,0.01,106.72
2021-04-12,2 day ahead inc hosp,2021-04-14,06,quantile,0.01,102.93
2021-04-12,3 day ahead inc hosp,2021-04-15,06,quantile,0.01,99.15
2021-04-12,4 day ahead inc hosp,2021-04-16,06,quantile,0.01,95.4
2021-04-12,5 day ahead inc hosp,2021-04-17,06,quantile,0.01,91.68
2021-04-12,6 day ahead inc hosp,2021-04-18,06,quantile,0.01,88.01
2021-04-12,7 day ahead inc hosp,2021-04-19,06,quantile,0.01,84.39
2021-04-12,8 day ahead inc hosp,2021-04-20,06,quantile,0.01,80.83
2021-04-12,9 day ahead inc hosp,2021-04-21,06,quantile,0.01,77.32
2021-04-12,10 day ahead inc hosp,2021-04-22,06,quantile,0.01,73.86
2021-04-12,11 day ahead inc hosp,2021-04-23,06,quantile,0.01,70.46
2021-04-12,12 day ahead inc hosp,2021-04-24,06,quantile,0.01,67.12
2021-04-12,13 day ahead inc hosp,2021-04-25,06,quantile,0.01,63.82
2021-04-12,14 day ahead inc hosp,2021-04-26,06,quantile,0.01,60.58
2021-04-12,15 day ahead inc hosp,2021-04-27,06,quantile,0.01,57.39
2021-04-12,16 day ahead inc hosp,2021-04-28,06,quantile,0.01,54.26
2021-04-12,17 day ahead inc hosp,2021-04-29,06,quantile,0.01,51.17
2021-04-12,18 day ahead inc hosp,2021-04-30,06,quantile,0.01,48.13
2021-04-12,19 day ahead inc hosp,2021-05-01,06,quantile,0.01,45.15
2021-04-12,20 day ahead inc hosp,2021-05-02,06,quantile,0.01,42.21
2021-04-12,21 day ahead inc hosp,2021-05-03,06,quantile,0.01,39.32
2021-04-12,22 day ahead inc hosp,2021-05-04,06,quantile,0.01,36.47
2021-04-12,23 day ahead inc hosp,2021-05-05,06,quantile,0.01,33.67
2021-04-12,24 day ahead inc hosp,2021-05-06,06,quantile,0.01,30.92
2021-04-12,25 day ahead inc hosp,2021-05-07,06,quantile,0.01,28.21
2021-04-12,26 day ahead inc hosp,2021-05-08,06,quantile,0.01,25.55
2021-04-12,27 day ahead inc hosp,2021-05-09,06,quantile,0.01,22.93
2021-04-12,28 day ahead inc hosp,2021-05-10,06,quantile,0.01,20.35
2021-04-12,1 day ahead inc hosp,2021-04-13,06,quantile,0.025,129.3
2021-04-12,2 day ahead inc hosp,2021-04-14,06,quantile,0.025,125.5
2021-04-12,3 day ahead inc hosp,2021-04-15,06,quantile,0.025,121.71
2021-04-12,4 day ahead inc hosp,2021-04-16,06,quantile,0.025,117.94
2021-04-12,5 day ahead inc hosp,2021-04-17,06,quantile,0.025,114.21
2021-04-12,6 day ahead inc hosp,2021-04-18,06,quantile,0.025,110.53
2021-04-12,7 day ahead inc hosp,2021-04-19,06,quantile,0.025,106.9
2021-04-12,8 day ahead inc hosp,2021-04-20,06,quantile,0.025,103.33
2021-04-12,9 day ahead inc hosp,2021-04-21,06,quantile,0.025,99.81
2021-04-12,10 day ahead inc hosp,2021-04-22,06,quantile,0.025,96.34
2021-04-12,11 day ahead inc hosp,2021-04-23,06,quantile,0.025,92.93
2021-04-12,12 day ahead inc hosp,2021-04-24,06,quantile,0.025,89.57
2021-04-12,13 day ahead inc hosp,2021-04-25,06,quantile,0.025,86.27
2021-04-12,14 day ahead inc hosp,2021-04-26,06,quantile,0.025,83.02
2021-04-12,15 day ahead inc hosp,2021-04-27,06,quantile,0.025,79.82
2021-04-12,16 day ahead inc hosp,2021-04-28,06,quantile,0.025,76.67
2021-04-12,17 day ahead inc hosp,2021-04-29,06,quantile,0.025,73.57
2021-04-12,18 day ahead inc hosp,2021-04-30,06,quantile,0.025,70.53
2021-04-12,19 day ahead inc hosp,2021-05-01,06,quantile,0.025,67.53
2021-04-12,20 day ahead inc hosp,2021-05-02,06,quantile,0.025,64.58
2021-04-12,21 day ahead inc hosp,2021-05-03,06,quantile,0.025,61.68
2021-04-12,22 day ahead inc hosp,2021-05-04,06,quantile,0.025,58.83
2021-04-12,23 day ahead inc hosp,2021-05-05,06,quantile,0.025,56.02
2021-04-12,24 day ahead inc hosp,2021-05-06,06,quantile,0.025,53.26
2021-04-12,25 day ahead inc hosp,2021-05-07,06,quantile,0.025,50.54
2021-04-12,26 day ahead inc hosp,2021-05-08,06,quantile,0.025,47.87
2021-04-12,27 day ahead inc hosp,2021-05-09,06,quantile,0.025,45.24
2021-04-12,28 day ahead inc hosp,2021-05-10,06,quantile,0.025,42.65
2021-04-12,1 day ahead inc hosp,2021-04-13,06,quantile,0.05,148.72
2021-04-12,2 day ahead inc hosp,2021-04-14,06,quantile,0.05,144.91
2021-04-12,3 day ahead inc hosp,2021-04-15,06,quantile,0.05,141.11
2021-04-12,4 day ahead inc hosp,2021-04-16,06,quantile,0.05,137.33
2021-04-12,5 day ahead inc hosp,2021-04-17,06,quantile,0.05,133.59
2021-04-12,6 day ahead inc hosp,2021-04-18,06,quantile,0.05,129.9
2021-04-12,7 day ahead inc hosp,2021-04-19,06,quantile,0.05,126.26
2021-04-12,8 day ahead inc hosp,2021-04-20,06,quantile,0.05,122.68
2021-04-12,9 day ahead inc hosp,2021-04-21,06,quantile,0.05,119.15
2021-04-12,10 day ahead inc hosp,2021-04-22,06,quantile,0.05,115.67
2021-04-12,11 day ahead inc hosp,2021-04-23,06,quantile,0.05,112.25
2021-04-12,12 day ahead inc hosp,2021-04-24,06,quantile,0.05,108.88
2021-04-12,13 day ahead inc hosp,2021-04-25,06,quantile,0.05,105.57
2021-04-12,14 day ahead inc hosp,2021-04-26,06,quantile,0.05,102.31
2021-04-12,15 day ahead inc hosp,2021-04-27,06,quantile,0.05,99.1
2021-04-12,16 day ahead inc hosp,2021-04-28,06,quantile,0.05,95.95
2021-04-12,17 day ahead inc hosp,2021-04-29,06,quantile,0.05,92.84
2021-04-12,18 day ahead inc hosp,2021-04-30,06,quantile,0.05,89.79
2021-04-12,19 day ahead inc hosp,2021-05-01,06,quantile,0.05,86.78
2021-04-12,20 day ahead inc hosp,2021-05-02,06,quantile,0.05,83.83
2021-04-12,21 day ahead inc hosp,2021-05-03,06,quantile,0.05,80.92
2021-04-12,22 day ahead inc hosp,2021-05-04,06,quantile,0.05,78.06
2021-04-12,23 day ahead inc hosp,2021-05-05,06,quantile,0.05,75.24
2021-04-12,24 day ahead inc hosp,2021-05-06,06,quantile,0.05,72.47
2021-04-12,25 day ahead inc hosp,2021-05-07,06,quantile,0.05,69.75
2021-04-12,26 day ahead inc hosp,2021-05-08,06,quantile,0.05,67.07
2021-04-12,27 day ahead inc hosp,2021-05-09,06,quantile,0.05,64.43
2021-04-12,28 day ahead inc hosp,2021-05-10,06,quantile,0.05,61.83
2021-04-12,1 day ahead inc hosp,2021-04-13,06,quantile,0.1,171.11
2021-04-12,2 day ahead inc hosp,2021-04-14,06,quantile,0.1,167.29
2021-04-12,3 day ahead inc hosp,2021-04-15,06,quantile,0.1,163.47
2021-04-12,4 day ahead inc hosp,2021-04-16,06,quantile,0.1,159.68
2021-04-12,5 day ahead inc hosp,2021-04-17,06,quantile,0.1,155.93
2021-04-12,6 day ahead inc hosp,2021-04-18,06,quantile,0.1,152.23
2021-04-12,7 day ahead inc hosp,2021-04-19,06,quantile,0.1,148.58
2021-04-12,8 day ahead inc hosp,2021-04-20,06,quantile,0.1,144.99
2021-04-12,9 day ahead inc hosp,2021-04-21,06,quantile,0.1,141.44
2021-04-12,10 day ahead inc hosp,2021-04-22,06,quantile,0.1,137.96
2021-04-12,11 day ahead inc hosp,2021-04-23,06,quantile,0.1,134.53
2021-04-12,12 day ahead inc hosp,2021-04-24,06,quantile,0.1,131.15
2021-04-12,13 day ahead inc hosp,2021-04-25,06,quantile,0.1,127.82
2021-04-12,14 day ahead inc hosp,2021-04-26,06,quantile,0.1,124.55
2021-04-12,15 day ahead inc hosp,2021-04-27,06,quantile,0.1,121.34
2021-04-12,16 day ahead inc hosp,2021-04-28,06,quantile,0.1,118.17
2021-04-12,17 day ahead inc hosp,2021-04-29,06,quantile,0.1,115.06
2021-04-12,18 day ahead inc hosp,2021-04-30,06,quantile,0.1,111.99
2021-04-12,19 day ahead inc hosp,2021-05-01,06,quantile,0.1,108.98
2021-04-12,20 day ahead inc hosp,2021-05-02,06,quantile,0.1,106.01
2021-04-12,21 day ahead inc hosp,2021-05-03,06,quantile,0.1,103.09
2021-04-12,22 day ahead inc hosp,2021-05-04,06,quantile,0.1,100.22
2021-04-12,23 day ahead inc hosp,2021-05-05,06,quantile,0.1,97.4
2021-04-12,24 day ahead inc hosp,2021-05-06,06,quantile,0.1,94.62
2021-04-12,25 day ahead inc hosp,2021-05-07,06,quantile,0.1,91.89
2021-04-12,26 day ahead inc hosp,2021-05-08,06,quantile,0.1,89.2
2021-04-12,27 day ahead inc hosp,2021-05-09,06,quantile,0.1,86.55
2021-04-12,28 day ahead inc hosp,2021-05-10,06,quantile,0.1,83.95
2021-04-12,1 day ahead inc hosp,2021-04-13,06,quantile,0.15,186.22
2021-04-12,2 day ahead inc hosp,2021-04-14,06,quantile,0.15,182.39
2021-04-12,3 day ahead inc hosp,2021-04-15,06,quantile,0.15,178.56
2021-04-12,4 day ahead inc hosp,2021-04-16,06,quantile,0.15,174.77
2021-04-12,5 day ahead inc hosp,2021-04-17,06,quantile,0.15,171.01
2021-04-12,6 day ahead inc hosp,2021-04-18,06,quantile,0.15,167.3
2021-04-12,7 day ahead inc hosp,2021-04-19,06,quantile,0.15,163.64
2021-04-12,8 day ahead inc hosp,2021-04-20,06,quantile,0.15,160.04
2021-04-12,9 day ahead inc hosp,2021-04-21,06,quantile,0.15,156.49
2021-04-12,10 day ahead inc hosp,2021-04-22,06,quantile,0.15,152.99
2021-04-12,11 day ahead inc hosp,2021-04-23,06,quantile,0.15,149.55
2021-04-12,12 day ahead inc hosp,2021-04-24,06,quantile,0.15,146.17
2021-04-12,13 day ahead inc hosp,2021-04-25,06,quantile,0.15,142.84
2021-04-12,14 day ahead inc hosp,2021-04-26,06,quantile,0.15,139.56
2021-04-12,15 day ahead inc hosp,2021-04-27,06,quantile,0.15,136.34
2021-04-12,16 day ahead inc hosp,2021-04-28,06,quantile,0.15,133.17
2021-04-12,17 day ahead inc hosp,2021-04-29,06,quantile,0.15,130.05
2021-04-12,18 day ahead inc hosp,2021-04-30,06,quantile,0.15,126.97
2021-04-12,19 day ahead inc hosp,2021-05-01,06,quantile,0.15,123.95
2021-04-12,20 day ahead inc hosp,2021-05-02,06,quantile,0.15,120.98
2021-04-12,21 day ahead inc hosp,2021-05-03,06,quantile,0.15,118.06
2021-04-12,22 day ahead inc hosp,2021-05-04,06,quantile,0.15,115.18
2021-04-12,23 day ahead inc hosp,2021-05-05,06,quantile,0.15,112.35
2021-04-12,24 day ahead inc hosp,2021-05-06,06,quantile,0.15,109.56
2021-04-12,25 day ahead inc hosp,2021-05-07,06,quantile,0.15,106.83
2021-04-12,26 day ahead inc hosp,2021-05-08,06,quantile,0.15,104.13
2021-04-12,27 day ahead inc hosp,2021-05-09,06,quantile,0.15,101.48
2021-04-12,28 day ahead inc hosp,2021-05-10,06,quantile,0.15,98.87
2021-04-12,1 day ahead inc hosp,2021-04-13,06,quantile,0.2,198.22
2021-04-12,2 day ahead inc hosp,2021-04-14,06,quantile,0.2,194.39
2021-04-12,3 day ahead inc hosp,2021-04-15,06,quantile,0.2,190.56
2021-04-12,4 day ahead inc hosp,2021-04-16,06,quantile,0.2,186.75
2021-04-12,5 day ahead inc hosp,2021-04-17,06,quantile,0.2,182.99
2021-04-12,6 day ahead inc hosp,2021-04-18,06,quantile,0.2,179.27
2021-04-12,7 day ahead inc hosp,2021-04-19,06,quantile,0.2,175.61
2021-04-12,8 day ahead inc hosp,2021-04-20,06,quantile,0.2,172
2021-04-12,9 day ahead inc hosp,2021-04-21,06,quantile,0.2,168.44
2021-04-12,10 day ahead inc hosp,2021-04-22,06,quantile,0.2,164.94
2021-04-12,11 day ahead inc hosp,2021-04-23,06,quantile,0.2,161.5
2021-04-12,12 day ahead inc hosp,2021-04-24,06,quantile,0.2,158.11
2021-04-12,13 day ahead inc hosp,2021-04-25,06,quantile,0.2,154.77
2021-04-12,14 day ahead inc hosp,2021-04-26,06,quantile,0.2,151.49
2021-04-12,15 day ahead inc hosp,2021-04-27,06,quantile,0.2,148.26
2021-04-12,16 day ahead inc hosp,2021-04-28,06,quantile,0.2,145.08
2021-04-12,17 day ahead inc hosp,2021-04-29,06,quantile,0.2,141.96
2021-04-12,18 day ahead inc hosp,2021-04-30,06,quantile,0.2,138.88
2021-04-12,19 day ahead inc hosp,2021-05-01,06,quantile,0.2,135.86
2021-04-12,20 day ahead inc hosp,2021-05-02,06,quantile,0.2,132.88
2021-04-12,21 day ahead inc hosp,2021-05-03,06,quantile,0.2,129.95
2021-04-12,22 day ahead inc hosp,2021-05-04,06,quantile,0.2,127.07
2021-04-12,23 day ahead inc hosp,2021-05-05,06,quantile,0.2,124.23
2021-04-12,24 day ahead inc hosp,2021-05-06,06,quantile,0.2,121.44
2021-04-12,25 day ahead inc hosp,2021-05-07,06,quantile,0.2,118.7
2021-04-12,26 day ahead inc hosp,2021-05-08,06,quantile,0.2,116
2021-04-12,27 day ahead inc hosp,2021-05-09,06,quantile,0.2,113.34
2021-04-12,28 day ahead inc hosp,2021-05-10,06,quantile,0.2,110.73
2021-04-12,1 day ahead inc hosp,2021-04-13,06,quantile,0.25,208.52
2021-04-12,2 day ahead inc hosp,2021-04-14,06,quantile,0.25,204.68
2021-04-12,3 day ahead inc hosp,2021-04-15,06,quantile,0.25,200.84
2021-04-12,4 day ahead inc hosp,2021-04-16,06,quantile,0.25,197.04
2021-04-12,5 day ahead inc hosp,2021-04-17,06,quantile,0.25,193.27
2021-04-12,6 day ahead inc hosp,2021-04-18,06,quantile,0.25,189.55
2021-04-12,7 day ahead inc hosp,2021-04-19,06,quantile,0.25,185.88
2021-04-12,8 day ahead inc hosp,2021-04-20,06,quantile,0.25,182.26
2021-04-12,9 day ahead inc hosp,2021-04-21,06,quantile,0.25,178.7
2021-04-12,10 day ahead inc hosp,2021-04-22,06,quantile,0.25,175.2
2021-04-12,11 day ahead inc hosp,2021-04-23,06,quantile,0.25,171.75
2021-04-12,12 day ahead inc hosp,2021-04-24,06,quantile,0.25,168.35
2021-04-12,13 day ahead inc hosp,2021-04-25,06,quantile,0.25,165.01
2021-04-12,14 day ahead inc hosp,2021-04-26,06,quantile,0.25,161.72
2021-04-12,15 day ahead inc hosp,2021-04-27,06,quantile,0.25,158.49
2021-04-12,16 day ahead inc hosp,2021-04-28,06,quantile,0.25,155.31
2021-04-12,17 day ahead inc hosp,2021-04-29,06,quantile,0.25,152.18
2021-04-12,18 day ahead inc hosp,2021-04-30,06,quantile,0.25,149.1
2021-04-12,19 day ahead inc hosp,2021-05-01,06,quantile,0.25,146.07
2021-04-12,20 day ahead inc hosp,2021-05-02,06,quantile,0.25,143.08
2021-04-12,21 day ahead inc hosp,2021-05-03,06,quantile,0.25,140.15
2021-04-12,22 day ahead inc hosp,2021-05-04,06,quantile,0.25,137.26
2021-04-12,23 day ahead inc hosp,2021-05-05,06,quantile,0.25,134.43
2021-04-12,24 day ahead inc hosp,2021-05-06,06,quantile,0.25,131.63
2021-04-12,25 day ahead inc hosp,2021-05-07,06,quantile,0.25,128.88
2021-04-12,26 day ahead inc hosp,2021-05-08,06,quantile,0.25,126.18
2021-04-12,27 day ahead inc hosp,2021-05-09,06,quantile,0.25,123.52
2021-04-12,28 day ahead inc hosp,2021-05-10,06,quantile,0.25,120.9
2021-04-12,1 day ahead inc hosp,2021-04-13,06,quantile,0.3,217.77
2021-04-12,2 day ahead inc hosp,2021-04-14,06,quantile,0.3,213.93
2021-04-12,3 day ahead inc hosp,2021-04-15,06,quantile,0.3,210.08
2021-04-12,4 day ahead inc hosp,2021-04-16,06,quantile,0.3,206.27
2021-04-12,5 day ahead inc hosp,2021-04-17,06,quantile,0.3,202.5
2021-04-12,6 day ahead inc hosp,2021-04-18,06,quantile,0.3,198.77
2021-04-12,7 day ahead inc hosp,2021-04-19,06,quantile,0.3,195.1
2021-04-12,8 day ahead inc hosp,2021-04-20,06,quantile,0.3,191.48
2021-04-12,9 day ahead inc hosp,2021-04-21,06,quantile,0.3,187.91
2021-04-12,10 day ahead inc hosp,2021-04-22,06,quantile,0.3,184.4
2021-04-12,11 day ahead inc hosp,2021-04-23,06,quantile,0.3,180.95
2021-04-12,12 day ahead inc hosp,2021-04-24,06,quantile,0.3,177.55
2021-04-12,13 day ahead inc hosp,2021-04-25,06,quantile,0.3,174.21
2021-04-12,14 day ahead inc hosp,2021-04-26,06,quantile,0.3,170.91
2021-04-12,15 day ahead inc hosp,2021-04-27,06,quantile,0.3,167.68
2021-04-12,16 day ahead inc hosp,2021-04-28,06,quantile,0.3,164.49
2021-04-12,17 day ahead inc hosp,2021-04-29,06,quantile,0.3,161.35
2021-04-12,18 day ahead inc hosp,2021-04-30,06,quantile,0.3,158.27
2021-04-12,19 day ahead inc hosp,2021-05-01,06,quantile,0.3,155.24
2021-04-12,20 day ahead inc hosp,2021-05-02,06,quantile,0.3,152.25
2021-04-12,21 day ahead inc hosp,2021-05-03,06,quantile,0.3,149.31
2021-04-12,22 day ahead inc hosp,2021-05-04,06,quantile,0.3,146.42
2021-04-12,23 day ahead inc hosp,2021-05-05,06,quantile,0.3,143.58
2021-04-12,24 day ahead inc hosp,2021-05-06,06,quantile,0.3,140.78
2021-04-12,25 day ahead inc hosp,2021-05-07,06,quantile,0.3,138.03
2021-04-12,26 day ahead inc hosp,2021-05-08,06,quantile,0.3,135.32
2021-04-12,27 day ahead inc hosp,2021-05-09,06,quantile,0.3,132.66
2021-04-12,28 day ahead inc hosp,2021-05-10,06,quantile,0.3,130.04
2021-04-12,1 day ahead inc hosp,2021-04-13,06,quantile,0.35,226.34
2021-04-12,2 day ahead inc hosp,2021-04-14,06,quantile,0.35,222.49
2021-04-12,3 day ahead inc hosp,2021-04-15,06,quantile,0.35,218.65
2021-04-12,4 day ahead inc hosp,2021-04-16,06,quantile,0.35,214.83
2021-04-12,5 day ahead inc hosp,2021-04-17,06,quantile,0.35,211.05
2021-04-12,6 day ahead inc hosp,2021-04-18,06,quantile,0.35,207.32
2021-04-12,7 day ahead inc hosp,2021-04-19,06,quantile,0.35,203.64
2021-04-12,8 day ahead inc hosp,2021-04-20,06,quantile,0.35,200.02
2021-04-12,9 day ahead inc hosp,2021-04-21,06,quantile,0.35,196.45
2021-04-12,10 day ahead inc hosp,2021-04-22,06,quantile,0.35,192.94
2021-04-12,11 day ahead inc hosp,2021-04-23,06,quantile,0.35,189.48
2021-04-12,12 day ahead inc hosp,2021-04-24,06,quantile,0.35,186.08
2021-04-12,13 day ahead inc hosp,2021-04-25,06,quantile,0.35,182.73
2021-04-12,14 day ahead inc hosp,2021-04-26,06,quantile,0.35,179.43
2021-04-12,15 day ahead inc hosp,2021-04-27,06,quantile,0.35,176.19
2021-04-12,16 day ahead inc hosp,2021-04-28,06,quantile,0.35,173
2021-04-12,17 day ahead inc hosp,2021-04-29,06,quantile,0.35,169.86
2021-04-12,18 day ahead inc hosp,2021-04-30,06,quantile,0.35,166.77
2021-04-12,19 day ahead inc hosp,2021-05-01,06,quantile,0.35,163.73
2021-04-12,20 day ahead inc hosp,2021-05-02,06,quantile,0.35,160.74
2021-04-12,21 day ahead inc hosp,2021-05-03,06,quantile,0.35,157.8
2021-04-12,22 day ahead inc hosp,2021-05-04,06,quantile,0.35,154.91
2021-04-12,23 day ahead inc hosp,2021-05-05,06,quantile,0.35,152.06
2021-04-12,24 day ahead inc hosp,2021-05-06,06,quantile,0.35,149.26
2021-04-12,25 day ahead inc hosp,2021-05-07,06,quantile,0.35,146.51
2021-04-12,26 day ahead inc hosp,2021-05-08,06,quantile,0.35,143.8
2021-04-12,27 day ahead inc hosp,2021-05-09,06,quantile,0.35,141.13
2021-04-12,28 day ahead inc hosp,2021-05-10,06,quantile,0.35,138.51
2021-04-12,1 day ahead inc hosp,2021-04-13,06,quantile,0.4,234.48
2021-04-12,2 day ahead inc hosp,2021-04-14,06,quantile,0.4,230.62
2021-04-12,3 day ahead inc hosp,2021-04-15,06,quantile,0.4,226.77
2021-04-12,4 day ahead inc hosp,2021-04-16,06,quantile,0.4,222.95
2021-04-12,5 day ahead inc hosp,2021-04-17,06,quantile,0.4,219.17
2021-04-12,6 day ahead inc hosp,2021-04-18,06,quantile,0.4,215.43
2021-04-12,7 day ahead inc hosp,2021-04-19,06,quantile,0.4,211.75
2021-04-12,8 day ahead inc hosp,2021-04-20,06,quantile,0.4,208.12
2021-04-12,9 day ahead inc hosp,2021-04-21,06,quantile,0.4,204.55
2021-04-12,10 day ahead inc hosp,2021-04-22,06,quantile,0.4,201.03
2021-04-12,11 day ahead inc hosp,2021-04-23,06,quantile,0.4,197.57
2021-04-12,12 day ahead inc hosp,2021-04-24,06,quantile,0.4,194.16
2021-04-12,13 day ahead inc hosp,2021-04-25,06,quantile,0.4,190.81
2021-04-12,14 day ahead inc hosp,2021-04-26,06,quantile,0.4,187.51
2021-04-12,15 day ahead inc hosp,2021-04-27,06,quantile,0.4,184.27
2021-04-12,16 day ahead inc hosp,2021-04-28,06,quantile,0.4,181.07
2021-04-12,17 day ahead inc hosp,2021-04-29,06,quantile,0.4,177.93
2021-04-12,18 day ahead inc hosp,2021-04-30,06,quantile,0.4,174.84
2021-04-12,19 day ahead inc hosp,2021-05-01,06,quantile,0.4,171.8
2021-04-12,20 day ahead inc hosp,2021-05-02,06,quantile,0.4,168.8
2021-04-12,21 day ahead inc hosp,2021-05-03,06,quantile,0.4,165.86
2021-04-12,22 day ahead inc hosp,2021-05-04,06,quantile,0.4,162.96
2021-04-12,23 day ahead inc hosp,2021-05-05,06,quantile,0.4,160.11
2021-04-12,24 day ahead inc hosp,2021-05-06,06,quantile,0.4,157.31
2021-04-12,25 day ahead inc hosp,2021-05-07,06,quantile,0.4,154.55
2021-04-12,26 day ahead inc hosp,2021-05-08,06,quantile,0.4,151.84
2021-04-12,27 day ahead inc hosp,2021-05-09,06,quantile,0.4,149.17
2021-04-12,28 day ahead inc hosp,2021-05-10,06,quantile,0.4,146.54
2021-04-12,1 day ahead inc hosp,2021-04-13,06,quantile,0.45,242.35
2021-04-12,2 day ahead inc hosp,2021-04-14,06,quantile,0.45,238.49
2021-04-12,3 day ahead inc hosp,2021-04-15,06,quantile,0.45,234.63
2021-04-12,4 day ahead inc hosp,2021-04-16,06,quantile,0.45,230.81
2021-04-12,5 day ahead inc hosp,2021-04-17,06,quantile,0.45,227.02
2021-04-12,6 day ahead inc hosp,2021-04-18,06,quantile,0.45,223.28
2021-04-12,7 day ahead inc hosp,2021-04-19,06,quantile,0.45,219.6
2021-04-12,8 day ahead inc hosp,2021-04-20,06,quantile,0.45,215.96
2021-04-12,9 day ahead inc hosp,2021-04-21,06,quantile,0.45,212.39
2021-04-12,10 day ahead inc hosp,2021-04-22,06,quantile,0.45,208.87
2021-04-12,11 day ahead inc hosp,2021-04-23,06,quantile,0.45,205.4
2021-04-12,12 day ahead inc hosp,2021-04-24,06,quantile,0.45,201.99
2021-04-12,13 day ahead inc hosp,2021-04-25,06,quantile,0.45,198.63
2021-04-12,14 day ahead inc hosp,2021-04-26,06,quantile,0.45,195.33
2021-04-12,15 day ahead inc hosp,2021-04-27,06,quantile,0.45,192.08
2021-04-12,16 day ahead inc hosp,2021-04-28,06,quantile,0.45,188.88
2021-04-12,17 day ahead inc hosp,2021-04-29,06,quantile,0.45,185.74
2021-04-12,18 day ahead inc hosp,2021-04-30,06,quantile,0.45,182.64
2021-04-12,19 day ahead inc hosp,2021-05-01,06,quantile,0.45,179.6
2021-04-12,20 day ahead inc hosp,2021-05-02,06,quantile,0.45,176.6
2021-04-12,21 day ahead inc hosp,2021-05-03,06,quantile,0.45,173.65
2021-04-12,22 day ahead inc hosp,2021-05-04,06,quantile,0.45,170.75
2021-04-12,23 day ahead inc hosp,2021-05-05,06,quantile,0.45,167.9
2021-04-12,24 day ahead inc hosp,2021-05-06,06,quantile,0.45,165.09
2021-04-12,25 day ahead inc hosp,2021-05-07,06,quantile,0.45,162.33
2021-04-12,26 day ahead inc hosp,2021-05-08,06,quantile,0.45,159.62
2021-04-12,27 day ahead inc hosp,2021-05-09,06,quantile,0.45,156.94
2021-04-12,28 day ahead inc hosp,2021-05-10,06,quantile,0.45,154.31
2021-04-12,1 day ahead inc hosp,2021-04-13,06,quantile,0.5,250.09
2021-04-12,2 day ahead inc hosp,2021-04-14,06,quantile,0.5,246.23
2021-04-12,3 day ahead inc hosp,2021-04-15,06,quantile,0.5,242.37
2021-04-12,4 day ahead inc hosp,2021-04-16,06,quantile,0.5,238.54
2021-04-12,5 day ahead inc hosp,2021-04-17,06,quantile,0.5,234.75
2021-04-12,6 day ahead inc hosp,2021-04-18,06,quantile,0.5,231.01
2021-04-12,7 day ahead inc hosp,2021-04-19,06,quantile,0.5,227.32
2021-04-12,8 day ahead inc hosp,2021-04-20,06,quantile,0.5,223.68
2021-04-12,9 day ahead inc hosp,2021-04-21,06,quantile,0.5,220.1
2021-04-12,10 day ahead inc hosp,2021-04-22,06,quantile,0.5,216.57
2021-04-12,11 day ahead inc hosp,2021-04-23,06,quantile,0.5,213.1
2021-04-12,12 day ahead inc hosp,2021-04-24,06,quantile,0.5,209.69
2021-04-12,13 day ahead inc hosp,2021-04-25,06,quantile,0.5,206.33
2021-04-12,14 day ahead inc hosp,2021-04-26,06,quantile,0.5,203.02
2021-04-12,15 day ahead inc hosp,2021-04-27,06,quantile,0.5,199.77
2021-04-12,16 day ahead inc hosp,2021-04-28,06,quantile,0.5,196.57
2021-04-12,17 day ahead inc hosp,2021-04-29,06,quantile,0.5,193.42
2021-04-12,18 day ahead inc hosp,2021-04-30,06,quantile,0.5,190.32
2021-04-12,19 day ahead inc hosp,2021-05-01,06,quantile,0.5,187.27
2021-04-12,20 day ahead inc hosp,2021-05-02,06,quantile,0.5,184.27
2021-04-12,21 day ahead inc hosp,2021-05-03,06,quantile,0.5,181.32
2021-04-12,22 day ahead inc hosp,2021-05-04,06,quantile,0.5,178.42
2021-04-12,23 day ahead inc hosp,2021-05-05,06,quantile,0.5,175.56
2021-04-12,24 day ahead inc hosp,2021-05-06,06,quantile,0.5,172.75
2021-04-12,25 day ahead inc hosp,2021-05-07,06,quantile,0.5,169.99
2021-04-12,26 day ahead inc hosp,2021-05-08,06,quantile,0.5,167.27
2021-04-12,27 day ahead inc hosp,2021-05-09,06,quantile,0.5,164.59
2021-04-12,28 day ahead inc hosp,2021-05-10,06,quantile,0.5,161.96
2021-04-12,1 day ahead inc hosp,2021-04-13,06,quantile,0.55,257.83
2021-04-12,2 day ahead inc hosp,2021-04-14,06,quantile,0.55,253.97
2021-04-12,3 day ahead inc hosp,2021-04-15,06,quantile,0.55,250.11
2021-04-12,4 day ahead inc hosp,2021-04-16,06,quantile,0.55,246.27
2021-04-12,5 day ahead inc hosp,2021-04-17,06,quantile,0.55,242.48
2021-04-12,6 day ahead inc hosp,2021-04-18,06,quantile,0.55,238.73
2021-04-12,7 day ahead inc hosp,2021-04-19,06,quantile,0.55,235.04
2021-04-12,8 day ahead inc hosp,2021-04-20,06,quantile,0.55,231.4
2021-04-12,9 day ahead inc hosp,2021-04-21,06,quantile,0.55,227.81
2021-04-12,10 day ahead inc hosp,2021-04-22,06,quantile,0.55,224.28
2021-04-12,11 day ahead inc hosp,2021-04-23,06,quantile,0.55,220.81
2021-04-12,12 day ahead inc hosp,2021-04-24,06,quantile,0.55,217.39
2021-04-12,13 day ahead inc hosp,2021-04-25,06,quantile,0.55,214.03
2021-04-12,14 day ahead inc hosp,2021-04-26,06,quantile,0.55,210.72
2021-04-12,15 day ahead inc hosp,2021-04-27,06,quantile,0.55,207.46
2021-04-12,16 day ahead inc hosp,2021-04-28,06,quantile,0.55,204.26
2021-04-12,17 day ahead inc hosp,2021-04-29,06,quantile,0.55,201.1
2021-04-12,18 day ahead inc hosp,2021-04-30,06,quantile,0.55,198
2021-04-12,19 day ahead inc hosp,2021-05-01,06,quantile,0.55,194.95
2021-04-12,20 day ahead inc hosp,2021-05-02,06,quantile,0.55,191.95
2021-04-12,21 day ahead inc hosp,2021-05-03,06,quantile,0.55,188.99
2021-04-12,22 day ahead inc hosp,2021-05-04,06,quantile,0.55,186.09
2021-04-12,23 day ahead inc hosp,2021-05-05,06,quantile,0.55,183.23
2021-04-12,24 day ahead inc hosp,2021-05-06,06,quantile,0.55,180.42
2021-04-12,25 day ahead inc hosp,2021-05-07,06,quantile,0.55,177.65
2021-04-12,26 day ahead inc hosp,2021-05-08,06,quantile,0.55,174.93
2021-04-12,27 day ahead inc hosp,2021-05-09,06,quantile,0.55,172.25
2021-04-12,28 day ahead inc hosp,2021-05-10,06,quantile,0.55,169.61
2021-04-12,1 day ahead inc hosp,2021-04-13,06,quantile,0.6,265.7
2021-04-12,2 day ahead inc hosp,2021-04-14,06,quantile,0.6,261.83
2021-04-12,3 day ahead inc hosp,2021-04-15,06,quantile,0.6,257.97
2021-04-12,4 day ahead inc hosp,2021-04-16,06,quantile,0.6,254.13
2021-04-12,5 day ahead inc hosp,2021-04-17,06,quantile,0.6,250.33
2021-04-12,6 day ahead inc hosp,2021-04-18,06,quantile,0.6,246.58
2021-04-12,7 day ahead inc hosp,2021-04-19,06,quantile,0.6,242.88
2021-04-12,8 day ahead inc hosp,2021-04-20,06,quantile,0.6,239.24
2021-04-12,9 day ahead inc hosp,2021-04-21,06,quantile,0.6,235.65
2021-04-12,10 day ahead inc hosp,2021-04-22,06,quantile,0.6,232.12
2021-04-12,11 day ahead inc hosp,2021-04-23,06,quantile,0.6,228.64
2021-04-12,12 day ahead inc hosp,2021-04-24,06,quantile,0.6,225.22
2021-04-12,13 day ahead inc hosp,2021-04-25,06,quantile,0.6,221.85
2021-04-12,14 day ahead inc hosp,2021-04-26,06,quantile,0.6,218.54
2021-04-12,15 day ahead inc hosp,2021-04-27,06,quantile,0.6,215.28
2021-04-12,16 day ahead inc hosp,2021-04-28,06,quantile,0.6,212.07
2021-04-12,17 day ahead inc hosp,2021-04-29,06,quantile,0.6,208.91
2021-04-12,18 day ahead inc hosp,2021-04-30,06,quantile,0.6,205.81
2021-04-12,19 day ahead inc hosp,2021-05-01,06,quantile,0.6,202.75
2021-04-12,20 day ahead inc hosp,2021-05-02,06,quantile,0.6,199.75
2021-04-12,21 day ahead inc hosp,2021-05-03,06,quantile,0.6,196.79
2021-04-12,22 day ahead inc hosp,2021-05-04,06,quantile,0.6,193.88
2021-04-12,23 day ahead inc hosp,2021-05-05,06,quantile,0.6,191.02
2021-04-12,24 day ahead inc hosp,2021-05-06,06,quantile,0.6,188.2
2021-04-12,25 day ahead inc hosp,2021-05-07,06,quantile,0.6,185.43
2021-04-12,26 day ahead inc hosp,2021-05-08,06,quantile,0.6,182.7
2021-04-12,27 day ahead inc hosp,2021-05-09,06,quantile,0.6,180.02
2021-04-12,28 day ahead inc hosp,2021-05-10,06,quantile,0.6,177.39
2021-04-12,1 day ahead inc hosp,2021-04-13,06,quantile,0.65,273.84
2021-04-12,2 day ahead inc hosp,2021-04-14,06,quantile,0.65,269.96
2021-04-12,3 day ahead inc hosp,2021-04-15,06,quantile,0.65,266.09
2021-04-12,4 day ahead inc hosp,2021-04-16,06,quantile,0.65,262.25
2021-04-12,5 day ahead inc hosp,2021-04-17,06,quantile,0.65,258.45
2021-04-12,6 day ahead inc hosp,2021-04-18,06,quantile,0.65,254.69
2021-04-12,7 day ahead inc hosp,2021-04-19,06,quantile,0.65,250.99
2021-04-12,8 day ahead inc hosp,2021-04-20,06,quantile,0.65,247.34
2021-04-12,9 day ahead inc hosp,2021-04-21,06,quantile,0.65,243.75
2021-04-12,10 day ahead inc hosp,2021-04-22,06,quantile,0.65,240.21
2021-04-12,11 day ahead inc hosp,2021-04-23,06,quantile,0.65,236.73
2021-04-12,12 day ahead inc hosp,2021-04-24,06,quantile,0.65,233.31
2021-04-12,13 day ahead inc hosp,2021-04-25,06,quantile,0.65,229.93
2021-04-12,14 day ahead inc hosp,2021-04-26,06,quantile,0.65,226.62
2021-04-12,15 day ahead inc hosp,2021-04-27,06,quantile,0.65,223.35
2021-04-12,16 day ahead inc hosp,2021-04-28,06,quantile,0.65,220.14
2021-04-12,17 day ahead inc hosp,2021-04-29,06,quantile,0.65,216.98
2021-04-12,18 day ahead inc hosp,2021-04-30,06,quantile,0.65,213.87
2021-04-12,19 day ahead inc hosp,2021-05-01,06,quantile,0.65,210.81
2021-04-12,20 day ahead inc hosp,2021-05-02,06,quantile,0.65,207.8
2021-04-12,21 day ahead inc hosp,2021-05-03,06,quantile,0.65,204.84
2021-04-12,22 day ahead inc hosp,2021-05-04,06,quantile,0.65,201.93
2021-04-12,23 day ahead inc hosp,2021-05-05,06,quantile,0.65,199.07
2021-04-12,24 day ahead inc hosp,2021-05-06,06,quantile,0.65,196.25
2021-04-12,25 day ahead inc hosp,2021-05-07,06,quantile,0.65,193.47
2021-04-12,26 day ahead inc hosp,2021-05-08,06,quantile,0.65,190.74
2021-04-12,27 day ahead inc hosp,2021-05-09,06,quantile,0.65,188.06
2021-04-12,28 day ahead inc hosp,2021-05-10,06,quantile,0.65,185.42
2021-04-12,1 day ahead inc hosp,2021-04-13,06,quantile,0.7,282.41
2021-04-12,2 day ahead inc hosp,2021-04-14,06,quantile,0.7,278.53
2021-04-12,3 day ahead inc hosp,2021-04-15,06,quantile,0.7,274.65
2021-04-12,4 day ahead inc hosp,2021-04-16,06,quantile,0.7,270.81
2021-04-12,5 day ahead inc hosp,2021-04-17,06,quantile,0.7,267
2021-04-12,6 day ahead inc hosp,2021-04-18,06,quantile,0.7,263.24
2021-04-12,7 day ahead inc hosp,2021-04-19,06,quantile,0.7,259.53
2021-04-12,8 day ahead inc hosp,2021-04-20,06,quantile,0.7,255.88
2021-04-12,9 day ahead inc hosp,2021-04-21,06,quantile,0.7,252.28
2021-04-12,10 day ahead inc hosp,2021-04-22,06,quantile,0.7,248.74
2021-04-12,11 day ahead inc hosp,2021-04-23,06,quantile,0.7,245.26
2021-04-12,12 day ahead inc hosp,2021-04-24,06,quantile,0.7,241.83
2021-04-12,13 day ahead inc hosp,2021-04-25,06,quantile,0.7,238.45
2021-04-12,14 day ahead inc hosp,2021-04-26,06,quantile,0.7,235.13
2021-04-12,15 day ahead inc hosp,2021-04-27,06,quantile,0.7,231.86
2021-04-12,16 day ahead inc hosp,2021-04-28,06,quantile,0.7,228.65
2021-04-12,17 day ahead inc hosp,2021-04-29,06,quantile,0.7,225.49
2021-04-12,18 day ahead inc hosp,2021-04-30,06,quantile,0.7,222.37
2021-04-12,19 day ahead inc hosp,2021-05-01,06,quantile,0.7,219.31
2021-04-12,20 day ahead inc hosp,2021-05-02,06,quantile,0.7,216.3
2021-04-12,21 day ahead inc hosp,2021-05-03,06,quantile,0.7,213.33
2021-04-12,22 day ahead inc hosp,2021-05-04,06,quantile,0.7,210.42
2021-04-12,23 day ahead inc hosp,2021-05-05,06,quantile,0.7,207.55
2021-04-12,24 day ahead inc hosp,2021-05-06,06,quantile,0.7,204.73
2021-04-12,25 day ahead inc hosp,2021-05-07,06,quantile,0.7,201.95
2021-04-12,26 day ahead inc hosp,2021-05-08,06,quantile,0.7,199.22
2021-04-12,27 day ahead inc hosp,2021-05-09,06,quantile,0.7,196.53
2021-04-12,28 day ahead inc hosp,2021-05-10,06,quantile,0.7,193.89
2021-04-12,1 day ahead inc hosp,2021-04-13,06,quantile,0.75,291.66
2021-04-12,2 day ahead inc hosp,2021-04-14,06,quantile,0.75,287.77
2021-04-12,3 day ahead inc hosp,2021-04-15,06,quantile,0.75,283.89
2021-04-12,4 day ahead inc hosp,2021-04-16,06,quantile,0.75,280.04
2021-04-12,5 day ahead inc hosp,2021-04-17,06,quantile,0.75,276.23
2021-04-12,6 day ahead inc hosp,2021-04-18,06,quantile,0.75,272.47
2021-04-12,7 day ahead inc hosp,2021-04-19,06,quantile,0.75,268.75
2021-04-12,8 day ahead inc hosp,2021-04-20,06,quantile,0.75,265.1
2021-04-12,9 day ahead inc hosp,2021-04-21,06,quantile,0.75,261.5
2021-04-12,10 day ahead inc hosp,2021-04-22,06,quantile,0.75,257.95
2021-04-12,11 day ahead inc hosp,2021-04-23,06,quantile,0.75,254.46
2021-04-12,12 day ahead inc hosp,2021-04-24,06,quantile,0.75,251.03
2021-04-12,13 day ahead inc hosp,2021-04-25,06,quantile,0.75,247.65
2021-04-12,14 day ahead inc hosp,2021-04-26,06,quantile,0.75,244.32
2021-04-12,15 day ahead inc hosp,2021-04-27,06,quantile,0.75,241.05
2021-04-12,16 day ahead inc hosp,2021-04-28,06,quantile,0.75,237.83
2021-04-12,17 day ahead inc hosp,2021-04-29,06,quantile,0.75,234.66
2021-04-12,18 day ahead inc hosp,2021-04-30,06,quantile,0.75,231.55
2021-04-12,19 day ahead inc hosp,2021-05-01,06,quantile,0.75,228.48
2021-04-12,20 day ahead inc hosp,2021-05-02,06,quantile,0.75,225.46
2021-04-12,21 day ahead inc hosp,2021-05-03,06,quantile,0.75,222.5
2021-04-12,22 day ahead inc hosp,2021-05-04,06,quantile,0.75,219.58
2021-04-12,23 day ahead inc hosp,2021-05-05,06,quantile,0.75,216.7
2021-04-12,24 day ahead inc hosp,2021-05-06,06,quantile,0.75,213.88
2021-04-12,25 day ahead inc hosp,2021-05-07,06,quantile,0.75,211.1
2021-04-12,26 day ahead inc hosp,2021-05-08,06,quantile,0.75,208.36
2021-04-12,27 day ahead inc hosp,2021-05-09,06,quantile,0.75,205.67
2021-04-12,28 day ahead inc hosp,2021-05-10,06,quantile,0.75,203.02
2021-04-12,1 day ahead inc hosp,2021-04-13,06,quantile,0.8,301.96
2021-04-12,2 day ahead inc hosp,2021-04-14,06,quantile,0.8,298.07
2021-04-12,3 day ahead inc hosp,2021-04-15,06,quantile,0.8,294.18
2021-04-12,4 day ahead inc hosp,2021-04-16,06,quantile,0.8,290.33
2021-04-12,5 day ahead inc hosp,2021-04-17,06,quantile,0.8,286.51
2021-04-12,6 day ahead inc hosp,2021-04-18,06,quantile,0.8,282.74
2021-04-12,7 day ahead inc hosp,2021-04-19,06,quantile,0.8,279.02
2021-04-12,8 day ahead inc hosp,2021-04-20,06,quantile,0.8,275.36
2021-04-12,9 day ahead inc hosp,2021-04-21,06,quantile,0.8,271.75
2021-04-12,10 day ahead inc hosp,2021-04-22,06,quantile,0.8,268.2
2021-04-12,11 day ahead inc hosp,2021-04-23,06,quantile,0.8,264.71
2021-04-12,12 day ahead inc hosp,2021-04-24,06,quantile,0.8,261.27
2021-04-12,13 day ahead inc hosp,2021-04-25,06,quantile,0.8,257.89
2021-04-12,14 day ahead inc hosp,2021-04-26,06,quantile,0.8,254.56
2021-04-12,15 day ahead inc hosp,2021-04-27,06,quantile,0.8,251.28
2021-04-12,16 day ahead inc hosp,2021-04-28,06,quantile,0.8,248.06
2021-04-12,17 day ahead inc hosp,2021-04-29,06,quantile,0.8,244.88
2021-04-12,18 day ahead inc hosp,2021-04-30,06,quantile,0.8,241.76
2021-04-12,19 day ahead inc hosp,2021-05-01,06,quantile,0.8,238.69
2021-04-12,20 day ahead inc hosp,2021-05-02,06,quantile,0.8,235.67
2021-04-12,21 day ahead inc hosp,2021-05-03,06,quantile,0.8,232.7
2021-04-12,22 day ahead inc hosp,2021-05-04,06,quantile,0.8,229.77
2021-04-12,23 day ahead inc hosp,2021-05-05,06,quantile,0.8,226.9
2021-04-12,24 day ahead inc hosp,2021-05-06,06,quantile,0.8,224.07
2021-04-12,25 day ahead inc hosp,2021-05-07,06,quantile,0.8,221.28
2021-04-12,26 day ahead inc hosp,2021-05-08,06,quantile,0.8,218.54
2021-04-12,27 day ahead inc hosp,2021-05-09,06,quantile,0.8,215.85
2021-04-12,28 day ahead inc hosp,2021-05-10,06,quantile,0.8,213.2
2021-04-12,1 day ahead inc hosp,2021-04-13,06,quantile,0.85,313.96
2021-04-12,2 day ahead inc hosp,2021-04-14,06,quantile,0.85,310.07
2021-04-12,3 day ahead inc hosp,2021-04-15,06,quantile,0.85,306.18
2021-04-12,4 day ahead inc hosp,2021-04-16,06,quantile,0.85,302.31
2021-04-12,5 day ahead inc hosp,2021-04-17,06,quantile,0.85,298.49
2021-04-12,6 day ahead inc hosp,2021-04-18,06,quantile,0.85,294.71
2021-04-12,7 day ahead inc hosp,2021-04-19,06,quantile,0.85,290.99
2021-04-12,8 day ahead inc hosp,2021-04-20,06,quantile,0.85,287.32
2021-04-12,9 day ahead inc hosp,2021-04-21,06,quantile,0.85,283.71
2021-04-12,10 day ahead inc hosp,2021-04-22,06,quantile,0.85,280.15
2021-04-12,11 day ahead inc hosp,2021-04-23,06,quantile,0.85,276.65
2021-04-12,12 day ahead inc hosp,2021-04-24,06,quantile,0.85,273.21
2021-04-12,13 day ahead inc hosp,2021-04-25,06,quantile,0.85,269.82
2021-04-12,14 day ahead inc hosp,2021-04-26,06,quantile,0.85,266.48
2021-04-12,15 day ahead inc hosp,2021-04-27,06,quantile,0.85,263.2
2021-04-12,16 day ahead inc hosp,2021-04-28,06,quantile,0.85,259.97
2021-04-12,17 day ahead inc hosp,2021-04-29,06,quantile,0.85,256.8
2021-04-12,18 day ahead inc hosp,2021-04-30,06,quantile,0.85,253.67
2021-04-12,19 day ahead inc hosp,2021-05-01,06,quantile,0.85,250.59
2021-04-12,20 day ahead inc hosp,2021-05-02,06,quantile,0.85,247.57
2021-04-12,21 day ahead inc hosp,2021-05-03,06,quantile,0.85,244.59
2021-04-12,22 day ahead inc hosp,2021-05-04,06,quantile,0.85,241.66
2021-04-12,23 day ahead inc hosp,2021-05-05,06,quantile,0.85,238.78
2021-04-12,24 day ahead inc hosp,2021-05-06,06,quantile,0.85,235.94
2021-04-12,25 day ahead inc hosp,2021-05-07,06,quantile,0.85,233.15
2021-04-12,26 day ahead inc hosp,2021-05-08,06,quantile,0.85,230.41
2021-04-12,27 day ahead inc hosp,2021-05-09,06,quantile,0.85,227.71
2021-04-12,28 day ahead inc hosp,2021-05-10,06,quantile,0.85,225.05
2021-04-12,1 day ahead inc hosp,2021-04-13,06,quantile,0.9,329.07
2021-04-12,2 day ahead inc hosp,2021-04-14,06,quantile,0.9,325.16
2021-04-12,3 day ahead inc hosp,2021-04-15,06,quantile,0.9,321.27
2021-04-12,4 day ahead inc hosp,2021-04-16,06,quantile,0.9,317.39
2021-04-12,5 day ahead inc hosp,2021-04-17,06,quantile,0.9,313.56
2021-04-12,6 day ahead inc hosp,2021-04-18,06,quantile,0.9,309.78
2021-04-12,7 day ahead inc hosp,2021-04-19,06,quantile,0.9,306.05
2021-04-12,8 day ahead inc hosp,2021-04-20,06,quantile,0.9,302.38
2021-04-12,9 day ahead inc hosp,2021-04-21,06,quantile,0.9,298.76
2021-04-12,10 day ahead inc hosp,2021-04-22,06,quantile,0.9,295.19
2021-04-12,11 day ahead inc hosp,2021-04-23,06,quantile,0.9,291.68
2021-04-12,12 day ahead inc hosp,2021-04-24,06,quantile,0.9,288.23
2021-04-12,13 day ahead inc hosp,2021-04-25,06,quantile,0.9,284.84
2021-04-12,14 day ahead inc hosp,2021-04-26,06,quantile,0.9,281.49
2021-04-12,15 day ahead inc hosp,2021-04-27,06,quantile,0.9,278.2
2021-04-12,16 day ahead inc hosp,2021-04-28,06,quantile,0.9,274.97
2021-04-12,17 day ahead inc hosp,2021-04-29,06,quantile,0.9,271.78
2021-04-12,18 day ahead inc hosp,2021-04-30,06,quantile,0.9,268.65
2021-04-12,19 day ahead inc hosp,2021-05-01,06,quantile,0.9,265.57
2021-04-12,20 day ahead inc hosp,2021-05-02,06,quantile,0.9,262.54
2021-04-12,21 day ahead inc hosp,2021-05-03,06,quantile,0.9,259.55
2021-04-12,22 day ahead inc hosp,2021-05-04,06,quantile,0.9,256.62
2021-04-12,23 day ahead inc hosp,2021-05-05,06,quantile,0.9,253.73
2021-04-12,24 day ahead inc hosp,2021-05-06,06,quantile,0.9,250.89
2021-04-12,25 day ahead inc hosp,2021-05-07,06,quantile,0.9,248.09
2021-04-12,26 day ahead inc hosp,2021-05-08,06,quantile,0.9,245.34
2021-04-12,27 day ahead inc hosp,2021-05-09,06,quantile,0.9,242.64
2021-04-12,28 day ahead inc hosp,2021-05-10,06,quantile,0.9,239.98
2021-04-12,1 day ahead inc hosp,2021-04-13,06,quantile,0.95,351.46
2021-04-12,2 day ahead inc hosp,2021-04-14,06,quantile,0.95,347.54
2021-04-12,3 day ahead inc hosp,2021-04-15,06,quantile,0.95,343.63
2021-04-12,4 day ahead inc hosp,2021-04-16,06,quantile,0.95,339.75
2021-04-12,5 day ahead inc hosp,2021-04-17,06,quantile,0.95,335.91
2021-04-12,6 day ahead inc hosp,2021-04-18,06,quantile,0.95,332.11
2021-04-12,7 day ahead inc hosp,2021-04-19,06,quantile,0.95,328.37
2021-04-12,8 day ahead inc hosp,2021-04-20,06,quantile,0.95,324.68
2021-04-12,9 day ahead inc hosp,2021-04-21,06,quantile,0.95,321.05
2021-04-12,10 day ahead inc hosp,2021-04-22,06,quantile,0.95,317.48
2021-04-12,11 day ahead inc hosp,2021-04-23,06,quantile,0.95,313.96
2021-04-12,12 day ahead inc hosp,2021-04-24,06,quantile,0.95,310.5
2021-04-12,13 day ahead inc hosp,2021-04-25,06,quantile,0.95,307.09
2021-04-12,14 day ahead inc hosp,2021-04-26,06,quantile,0.95,303.74
2021-04-12,15 day ahead inc hosp,2021-04-27,06,quantile,0.95,300.44
2021-04-12,16 day ahead inc hosp,2021-04-28,06,quantile,0.95,297.19
2021-04-12,17 day ahead inc hosp,2021-04-29,06,quantile,0.95,294
2021-04-12,18 day ahead inc hosp,2021-04-30,06,quantile,0.95,290.86
2021-04-12,19 day ahead inc hosp,2021-05-01,06,quantile,0.95,287.76
2021-04-12,20 day ahead inc hosp,2021-05-02,06,quantile,0.95,284.72
2021-04-12,21 day ahead inc hosp,2021-05-03,06,quantile,0.95,281.73
2021-04-12,22 day ahead inc hosp,2021-05-04,06,quantile,0.95,278.78
2021-04-12,23 day ahead inc hosp,2021-05-05,06,quantile,0.95,275.89
2021-04-12,24 day ahead inc hosp,2021-05-06,06,quantile,0.95,273.04
2021-04-12,25 day ahead inc hosp,2021-05-07,06,quantile,0.95,270.23
2021-04-12,26 day ahead inc hosp,2021-05-08,06,quantile,0.95,267.48
2021-04-12,27 day ahead inc hosp,2021-05-09,06,quantile,0.95,264.76
2021-04-12,28 day ahead inc hosp,2021-05-10,06,quantile,0.95,262.09
2021-04-12,1 day ahead inc hosp,2021-04-13,06,quantile,0.975,370.88
2021-04-12,2 day ahead inc hosp,2021-04-14,06,quantile,0.975,366.95
2021-04-12,3 day ahead inc hosp,2021-04-15,06,quantile,0.975,363.03
2021-04-12,4 day ahead inc hosp,2021-04-16,06,quantile,0.975,359.14
2021-04-12,5 day ahead inc hosp,2021-04-17,06,quantile,0.975,355.29
2021-04-12,6 day ahead inc hosp,2021-04-18,06,quantile,0.975,351.48
2021-04-12,7 day ahead inc hosp,2021-04-19,06,quantile,0.975,347.73
2021-04-12,8 day ahead inc hosp,2021-04-20,06,quantile,0.975,344.03
2021-04-12,9 day ahead inc hosp,2021-04-21,06,quantile,0.975,340.39
2021-04-12,10 day ahead inc hosp,2021-04-22,06,quantile,0.975,336.81
2021-04-12,11 day ahead inc hosp,2021-04-23,06,quantile,0.975,333.28
2021-04-12,12 day ahead inc hosp,2021-04-24,06,quantile,0.975,329.81
2021-04-12,13 day ahead inc hosp,2021-04-25,06,quantile,0.975,326.39
2021-04-12,14 day ahead inc hosp,2021-04-26,06,quantile,0.975,323.03
2021-04-12,15 day ahead inc hosp,2021-04-27,06,quantile,0.975,319.72
2021-04-12,16 day ahead inc hosp,2021-04-28,06,quantile,0.975,316.47
2021-04-12,17 day ahead inc hosp,2021-04-29,06,quantile,0.975,313.27
2021-04-12,18 day ahead inc hosp,2021-04-30,06,quantile,0.975,310.12
2021-04-12,19 day ahead inc hosp,2021-05-01,06,quantile,0.975,307.02
2021-04-12,20 day ahead inc hosp,2021-05-02,06,quantile,0.975,303.97
2021-04-12,21 day ahead inc hosp,2021-05-03,06,quantile,0.975,300.96
2021-04-12,22 day ahead inc hosp,2021-05-04,06,quantile,0.975,298.01
2021-04-12,23 day ahead inc hosp,2021-05-05,06,quantile,0.975,295.11
2021-04-12,24 day ahead inc hosp,2021-05-06,06,quantile,0.975,292.25
2021-04-12,25 day ahead inc hosp,2021-05-07,06,quantile,0.975,289.44
2021-04-12,26 day ahead inc hosp,2021-05-08,06,quantile,0.975,286.67
2021-04-12,27 day ahead inc hosp,2021-05-09,06,quantile,0.975,283.95
2021-04-12,28 day ahead inc hosp,2021-05-10,06,quantile,0.975,281.27
2021-04-12,1 day ahead inc hosp,2021-04-13,06,quantile,0.99,393.46
2021-04-12,2 day ahead inc hosp,2021-04-14,06,quantile,0.99,389.52
2021-04-12,3 day ahead inc hosp,2021-04-15,06,quantile,0.99,385.59
2021-04-12,4 day ahead inc hosp,2021-04-16,06,quantile,0.99,381.68
2021-04-12,5 day ahead inc hosp,2021-04-17,06,quantile,0.99,377.82
2021-04-12,6 day ahead inc hosp,2021-04-18,06,quantile,0.99,374
2021-04-12,7 day ahead inc hosp,2021-04-19,06,quantile,0.99,370.24
2021-04-12,8 day ahead inc hosp,2021-04-20,06,quantile,0.99,366.53
2021-04-12,9 day ahead inc hosp,2021-04-21,06,quantile,0.99,362.88
2021-04-12,10 day ahead inc hosp,2021-04-22,06,quantile,0.99,359.29
2021-04-12,11 day ahead inc hosp,2021-04-23,06,quantile,0.99,355.75
2021-04-12,12 day ahead inc hosp,2021-04-24,06,quantile,0.99,352.26
2021-04-12,13 day ahead inc hosp,2021-04-25,06,quantile,0.99,348.84
2021-04-12,14 day ahead inc hosp,2021-04-26,06,quantile,0.99,345.46
2021-04-12,15 day ahead inc hosp,2021-04-27,06,quantile,0.99,342.15
2021-04-12,16 day ahead inc hosp,2021-04-28,06,quantile,0.99,338.88
2021-04-12,17 day ahead inc hosp,2021-04-29,06,quantile,0.99,335.67
2021-04-12,18 day ahead inc hosp,2021-04-30,06,quantile,0.99,332.51
2021-04-12,19 day ahead inc hosp,2021-05-01,06,quantile,0.99,329.4
2021-04-12,20 day ahead inc hosp,2021-05-02,06,quantile,0.99,326.34
2021-04-12,21 day ahead inc hosp,2021-05-03,06,quantile,0.99,323.33
2021-04-12,22 day ahead inc hosp,2021-05-04,06,quantile,0.99,320.37
2021-04-12,23 day ahead inc hosp,2021-05-05,06,quantile,0.99,317.45
2021-04-12,24 day ahead inc hosp,2021-05-06,06,quantile,0.99,314.59
2021-04-12,25 day ahead inc hosp,2021-05-07,06,quantile,0.99,311.77
2021-04-12,26 day ahead inc hosp,2021-05-08,06,quantile,0.99,308.99
2021-04-12,27 day ahead inc hosp,2021-05-09,06,quantile,0.99,306.26
2021-04-12,28 day ahead inc hosp,2021-05-10,06,quantile,0.99,303.58
2021-04-12,1 day ahead inc hosp,2021-04-13,06,point,NA,250.09
2021-04-12,2 day ahead inc hosp,2021-04-14,06,point,NA,246.23
2021-04-12,3 day ahead inc hosp,2021-04-15,06,point,NA,242.37
2021-04-12,4 day ahead inc hosp,2021-04-16,06,point,NA,238.54
2021-04-12,5 day ahead inc hosp,2021-04-17,06,point,NA,234.75
2021-04-12,6 day ahead inc hosp,2021-04-18,06,point,NA,231.01
2021-04-12,7 day ahead inc hosp,2021-04-19,06,point,NA,227.32
2021-04-12,8 day ahead inc hosp,2021-04-20,06,point,NA,223.68
2021-04-12,9 day ahead inc hosp,2021-04-21,06,point,NA,220.1
2021-04-12,10 day ahead inc hosp,2021-04-22,06,point,NA,216.57
2021-04-12,11 day ahead inc hosp,2021-04-23,06,point,NA,213.1
2021-04-12,12 day ahead inc hosp,2021-04-24,06,point,NA,209.69
2021-04-12,13 day ahead inc hosp,2021-04-25,06,point,NA,206.33
2021-04-12,14 day ahead inc hosp,2021-04-26,06,point,NA,203.02
2021-04-12,15 day ahead inc hosp,2021-04-27,06,point,NA,199.77
2021-04-12,16 day ahead inc hosp,2021-04-28,06,point,NA,196.57
2021-04-12,17 day ahead inc hosp,2021-04-29,06,point,NA,193.42
2021-04-12,18 day ahead inc hosp,2021-04-30,06,point,NA,190.32
2021-04-12,19 day ahead inc hosp,2021-05-01,06,point,NA,187.27
2021-04-12,20 day ahead inc hosp,2021-05-02,06,point,NA,184.27
2021-04-12,21 day ahead inc hosp,2021-05-03,06,point,NA,181.32
2021-04-12,22 day ahead inc hosp,2021-05-04,06,point,NA,178.42
2021-04-12,23 day ahead inc hosp,2021-05-05,06,point,NA,175.56
2021-04-12,24 day ahead inc hosp,2021-05-06,06,point,NA,172.75
2021-04-12,25 day ahead inc hosp,2021-05-07,06,point,NA,169.99
2021-04-12,26 day ahead inc hosp,2021-05-08,06,point,NA,167.27
2021-04-12,27 day ahead inc hosp,2021-05-09,06,point,NA,164.59
2021-04-12,28 day ahead inc hosp,2021-05-10,06,point,NA,161.96
2021-04-12,1 wk ahead inc death,2021-04-17,06,quantile,0.01,116.553
2021-04-12,2 wk ahead inc death,2021-04-24,06,quantile,0.01,24.389
2021-04-12,3 wk ahead inc death,2021-05-01,06,quantile,0.01,0
2021-04-12,4 wk ahead inc death,2021-05-08,06,quantile,0.01,0
2021-04-12,1 wk ahead inc death,2021-04-17,06,quantile,0.025,186.817
2021-04-12,2 wk ahead inc death,2021-04-24,06,quantile,0.025,100.149
2021-04-12,3 wk ahead inc death,2021-05-01,06,quantile,0.025,51.148
2021-04-12,4 wk ahead inc death,2021-05-08,06,quantile,0.025,6.799
2021-04-12,1 wk ahead inc death,2021-04-17,06,quantile,0.05,247.248
2021-04-12,2 wk ahead inc death,2021-04-24,06,quantile,0.05,165.307
2021-04-12,3 wk ahead inc death,2021-05-01,06,quantile,0.05,116.271
2021-04-12,4 wk ahead inc death,2021-05-08,06,quantile,0.05,71.89
2021-04-12,1 wk ahead inc death,2021-04-17,06,quantile,0.1,316.921
2021-04-12,2 wk ahead inc death,2021-04-24,06,quantile,0.1,240.431
2021-04-12,3 wk ahead inc death,2021-05-01,06,quantile,0.1,191.354
2021-04-12,4 wk ahead inc death,2021-05-08,06,quantile,0.1,146.935
2021-04-12,1 wk ahead inc death,2021-04-17,06,quantile,0.15,363.93
2021-04-12,2 wk ahead inc death,2021-04-24,06,quantile,0.15,291.116
2021-04-12,3 wk ahead inc death,2021-05-01,06,quantile,0.15,242.012
2021-04-12,4 wk ahead inc death,2021-05-08,06,quantile,0.15,197.568
2021-04-12,1 wk ahead inc death,2021-04-17,06,quantile,0.2,401.29
2021-04-12,2 wk ahead inc death,2021-04-24,06,quantile,0.2,331.399
2021-04-12,3 wk ahead inc death,2021-05-01,06,quantile,0.2,282.274
2021-04-12,4 wk ahead inc death,2021-05-08,06,quantile,0.2,237.809
2021-04-12,1 wk ahead inc death,2021-04-17,06,quantile,0.25,433.342
2021-04-12,2 wk ahead inc death,2021-04-24,06,quantile,0.25,365.958
2021-04-12,3 wk ahead inc death,2021-05-01,06,quantile,0.25,316.815
2021-04-12,4 wk ahead inc death,2021-05-08,06,quantile,0.25,272.332
2021-04-12,1 wk ahead inc death,2021-04-17,06,quantile,0.3,462.126
2021-04-12,2 wk ahead inc death,2021-04-24,06,quantile,0.3,396.994
2021-04-12,3 wk ahead inc death,2021-05-01,06,quantile,0.3,347.833
2021-04-12,4 wk ahead inc death,2021-05-08,06,quantile,0.3,303.335
2021-04-12,1 wk ahead inc death,2021-04-17,06,quantile,0.35,488.798
2021-04-12,2 wk ahead inc death,2021-04-24,06,quantile,0.35,425.752
2021-04-12,3 wk ahead inc death,2021-05-01,06,quantile,0.35,376.577
2021-04-12,4 wk ahead inc death,2021-05-08,06,quantile,0.35,332.064
2021-04-12,1 wk ahead inc death,2021-04-17,06,quantile,0.4,514.108
2021-04-12,2 wk ahead inc death,2021-04-24,06,quantile,0.4,453.042
2021-04-12,3 wk ahead inc death,2021-05-01,06,quantile,0.4,403.851
2021-04-12,4 wk ahead inc death,2021-05-08,06,quantile,0.4,359.325
2021-04-12,1 wk ahead inc death,2021-04-17,06,quantile,0.45,538.595
2021-04-12,2 wk ahead inc death,2021-04-24,06,quantile,0.45,479.445
2021-04-12,3 wk ahead inc death,2021-05-01,06,quantile,0.45,430.24
2021-04-12,4 wk ahead inc death,2021-05-08,06,quantile,0.45,385.701
2021-04-12,1 wk ahead inc death,2021-04-17,06,quantile,0.5,562.694
2021-04-12,2 wk ahead inc death,2021-04-24,06,quantile,0.5,505.429
2021-04-12,3 wk ahead inc death,2021-05-01,06,quantile,0.5,456.21
2021-04-12,4 wk ahead inc death,2021-05-08,06,quantile,0.5,411.658
2021-04-12,1 wk ahead inc death,2021-04-17,06,quantile,0.55,586.793
2021-04-12,2 wk ahead inc death,2021-04-24,06,quantile,0.55,531.413
2021-04-12,3 wk ahead inc death,2021-05-01,06,quantile,0.55,482.18
2021-04-12,4 wk ahead inc death,2021-05-08,06,quantile,0.55,437.615
2021-04-12,1 wk ahead inc death,2021-04-17,06,quantile,0.6,611.281
2021-04-12,2 wk ahead inc death,2021-04-24,06,quantile,0.6,557.816
2021-04-12,3 wk ahead inc death,2021-05-01,06,quantile,0.6,508.569
2021-04-12,4 wk ahead inc death,2021-05-08,06,quantile,0.6,463.99
2021-04-12,1 wk ahead inc death,2021-04-17,06,quantile,0.65,636.59
2021-04-12,2 wk ahead inc death,2021-04-24,06,quantile,0.65,585.105
2021-04-12,3 wk ahead inc death,2021-05-01,06,quantile,0.65,535.843
2021-04-12,4 wk ahead inc death,2021-05-08,06,quantile,0.65,491.251
2021-04-12,1 wk ahead inc death,2021-04-17,06,quantile,0.7,663.263
2021-04-12,2 wk ahead inc death,2021-04-24,06,quantile,0.7,613.864
2021-04-12,3 wk ahead inc death,2021-05-01,06,quantile,0.7,564.587
2021-04-12,4 wk ahead inc death,2021-05-08,06,quantile,0.7,519.98
2021-04-12,1 wk ahead inc death,2021-04-17,06,quantile,0.75,692.046
2021-04-12,2 wk ahead inc death,2021-04-24,06,quantile,0.75,644.899
2021-04-12,3 wk ahead inc death,2021-05-01,06,quantile,0.75,595.605
2021-04-12,4 wk ahead inc death,2021-05-08,06,quantile,0.75,550.983
2021-04-12,1 wk ahead inc death,2021-04-17,06,quantile,0.8,724.098
2021-04-12,2 wk ahead inc death,2021-04-24,06,quantile,0.8,679.458
2021-04-12,3 wk ahead inc death,2021-05-01,06,quantile,0.8,630.146
2021-04-12,4 wk ahead inc death,2021-05-08,06,quantile,0.8,585.506
2021-04-12,1 wk ahead inc death,2021-04-17,06,quantile,0.85,761.459
2021-04-12,2 wk ahead inc death,2021-04-24,06,quantile,0.85,719.741
2021-04-12,3 wk ahead inc death,2021-05-01,06,quantile,0.85,670.408
2021-04-12,4 wk ahead inc death,2021-05-08,06,quantile,0.85,625.748
2021-04-12,1 wk ahead inc death,2021-04-17,06,quantile,0.9,808.467
2021-04-12,2 wk ahead inc death,2021-04-24,06,quantile,0.9,770.427
2021-04-12,3 wk ahead inc death,2021-05-01,06,quantile,0.9,721.066
2021-04-12,4 wk ahead inc death,2021-05-08,06,quantile,0.9,676.38
2021-04-12,1 wk ahead inc death,2021-04-17,06,quantile,0.95,878.141
2021-04-12,2 wk ahead inc death,2021-04-24,06,quantile,0.95,845.55
2021-04-12,3 wk ahead inc death,2021-05-01,06,quantile,0.95,796.149
2021-04-12,4 wk ahead inc death,2021-05-08,06,quantile,0.95,751.425
2021-04-12,1 wk ahead inc death,2021-04-17,06,quantile,0.975,938.572
2021-04-12,2 wk ahead inc death,2021-04-24,06,quantile,0.975,910.708
2021-04-12,3 wk ahead inc death,2021-05-01,06,quantile,0.975,861.272
2021-04-12,4 wk ahead inc death,2021-05-08,06,quantile,0.975,816.516
2021-04-12,1 wk ahead inc death,2021-04-17,06,quantile,0.99,1008.836
2021-04-12,2 wk ahead inc death,2021-04-24,06,quantile,0.99,986.469
2021-04-12,3 wk ahead inc death,2021-05-01,06,quantile,0.99,936.992
2021-04-12,4 wk ahead inc death,2021-05-08,06,quantile,0.99,892.198
2021-04-12,1 wk ahead inc death,2021-04-17,06,point,NA,562.694
2021-04-12,2 wk ahead inc death,2021-04-24,06,point,NA,505.429
2021-04-12,3 wk ahead inc death,2021-05-01,06,point,NA,456.21
2021-04-12,4 wk ahead inc death,2021-05-08,06,point,NA,411.658
