forecast_date,target,target_end_date,location,type,quantile,value
2021-01-04,1 wk ahead inc case,2021-01-09,06,quantile,0.025,237161
2021-01-04,2 wk ahead inc case,2021-01-16,06,quantile,0.025,229751
2021-01-04,3 wk ahead inc case,2021-01-23,06,quantile,0.025,219884
2021-01-04,4 wk ahead inc case,2021-01-30,06,quantile,0.025,207860
2021-01-04,1 wk ahead inc case,2021-01-09,06,quantile,0.1,246059
2021-01-04,2 wk ahead inc case,2021-01-16,06,quantile,0.1,238517
2021-01-04,3 wk ahead inc case,2021-01-23,06,quantile,0.1,228468
2021-01-04,4 wk ahead inc case,2021-01-30,06,quantile,0.1,216217
2021-01-04,1 wk ahead inc case,2021-01-09,06,quantile,0.25,254021
2021-01-04,2 wk ahead inc case,2021-01-16,06,quantile,0.25,246360
2021-01-04,3 wk ahead inc case,2021-01-23,06,quantile,0.25,236149
2021-01-04,4 wk ahead inc case,2021-01-30,06,quantile,0.25,223695
2021-01-04,1 wk ahead inc case,2021-01-09,06,quantile,0.5,262868
2021-01-04,2 wk ahead inc case,2021-01-16,06,quantile,0.5,255075
2021-01-04,3 wk ahead inc case,2021-01-23,06,quantile,0.5,244683
2021-01-04,4 wk ahead inc case,2021-01-30,06,quantile,0.5,232004
2021-01-04,1 wk ahead inc case,2021-01-09,06,quantile,0.75,271714
2021-01-04,2 wk ahead inc case,2021-01-16,06,quantile,0.75,263790
2021-01-04,3 wk ahead inc case,2021-01-23,06,quantile,0.75,253217
2021-01-04,4 wk ahead inc case,2021-01-30,06,quantile,0.75,240313
2021-01-04,1 wk ahead inc case,2021-01-09,06,quantile,0.9,279676
2021-01-04,2 wk ahead inc case,2021-01-16,06,quantile,0.9,271633
2021-01-04,3 wk ahead inc case,2021-01-23,06,quantile,0.9,260898
2021-01-04,4 wk ahead inc case,2021-01-30,06,quantile,0.9,247791
2021-01-04,1 wk ahead inc case,2021-01-09,06,quantile,0.975,288574
2021-01-04,2 wk ahead inc case,2021-01-16,06,quantile,0.975,280398
2021-01-04,3 wk ahead inc case,2021-01-23,06,quantile,0.975,269482
2021-01-04,4 wk ahead inc case,2021-01-30,06,quantile,0.975,256148
2021-01-04,1 wk ahead inc case,2021-01-09,06,point,NA,262868
2021-01-04,2 wk ahead inc case,2021-01-16,06,point,NA,255075
2021-01-04,3 wk ahead inc case,2021-01-23,06,point,NA,244683
2021-01-04,4 wk ahead inc case,2021-01-30,06,point,NA,232004
2021-01-04,1 day ahead inc hosp,2021-01-05,06,quantile,0.01,2050
2021-01-04,2 day ahead inc hosp,2021-01-06,06,quantile,0.01,2042
2021-01-04,3 day ahead inc hosp,2021-01-07,06,quantile,0.01,2034
2021-01-04,4 day ahead inc hosp,2021-01-08,06,quantile,0.01,2025
2021-01-04,5 day ahead inc hosp,2021-01-09,06,quantile,0.01,2016
2021-01-04,6 day ahead inc hosp,2021-01-10,06,quantile,0.01,2007
2021-01-04,7 day ahead inc hosp,2021-01-11,06,quantile,0.01,1997
2021-01-04,8 day ahead inc hosp,2021-01-12,06,quantile,0.01,1986
2021-01-04,9 day ahead inc hosp,2021-01-13,06,quantile,0.01,1975
2021-01-04,10 day ahead inc hosp,2021-01-14,06,quantile,0.01,1964
2021-01-04,11 day ahead inc hosp,2021-01-15,06,quantile,0.01,1952
2021-01-04,12 day ahead inc hosp,2021-01-16,06,quantile,0.01,1940
2021-01-04,13 day ahead inc hosp,2021-01-17,06,quantile,0.01,1927
2021-01-04,14 day ahead inc hosp,2021-01-18,06,quantile,0.01,1914
2021-01-04,15 day ahead inc hosp,2021-01-19,06,quantile,0.01,1901
2021-01-04,16 day ahead inc hosp,2021-01-20,06,quantile,0.01,1887
2021-01-04,17 day ahead inc hosp,2021-01-21,06,quantile,0.01,1873
2021-01-04,18 day ahead inc hosp,2021-01-22,06,quantile,0.01,1858
2021-01-04,19 day ahead inc hosp,2021-01-23,06,quantile,0.01,1844
2021-01-04,20 day ahead inc hosp,2021-01-24,06,quantile,0.01,1828
2021-01-04,21 day ahead inc hosp,2021-01-25,06,quantile,0.01,1813
2021-01-04,22 day ahead inc hosp,2021-01-26,06,quantile,0.01,1797
2021-01-04,23 day ahead inc hosp,2021-01-27,06,quantile,0.01,1781
2021-01-04,24 day ahead inc hosp,2021-01-28,06,quantile,0.01,1764
2021-01-04,25 day ahead inc hosp,2021-01-29,06,quantile,0.01,1748
2021-01-04,26 day ahead inc hosp,2021-01-30,06,quantile,0.01,1731
2021-01-04,27 day ahead inc hosp,2021-01-31,06,quantile,0.01,1714
2021-01-04,28 day ahead inc hosp,2021-02-01,06,quantile,0.01,1696
2021-01-04,1 day ahead inc hosp,2021-01-05,06,quantile,0.025,2072
2021-01-04,2 day ahead inc hosp,2021-01-06,06,quantile,0.025,2065
2021-01-04,3 day ahead inc hosp,2021-01-07,06,quantile,0.025,2057
2021-01-04,4 day ahead inc hosp,2021-01-08,06,quantile,0.025,2048
2021-01-04,5 day ahead inc hosp,2021-01-09,06,quantile,0.025,2039
2021-01-04,6 day ahead inc hosp,2021-01-10,06,quantile,0.025,2029
2021-01-04,7 day ahead inc hosp,2021-01-11,06,quantile,0.025,2019
2021-01-04,8 day ahead inc hosp,2021-01-12,06,quantile,0.025,2009
2021-01-04,9 day ahead inc hosp,2021-01-13,06,quantile,0.025,1998
2021-01-04,10 day ahead inc hosp,2021-01-14,06,quantile,0.025,1987
2021-01-04,11 day ahead inc hosp,2021-01-15,06,quantile,0.025,1975
2021-01-04,12 day ahead inc hosp,2021-01-16,06,quantile,0.025,1963
2021-01-04,13 day ahead inc hosp,2021-01-17,06,quantile,0.025,1950
2021-01-04,14 day ahead inc hosp,2021-01-18,06,quantile,0.025,1937
2021-01-04,15 day ahead inc hosp,2021-01-19,06,quantile,0.025,1923
2021-01-04,16 day ahead inc hosp,2021-01-20,06,quantile,0.025,1910
2021-01-04,17 day ahead inc hosp,2021-01-21,06,quantile,0.025,1895
2021-01-04,18 day ahead inc hosp,2021-01-22,06,quantile,0.025,1881
2021-01-04,19 day ahead inc hosp,2021-01-23,06,quantile,0.025,1866
2021-01-04,20 day ahead inc hosp,2021-01-24,06,quantile,0.025,1851
2021-01-04,21 day ahead inc hosp,2021-01-25,06,quantile,0.025,1835
2021-01-04,22 day ahead inc hosp,2021-01-26,06,quantile,0.025,1819
2021-01-04,23 day ahead inc hosp,2021-01-27,06,quantile,0.025,1803
2021-01-04,24 day ahead inc hosp,2021-01-28,06,quantile,0.025,1786
2021-01-04,25 day ahead inc hosp,2021-01-29,06,quantile,0.025,1770
2021-01-04,26 day ahead inc hosp,2021-01-30,06,quantile,0.025,1753
2021-01-04,27 day ahead inc hosp,2021-01-31,06,quantile,0.025,1736
2021-01-04,28 day ahead inc hosp,2021-02-01,06,quantile,0.025,1718
2021-01-04,1 day ahead inc hosp,2021-01-05,06,quantile,0.05,2092
2021-01-04,2 day ahead inc hosp,2021-01-06,06,quantile,0.05,2084
2021-01-04,3 day ahead inc hosp,2021-01-07,06,quantile,0.05,2076
2021-01-04,4 day ahead inc hosp,2021-01-08,06,quantile,0.05,2068
2021-01-04,5 day ahead inc hosp,2021-01-09,06,quantile,0.05,2058
2021-01-04,6 day ahead inc hosp,2021-01-10,06,quantile,0.05,2049
2021-01-04,7 day ahead inc hosp,2021-01-11,06,quantile,0.05,2039
2021-01-04,8 day ahead inc hosp,2021-01-12,06,quantile,0.05,2028
2021-01-04,9 day ahead inc hosp,2021-01-13,06,quantile,0.05,2017
2021-01-04,10 day ahead inc hosp,2021-01-14,06,quantile,0.05,2006
2021-01-04,11 day ahead inc hosp,2021-01-15,06,quantile,0.05,1994
2021-01-04,12 day ahead inc hosp,2021-01-16,06,quantile,0.05,1982
2021-01-04,13 day ahead inc hosp,2021-01-17,06,quantile,0.05,1969
2021-01-04,14 day ahead inc hosp,2021-01-18,06,quantile,0.05,1956
2021-01-04,15 day ahead inc hosp,2021-01-19,06,quantile,0.05,1943
2021-01-04,16 day ahead inc hosp,2021-01-20,06,quantile,0.05,1929
2021-01-04,17 day ahead inc hosp,2021-01-21,06,quantile,0.05,1915
2021-01-04,18 day ahead inc hosp,2021-01-22,06,quantile,0.05,1900
2021-01-04,19 day ahead inc hosp,2021-01-23,06,quantile,0.05,1885
2021-01-04,20 day ahead inc hosp,2021-01-24,06,quantile,0.05,1870
2021-01-04,21 day ahead inc hosp,2021-01-25,06,quantile,0.05,1854
2021-01-04,22 day ahead inc hosp,2021-01-26,06,quantile,0.05,1838
2021-01-04,23 day ahead inc hosp,2021-01-27,06,quantile,0.05,1822
2021-01-04,24 day ahead inc hosp,2021-01-28,06,quantile,0.05,1805
2021-01-04,25 day ahead inc hosp,2021-01-29,06,quantile,0.05,1789
2021-01-04,26 day ahead inc hosp,2021-01-30,06,quantile,0.05,1772
2021-01-04,27 day ahead inc hosp,2021-01-31,06,quantile,0.05,1754
2021-01-04,28 day ahead inc hosp,2021-02-01,06,quantile,0.05,1737
2021-01-04,1 day ahead inc hosp,2021-01-05,06,quantile,0.1,2115
2021-01-04,2 day ahead inc hosp,2021-01-06,06,quantile,0.1,2107
2021-01-04,3 day ahead inc hosp,2021-01-07,06,quantile,0.1,2099
2021-01-04,4 day ahead inc hosp,2021-01-08,06,quantile,0.1,2090
2021-01-04,5 day ahead inc hosp,2021-01-09,06,quantile,0.1,2081
2021-01-04,6 day ahead inc hosp,2021-01-10,06,quantile,0.1,2071
2021-01-04,7 day ahead inc hosp,2021-01-11,06,quantile,0.1,2061
2021-01-04,8 day ahead inc hosp,2021-01-12,06,quantile,0.1,2051
2021-01-04,9 day ahead inc hosp,2021-01-13,06,quantile,0.1,2040
2021-01-04,10 day ahead inc hosp,2021-01-14,06,quantile,0.1,2029
2021-01-04,11 day ahead inc hosp,2021-01-15,06,quantile,0.1,2017
2021-01-04,12 day ahead inc hosp,2021-01-16,06,quantile,0.1,2004
2021-01-04,13 day ahead inc hosp,2021-01-17,06,quantile,0.1,1992
2021-01-04,14 day ahead inc hosp,2021-01-18,06,quantile,0.1,1978
2021-01-04,15 day ahead inc hosp,2021-01-19,06,quantile,0.1,1965
2021-01-04,16 day ahead inc hosp,2021-01-20,06,quantile,0.1,1951
2021-01-04,17 day ahead inc hosp,2021-01-21,06,quantile,0.1,1937
2021-01-04,18 day ahead inc hosp,2021-01-22,06,quantile,0.1,1922
2021-01-04,19 day ahead inc hosp,2021-01-23,06,quantile,0.1,1907
2021-01-04,20 day ahead inc hosp,2021-01-24,06,quantile,0.1,1892
2021-01-04,21 day ahead inc hosp,2021-01-25,06,quantile,0.1,1876
2021-01-04,22 day ahead inc hosp,2021-01-26,06,quantile,0.1,1860
2021-01-04,23 day ahead inc hosp,2021-01-27,06,quantile,0.1,1844
2021-01-04,24 day ahead inc hosp,2021-01-28,06,quantile,0.1,1827
2021-01-04,25 day ahead inc hosp,2021-01-29,06,quantile,0.1,1810
2021-01-04,26 day ahead inc hosp,2021-01-30,06,quantile,0.1,1793
2021-01-04,27 day ahead inc hosp,2021-01-31,06,quantile,0.1,1776
2021-01-04,28 day ahead inc hosp,2021-02-01,06,quantile,0.1,1758
2021-01-04,1 day ahead inc hosp,2021-01-05,06,quantile,0.15,2130
2021-01-04,2 day ahead inc hosp,2021-01-06,06,quantile,0.15,2122
2021-01-04,3 day ahead inc hosp,2021-01-07,06,quantile,0.15,2114
2021-01-04,4 day ahead inc hosp,2021-01-08,06,quantile,0.15,2105
2021-01-04,5 day ahead inc hosp,2021-01-09,06,quantile,0.15,2096
2021-01-04,6 day ahead inc hosp,2021-01-10,06,quantile,0.15,2087
2021-01-04,7 day ahead inc hosp,2021-01-11,06,quantile,0.15,2077
2021-01-04,8 day ahead inc hosp,2021-01-12,06,quantile,0.15,2066
2021-01-04,9 day ahead inc hosp,2021-01-13,06,quantile,0.15,2055
2021-01-04,10 day ahead inc hosp,2021-01-14,06,quantile,0.15,2044
2021-01-04,11 day ahead inc hosp,2021-01-15,06,quantile,0.15,2032
2021-01-04,12 day ahead inc hosp,2021-01-16,06,quantile,0.15,2019
2021-01-04,13 day ahead inc hosp,2021-01-17,06,quantile,0.15,2007
2021-01-04,14 day ahead inc hosp,2021-01-18,06,quantile,0.15,1994
2021-01-04,15 day ahead inc hosp,2021-01-19,06,quantile,0.15,1980
2021-01-04,16 day ahead inc hosp,2021-01-20,06,quantile,0.15,1966
2021-01-04,17 day ahead inc hosp,2021-01-21,06,quantile,0.15,1952
2021-01-04,18 day ahead inc hosp,2021-01-22,06,quantile,0.15,1937
2021-01-04,19 day ahead inc hosp,2021-01-23,06,quantile,0.15,1922
2021-01-04,20 day ahead inc hosp,2021-01-24,06,quantile,0.15,1907
2021-01-04,21 day ahead inc hosp,2021-01-25,06,quantile,0.15,1891
2021-01-04,22 day ahead inc hosp,2021-01-26,06,quantile,0.15,1875
2021-01-04,23 day ahead inc hosp,2021-01-27,06,quantile,0.15,1859
2021-01-04,24 day ahead inc hosp,2021-01-28,06,quantile,0.15,1842
2021-01-04,25 day ahead inc hosp,2021-01-29,06,quantile,0.15,1825
2021-01-04,26 day ahead inc hosp,2021-01-30,06,quantile,0.15,1808
2021-01-04,27 day ahead inc hosp,2021-01-31,06,quantile,0.15,1791
2021-01-04,28 day ahead inc hosp,2021-02-01,06,quantile,0.15,1773
2021-01-04,1 day ahead inc hosp,2021-01-05,06,quantile,0.2,2142
2021-01-04,2 day ahead inc hosp,2021-01-06,06,quantile,0.2,2134
2021-01-04,3 day ahead inc hosp,2021-01-07,06,quantile,0.2,2126
2021-01-04,4 day ahead inc hosp,2021-01-08,06,quantile,0.2,2118
2021-01-04,5 day ahead inc hosp,2021-01-09,06,quantile,0.2,2108
2021-01-04,6 day ahead inc hosp,2021-01-10,06,quantile,0.2,2099
2021-01-04,7 day ahead inc hosp,2021-01-11,06,quantile,0.2,2089
2021-01-04,8 day ahead inc hosp,2021-01-12,06,quantile,0.2,2078
2021-01-04,9 day ahead inc hosp,2021-01-13,06,quantile,0.2,2067
2021-01-04,10 day ahead inc hosp,2021-01-14,06,quantile,0.2,2056
2021-01-04,11 day ahead inc hosp,2021-01-15,06,quantile,0.2,2044
2021-01-04,12 day ahead inc hosp,2021-01-16,06,quantile,0.2,2031
2021-01-04,13 day ahead inc hosp,2021-01-17,06,quantile,0.2,2019
2021-01-04,14 day ahead inc hosp,2021-01-18,06,quantile,0.2,2005
2021-01-04,15 day ahead inc hosp,2021-01-19,06,quantile,0.2,1992
2021-01-04,16 day ahead inc hosp,2021-01-20,06,quantile,0.2,1978
2021-01-04,17 day ahead inc hosp,2021-01-21,06,quantile,0.2,1964
2021-01-04,18 day ahead inc hosp,2021-01-22,06,quantile,0.2,1949
2021-01-04,19 day ahead inc hosp,2021-01-23,06,quantile,0.2,1934
2021-01-04,20 day ahead inc hosp,2021-01-24,06,quantile,0.2,1918
2021-01-04,21 day ahead inc hosp,2021-01-25,06,quantile,0.2,1903
2021-01-04,22 day ahead inc hosp,2021-01-26,06,quantile,0.2,1887
2021-01-04,23 day ahead inc hosp,2021-01-27,06,quantile,0.2,1870
2021-01-04,24 day ahead inc hosp,2021-01-28,06,quantile,0.2,1854
2021-01-04,25 day ahead inc hosp,2021-01-29,06,quantile,0.2,1837
2021-01-04,26 day ahead inc hosp,2021-01-30,06,quantile,0.2,1820
2021-01-04,27 day ahead inc hosp,2021-01-31,06,quantile,0.2,1802
2021-01-04,28 day ahead inc hosp,2021-02-01,06,quantile,0.2,1785
2021-01-04,1 day ahead inc hosp,2021-01-05,06,quantile,0.25,2153
2021-01-04,2 day ahead inc hosp,2021-01-06,06,quantile,0.25,2145
2021-01-04,3 day ahead inc hosp,2021-01-07,06,quantile,0.25,2137
2021-01-04,4 day ahead inc hosp,2021-01-08,06,quantile,0.25,2128
2021-01-04,5 day ahead inc hosp,2021-01-09,06,quantile,0.25,2119
2021-01-04,6 day ahead inc hosp,2021-01-10,06,quantile,0.25,2109
2021-01-04,7 day ahead inc hosp,2021-01-11,06,quantile,0.25,2099
2021-01-04,8 day ahead inc hosp,2021-01-12,06,quantile,0.25,2089
2021-01-04,9 day ahead inc hosp,2021-01-13,06,quantile,0.25,2078
2021-01-04,10 day ahead inc hosp,2021-01-14,06,quantile,0.25,2066
2021-01-04,11 day ahead inc hosp,2021-01-15,06,quantile,0.25,2054
2021-01-04,12 day ahead inc hosp,2021-01-16,06,quantile,0.25,2042
2021-01-04,13 day ahead inc hosp,2021-01-17,06,quantile,0.25,2029
2021-01-04,14 day ahead inc hosp,2021-01-18,06,quantile,0.25,2016
2021-01-04,15 day ahead inc hosp,2021-01-19,06,quantile,0.25,2002
2021-01-04,16 day ahead inc hosp,2021-01-20,06,quantile,0.25,1988
2021-01-04,17 day ahead inc hosp,2021-01-21,06,quantile,0.25,1974
2021-01-04,18 day ahead inc hosp,2021-01-22,06,quantile,0.25,1959
2021-01-04,19 day ahead inc hosp,2021-01-23,06,quantile,0.25,1944
2021-01-04,20 day ahead inc hosp,2021-01-24,06,quantile,0.25,1928
2021-01-04,21 day ahead inc hosp,2021-01-25,06,quantile,0.25,1913
2021-01-04,22 day ahead inc hosp,2021-01-26,06,quantile,0.25,1897
2021-01-04,23 day ahead inc hosp,2021-01-27,06,quantile,0.25,1880
2021-01-04,24 day ahead inc hosp,2021-01-28,06,quantile,0.25,1864
2021-01-04,25 day ahead inc hosp,2021-01-29,06,quantile,0.25,1847
2021-01-04,26 day ahead inc hosp,2021-01-30,06,quantile,0.25,1830
2021-01-04,27 day ahead inc hosp,2021-01-31,06,quantile,0.25,1812
2021-01-04,28 day ahead inc hosp,2021-02-01,06,quantile,0.25,1795
2021-01-04,1 day ahead inc hosp,2021-01-05,06,quantile,0.3,2162
2021-01-04,2 day ahead inc hosp,2021-01-06,06,quantile,0.3,2154
2021-01-04,3 day ahead inc hosp,2021-01-07,06,quantile,0.3,2146
2021-01-04,4 day ahead inc hosp,2021-01-08,06,quantile,0.3,2137
2021-01-04,5 day ahead inc hosp,2021-01-09,06,quantile,0.3,2128
2021-01-04,6 day ahead inc hosp,2021-01-10,06,quantile,0.3,2119
2021-01-04,7 day ahead inc hosp,2021-01-11,06,quantile,0.3,2108
2021-01-04,8 day ahead inc hosp,2021-01-12,06,quantile,0.3,2098
2021-01-04,9 day ahead inc hosp,2021-01-13,06,quantile,0.3,2087
2021-01-04,10 day ahead inc hosp,2021-01-14,06,quantile,0.3,2075
2021-01-04,11 day ahead inc hosp,2021-01-15,06,quantile,0.3,2063
2021-01-04,12 day ahead inc hosp,2021-01-16,06,quantile,0.3,2051
2021-01-04,13 day ahead inc hosp,2021-01-17,06,quantile,0.3,2038
2021-01-04,14 day ahead inc hosp,2021-01-18,06,quantile,0.3,2025
2021-01-04,15 day ahead inc hosp,2021-01-19,06,quantile,0.3,2011
2021-01-04,16 day ahead inc hosp,2021-01-20,06,quantile,0.3,1997
2021-01-04,17 day ahead inc hosp,2021-01-21,06,quantile,0.3,1983
2021-01-04,18 day ahead inc hosp,2021-01-22,06,quantile,0.3,1968
2021-01-04,19 day ahead inc hosp,2021-01-23,06,quantile,0.3,1953
2021-01-04,20 day ahead inc hosp,2021-01-24,06,quantile,0.3,1938
2021-01-04,21 day ahead inc hosp,2021-01-25,06,quantile,0.3,1922
2021-01-04,22 day ahead inc hosp,2021-01-26,06,quantile,0.3,1906
2021-01-04,23 day ahead inc hosp,2021-01-27,06,quantile,0.3,1889
2021-01-04,24 day ahead inc hosp,2021-01-28,06,quantile,0.3,1873
2021-01-04,25 day ahead inc hosp,2021-01-29,06,quantile,0.3,1856
2021-01-04,26 day ahead inc hosp,2021-01-30,06,quantile,0.3,1839
2021-01-04,27 day ahead inc hosp,2021-01-31,06,quantile,0.3,1821
2021-01-04,28 day ahead inc hosp,2021-02-01,06,quantile,0.3,1803
2021-01-04,1 day ahead inc hosp,2021-01-05,06,quantile,0.35,2171
2021-01-04,2 day ahead inc hosp,2021-01-06,06,quantile,0.35,2163
2021-01-04,3 day ahead inc hosp,2021-01-07,06,quantile,0.35,2155
2021-01-04,4 day ahead inc hosp,2021-01-08,06,quantile,0.35,2146
2021-01-04,5 day ahead inc hosp,2021-01-09,06,quantile,0.35,2137
2021-01-04,6 day ahead inc hosp,2021-01-10,06,quantile,0.35,2127
2021-01-04,7 day ahead inc hosp,2021-01-11,06,quantile,0.35,2117
2021-01-04,8 day ahead inc hosp,2021-01-12,06,quantile,0.35,2106
2021-01-04,9 day ahead inc hosp,2021-01-13,06,quantile,0.35,2095
2021-01-04,10 day ahead inc hosp,2021-01-14,06,quantile,0.35,2084
2021-01-04,11 day ahead inc hosp,2021-01-15,06,quantile,0.35,2072
2021-01-04,12 day ahead inc hosp,2021-01-16,06,quantile,0.35,2060
2021-01-04,13 day ahead inc hosp,2021-01-17,06,quantile,0.35,2047
2021-01-04,14 day ahead inc hosp,2021-01-18,06,quantile,0.35,2033
2021-01-04,15 day ahead inc hosp,2021-01-19,06,quantile,0.35,2020
2021-01-04,16 day ahead inc hosp,2021-01-20,06,quantile,0.35,2006
2021-01-04,17 day ahead inc hosp,2021-01-21,06,quantile,0.35,1991
2021-01-04,18 day ahead inc hosp,2021-01-22,06,quantile,0.35,1977
2021-01-04,19 day ahead inc hosp,2021-01-23,06,quantile,0.35,1961
2021-01-04,20 day ahead inc hosp,2021-01-24,06,quantile,0.35,1946
2021-01-04,21 day ahead inc hosp,2021-01-25,06,quantile,0.35,1930
2021-01-04,22 day ahead inc hosp,2021-01-26,06,quantile,0.35,1914
2021-01-04,23 day ahead inc hosp,2021-01-27,06,quantile,0.35,1898
2021-01-04,24 day ahead inc hosp,2021-01-28,06,quantile,0.35,1881
2021-01-04,25 day ahead inc hosp,2021-01-29,06,quantile,0.35,1864
2021-01-04,26 day ahead inc hosp,2021-01-30,06,quantile,0.35,1847
2021-01-04,27 day ahead inc hosp,2021-01-31,06,quantile,0.35,1829
2021-01-04,28 day ahead inc hosp,2021-02-01,06,quantile,0.35,1812
2021-01-04,1 day ahead inc hosp,2021-01-05,06,quantile,0.4,2179
2021-01-04,2 day ahead inc hosp,2021-01-06,06,quantile,0.4,2171
2021-01-04,3 day ahead inc hosp,2021-01-07,06,quantile,0.4,2163
2021-01-04,4 day ahead inc hosp,2021-01-08,06,quantile,0.4,2154
2021-01-04,5 day ahead inc hosp,2021-01-09,06,quantile,0.4,2145
2021-01-04,6 day ahead inc hosp,2021-01-10,06,quantile,0.4,2135
2021-01-04,7 day ahead inc hosp,2021-01-11,06,quantile,0.4,2125
2021-01-04,8 day ahead inc hosp,2021-01-12,06,quantile,0.4,2115
2021-01-04,9 day ahead inc hosp,2021-01-13,06,quantile,0.4,2104
2021-01-04,10 day ahead inc hosp,2021-01-14,06,quantile,0.4,2092
2021-01-04,11 day ahead inc hosp,2021-01-15,06,quantile,0.4,2080
2021-01-04,12 day ahead inc hosp,2021-01-16,06,quantile,0.4,2068
2021-01-04,13 day ahead inc hosp,2021-01-17,06,quantile,0.4,2055
2021-01-04,14 day ahead inc hosp,2021-01-18,06,quantile,0.4,2042
2021-01-04,15 day ahead inc hosp,2021-01-19,06,quantile,0.4,2028
2021-01-04,16 day ahead inc hosp,2021-01-20,06,quantile,0.4,2014
2021-01-04,17 day ahead inc hosp,2021-01-21,06,quantile,0.4,1999
2021-01-04,18 day ahead inc hosp,2021-01-22,06,quantile,0.4,1985
2021-01-04,19 day ahead inc hosp,2021-01-23,06,quantile,0.4,1970
2021-01-04,20 day ahead inc hosp,2021-01-24,06,quantile,0.4,1954
2021-01-04,21 day ahead inc hosp,2021-01-25,06,quantile,0.4,1938
2021-01-04,22 day ahead inc hosp,2021-01-26,06,quantile,0.4,1922
2021-01-04,23 day ahead inc hosp,2021-01-27,06,quantile,0.4,1906
2021-01-04,24 day ahead inc hosp,2021-01-28,06,quantile,0.4,1889
2021-01-04,25 day ahead inc hosp,2021-01-29,06,quantile,0.4,1872
2021-01-04,26 day ahead inc hosp,2021-01-30,06,quantile,0.4,1855
2021-01-04,27 day ahead inc hosp,2021-01-31,06,quantile,0.4,1837
2021-01-04,28 day ahead inc hosp,2021-02-01,06,quantile,0.4,1820
2021-01-04,1 day ahead inc hosp,2021-01-05,06,quantile,0.45,2187
2021-01-04,2 day ahead inc hosp,2021-01-06,06,quantile,0.45,2179
2021-01-04,3 day ahead inc hosp,2021-01-07,06,quantile,0.45,2171
2021-01-04,4 day ahead inc hosp,2021-01-08,06,quantile,0.45,2162
2021-01-04,5 day ahead inc hosp,2021-01-09,06,quantile,0.45,2153
2021-01-04,6 day ahead inc hosp,2021-01-10,06,quantile,0.45,2143
2021-01-04,7 day ahead inc hosp,2021-01-11,06,quantile,0.45,2133
2021-01-04,8 day ahead inc hosp,2021-01-12,06,quantile,0.45,2123
2021-01-04,9 day ahead inc hosp,2021-01-13,06,quantile,0.45,2111
2021-01-04,10 day ahead inc hosp,2021-01-14,06,quantile,0.45,2100
2021-01-04,11 day ahead inc hosp,2021-01-15,06,quantile,0.45,2088
2021-01-04,12 day ahead inc hosp,2021-01-16,06,quantile,0.45,2076
2021-01-04,13 day ahead inc hosp,2021-01-17,06,quantile,0.45,2063
2021-01-04,14 day ahead inc hosp,2021-01-18,06,quantile,0.45,2049
2021-01-04,15 day ahead inc hosp,2021-01-19,06,quantile,0.45,2036
2021-01-04,16 day ahead inc hosp,2021-01-20,06,quantile,0.45,2022
2021-01-04,17 day ahead inc hosp,2021-01-21,06,quantile,0.45,2007
2021-01-04,18 day ahead inc hosp,2021-01-22,06,quantile,0.45,1992
2021-01-04,19 day ahead inc hosp,2021-01-23,06,quantile,0.45,1977
2021-01-04,20 day ahead inc hosp,2021-01-24,06,quantile,0.45,1962
2021-01-04,21 day ahead inc hosp,2021-01-25,06,quantile,0.45,1946
2021-01-04,22 day ahead inc hosp,2021-01-26,06,quantile,0.45,1930
2021-01-04,23 day ahead inc hosp,2021-01-27,06,quantile,0.45,1913
2021-01-04,24 day ahead inc hosp,2021-01-28,06,quantile,0.45,1897
2021-01-04,25 day ahead inc hosp,2021-01-29,06,quantile,0.45,1880
2021-01-04,26 day ahead inc hosp,2021-01-30,06,quantile,0.45,1862
2021-01-04,27 day ahead inc hosp,2021-01-31,06,quantile,0.45,1845
2021-01-04,28 day ahead inc hosp,2021-02-01,06,quantile,0.45,1827
2021-01-04,1 day ahead inc hosp,2021-01-05,06,quantile,0.5,2195
2021-01-04,2 day ahead inc hosp,2021-01-06,06,quantile,0.5,2187
2021-01-04,3 day ahead inc hosp,2021-01-07,06,quantile,0.5,2179
2021-01-04,4 day ahead inc hosp,2021-01-08,06,quantile,0.5,2170
2021-01-04,5 day ahead inc hosp,2021-01-09,06,quantile,0.5,2161
2021-01-04,6 day ahead inc hosp,2021-01-10,06,quantile,0.5,2151
2021-01-04,7 day ahead inc hosp,2021-01-11,06,quantile,0.5,2141
2021-01-04,8 day ahead inc hosp,2021-01-12,06,quantile,0.5,2130
2021-01-04,9 day ahead inc hosp,2021-01-13,06,quantile,0.5,2119
2021-01-04,10 day ahead inc hosp,2021-01-14,06,quantile,0.5,2108
2021-01-04,11 day ahead inc hosp,2021-01-15,06,quantile,0.5,2096
2021-01-04,12 day ahead inc hosp,2021-01-16,06,quantile,0.5,2083
2021-01-04,13 day ahead inc hosp,2021-01-17,06,quantile,0.5,2070
2021-01-04,14 day ahead inc hosp,2021-01-18,06,quantile,0.5,2057
2021-01-04,15 day ahead inc hosp,2021-01-19,06,quantile,0.5,2043
2021-01-04,16 day ahead inc hosp,2021-01-20,06,quantile,0.5,2029
2021-01-04,17 day ahead inc hosp,2021-01-21,06,quantile,0.5,2015
2021-01-04,18 day ahead inc hosp,2021-01-22,06,quantile,0.5,2000
2021-01-04,19 day ahead inc hosp,2021-01-23,06,quantile,0.5,1985
2021-01-04,20 day ahead inc hosp,2021-01-24,06,quantile,0.5,1969
2021-01-04,21 day ahead inc hosp,2021-01-25,06,quantile,0.5,1954
2021-01-04,22 day ahead inc hosp,2021-01-26,06,quantile,0.5,1937
2021-01-04,23 day ahead inc hosp,2021-01-27,06,quantile,0.5,1921
2021-01-04,24 day ahead inc hosp,2021-01-28,06,quantile,0.5,1904
2021-01-04,25 day ahead inc hosp,2021-01-29,06,quantile,0.5,1887
2021-01-04,26 day ahead inc hosp,2021-01-30,06,quantile,0.5,1870
2021-01-04,27 day ahead inc hosp,2021-01-31,06,quantile,0.5,1852
2021-01-04,28 day ahead inc hosp,2021-02-01,06,quantile,0.5,1835
2021-01-04,1 day ahead inc hosp,2021-01-05,06,quantile,0.55,2203
2021-01-04,2 day ahead inc hosp,2021-01-06,06,quantile,0.55,2195
2021-01-04,3 day ahead inc hosp,2021-01-07,06,quantile,0.55,2186
2021-01-04,4 day ahead inc hosp,2021-01-08,06,quantile,0.55,2178
2021-01-04,5 day ahead inc hosp,2021-01-09,06,quantile,0.55,2169
2021-01-04,6 day ahead inc hosp,2021-01-10,06,quantile,0.55,2159
2021-01-04,7 day ahead inc hosp,2021-01-11,06,quantile,0.55,2149
2021-01-04,8 day ahead inc hosp,2021-01-12,06,quantile,0.55,2138
2021-01-04,9 day ahead inc hosp,2021-01-13,06,quantile,0.55,2127
2021-01-04,10 day ahead inc hosp,2021-01-14,06,quantile,0.55,2115
2021-01-04,11 day ahead inc hosp,2021-01-15,06,quantile,0.55,2103
2021-01-04,12 day ahead inc hosp,2021-01-16,06,quantile,0.55,2091
2021-01-04,13 day ahead inc hosp,2021-01-17,06,quantile,0.55,2078
2021-01-04,14 day ahead inc hosp,2021-01-18,06,quantile,0.55,2065
2021-01-04,15 day ahead inc hosp,2021-01-19,06,quantile,0.55,2051
2021-01-04,16 day ahead inc hosp,2021-01-20,06,quantile,0.55,2037
2021-01-04,17 day ahead inc hosp,2021-01-21,06,quantile,0.55,2023
2021-01-04,18 day ahead inc hosp,2021-01-22,06,quantile,0.55,2008
2021-01-04,19 day ahead inc hosp,2021-01-23,06,quantile,0.55,1993
2021-01-04,20 day ahead inc hosp,2021-01-24,06,quantile,0.55,1977
2021-01-04,21 day ahead inc hosp,2021-01-25,06,quantile,0.55,1961
2021-01-04,22 day ahead inc hosp,2021-01-26,06,quantile,0.55,1945
2021-01-04,23 day ahead inc hosp,2021-01-27,06,quantile,0.55,1929
2021-01-04,24 day ahead inc hosp,2021-01-28,06,quantile,0.55,1912
2021-01-04,25 day ahead inc hosp,2021-01-29,06,quantile,0.55,1895
2021-01-04,26 day ahead inc hosp,2021-01-30,06,quantile,0.55,1877
2021-01-04,27 day ahead inc hosp,2021-01-31,06,quantile,0.55,1860
2021-01-04,28 day ahead inc hosp,2021-02-01,06,quantile,0.55,1842
2021-01-04,1 day ahead inc hosp,2021-01-05,06,quantile,0.6,2211
2021-01-04,2 day ahead inc hosp,2021-01-06,06,quantile,0.6,2203
2021-01-04,3 day ahead inc hosp,2021-01-07,06,quantile,0.6,2194
2021-01-04,4 day ahead inc hosp,2021-01-08,06,quantile,0.6,2186
2021-01-04,5 day ahead inc hosp,2021-01-09,06,quantile,0.6,2176
2021-01-04,6 day ahead inc hosp,2021-01-10,06,quantile,0.6,2167
2021-01-04,7 day ahead inc hosp,2021-01-11,06,quantile,0.6,2157
2021-01-04,8 day ahead inc hosp,2021-01-12,06,quantile,0.6,2146
2021-01-04,9 day ahead inc hosp,2021-01-13,06,quantile,0.6,2135
2021-01-04,10 day ahead inc hosp,2021-01-14,06,quantile,0.6,2123
2021-01-04,11 day ahead inc hosp,2021-01-15,06,quantile,0.6,2111
2021-01-04,12 day ahead inc hosp,2021-01-16,06,quantile,0.6,2099
2021-01-04,13 day ahead inc hosp,2021-01-17,06,quantile,0.6,2086
2021-01-04,14 day ahead inc hosp,2021-01-18,06,quantile,0.6,2073
2021-01-04,15 day ahead inc hosp,2021-01-19,06,quantile,0.6,2059
2021-01-04,16 day ahead inc hosp,2021-01-20,06,quantile,0.6,2045
2021-01-04,17 day ahead inc hosp,2021-01-21,06,quantile,0.6,2030
2021-01-04,18 day ahead inc hosp,2021-01-22,06,quantile,0.6,2016
2021-01-04,19 day ahead inc hosp,2021-01-23,06,quantile,0.6,2000
2021-01-04,20 day ahead inc hosp,2021-01-24,06,quantile,0.6,1985
2021-01-04,21 day ahead inc hosp,2021-01-25,06,quantile,0.6,1969
2021-01-04,22 day ahead inc hosp,2021-01-26,06,quantile,0.6,1953
2021-01-04,23 day ahead inc hosp,2021-01-27,06,quantile,0.6,1936
2021-01-04,24 day ahead inc hosp,2021-01-28,06,quantile,0.6,1919
2021-01-04,25 day ahead inc hosp,2021-01-29,06,quantile,0.6,1902
2021-01-04,26 day ahead inc hosp,2021-01-30,06,quantile,0.6,1885
2021-01-04,27 day ahead inc hosp,2021-01-31,06,quantile,0.6,1868
2021-01-04,28 day ahead inc hosp,2021-02-01,06,quantile,0.6,1850
2021-01-04,1 day ahead inc hosp,2021-01-05,06,quantile,0.65,2219
2021-01-04,2 day ahead inc hosp,2021-01-06,06,quantile,0.65,2211
2021-01-04,3 day ahead inc hosp,2021-01-07,06,quantile,0.65,2203
2021-01-04,4 day ahead inc hosp,2021-01-08,06,quantile,0.65,2194
2021-01-04,5 day ahead inc hosp,2021-01-09,06,quantile,0.65,2185
2021-01-04,6 day ahead inc hosp,2021-01-10,06,quantile,0.65,2175
2021-01-04,7 day ahead inc hosp,2021-01-11,06,quantile,0.65,2165
2021-01-04,8 day ahead inc hosp,2021-01-12,06,quantile,0.65,2154
2021-01-04,9 day ahead inc hosp,2021-01-13,06,quantile,0.65,2143
2021-01-04,10 day ahead inc hosp,2021-01-14,06,quantile,0.65,2131
2021-01-04,11 day ahead inc hosp,2021-01-15,06,quantile,0.65,2119
2021-01-04,12 day ahead inc hosp,2021-01-16,06,quantile,0.65,2107
2021-01-04,13 day ahead inc hosp,2021-01-17,06,quantile,0.65,2094
2021-01-04,14 day ahead inc hosp,2021-01-18,06,quantile,0.65,2081
2021-01-04,15 day ahead inc hosp,2021-01-19,06,quantile,0.65,2067
2021-01-04,16 day ahead inc hosp,2021-01-20,06,quantile,0.65,2053
2021-01-04,17 day ahead inc hosp,2021-01-21,06,quantile,0.65,2038
2021-01-04,18 day ahead inc hosp,2021-01-22,06,quantile,0.65,2024
2021-01-04,19 day ahead inc hosp,2021-01-23,06,quantile,0.65,2008
2021-01-04,20 day ahead inc hosp,2021-01-24,06,quantile,0.65,1993
2021-01-04,21 day ahead inc hosp,2021-01-25,06,quantile,0.65,1977
2021-01-04,22 day ahead inc hosp,2021-01-26,06,quantile,0.65,1961
2021-01-04,23 day ahead inc hosp,2021-01-27,06,quantile,0.65,1944
2021-01-04,24 day ahead inc hosp,2021-01-28,06,quantile,0.65,1927
2021-01-04,25 day ahead inc hosp,2021-01-29,06,quantile,0.65,1910
2021-01-04,26 day ahead inc hosp,2021-01-30,06,quantile,0.65,1893
2021-01-04,27 day ahead inc hosp,2021-01-31,06,quantile,0.65,1875
2021-01-04,28 day ahead inc hosp,2021-02-01,06,quantile,0.65,1858
2021-01-04,1 day ahead inc hosp,2021-01-05,06,quantile,0.7,2227
2021-01-04,2 day ahead inc hosp,2021-01-06,06,quantile,0.7,2220
2021-01-04,3 day ahead inc hosp,2021-01-07,06,quantile,0.7,2211
2021-01-04,4 day ahead inc hosp,2021-01-08,06,quantile,0.7,2203
2021-01-04,5 day ahead inc hosp,2021-01-09,06,quantile,0.7,2193
2021-01-04,6 day ahead inc hosp,2021-01-10,06,quantile,0.7,2184
2021-01-04,7 day ahead inc hosp,2021-01-11,06,quantile,0.7,2173
2021-01-04,8 day ahead inc hosp,2021-01-12,06,quantile,0.7,2163
2021-01-04,9 day ahead inc hosp,2021-01-13,06,quantile,0.7,2152
2021-01-04,10 day ahead inc hosp,2021-01-14,06,quantile,0.7,2140
2021-01-04,11 day ahead inc hosp,2021-01-15,06,quantile,0.7,2128
2021-01-04,12 day ahead inc hosp,2021-01-16,06,quantile,0.7,2116
2021-01-04,13 day ahead inc hosp,2021-01-17,06,quantile,0.7,2103
2021-01-04,14 day ahead inc hosp,2021-01-18,06,quantile,0.7,2089
2021-01-04,15 day ahead inc hosp,2021-01-19,06,quantile,0.7,2076
2021-01-04,16 day ahead inc hosp,2021-01-20,06,quantile,0.7,2061
2021-01-04,17 day ahead inc hosp,2021-01-21,06,quantile,0.7,2047
2021-01-04,18 day ahead inc hosp,2021-01-22,06,quantile,0.7,2032
2021-01-04,19 day ahead inc hosp,2021-01-23,06,quantile,0.7,2017
2021-01-04,20 day ahead inc hosp,2021-01-24,06,quantile,0.7,2001
2021-01-04,21 day ahead inc hosp,2021-01-25,06,quantile,0.7,1985
2021-01-04,22 day ahead inc hosp,2021-01-26,06,quantile,0.7,1969
2021-01-04,23 day ahead inc hosp,2021-01-27,06,quantile,0.7,1953
2021-01-04,24 day ahead inc hosp,2021-01-28,06,quantile,0.7,1936
2021-01-04,25 day ahead inc hosp,2021-01-29,06,quantile,0.7,1919
2021-01-04,26 day ahead inc hosp,2021-01-30,06,quantile,0.7,1901
2021-01-04,27 day ahead inc hosp,2021-01-31,06,quantile,0.7,1884
2021-01-04,28 day ahead inc hosp,2021-02-01,06,quantile,0.7,1866
2021-01-04,1 day ahead inc hosp,2021-01-05,06,quantile,0.75,2237
2021-01-04,2 day ahead inc hosp,2021-01-06,06,quantile,0.75,2229
2021-01-04,3 day ahead inc hosp,2021-01-07,06,quantile,0.75,2221
2021-01-04,4 day ahead inc hosp,2021-01-08,06,quantile,0.75,2212
2021-01-04,5 day ahead inc hosp,2021-01-09,06,quantile,0.75,2203
2021-01-04,6 day ahead inc hosp,2021-01-10,06,quantile,0.75,2193
2021-01-04,7 day ahead inc hosp,2021-01-11,06,quantile,0.75,2183
2021-01-04,8 day ahead inc hosp,2021-01-12,06,quantile,0.75,2172
2021-01-04,9 day ahead inc hosp,2021-01-13,06,quantile,0.75,2161
2021-01-04,10 day ahead inc hosp,2021-01-14,06,quantile,0.75,2149
2021-01-04,11 day ahead inc hosp,2021-01-15,06,quantile,0.75,2137
2021-01-04,12 day ahead inc hosp,2021-01-16,06,quantile,0.75,2125
2021-01-04,13 day ahead inc hosp,2021-01-17,06,quantile,0.75,2112
2021-01-04,14 day ahead inc hosp,2021-01-18,06,quantile,0.75,2098
2021-01-04,15 day ahead inc hosp,2021-01-19,06,quantile,0.75,2085
2021-01-04,16 day ahead inc hosp,2021-01-20,06,quantile,0.75,2071
2021-01-04,17 day ahead inc hosp,2021-01-21,06,quantile,0.75,2056
2021-01-04,18 day ahead inc hosp,2021-01-22,06,quantile,0.75,2041
2021-01-04,19 day ahead inc hosp,2021-01-23,06,quantile,0.75,2026
2021-01-04,20 day ahead inc hosp,2021-01-24,06,quantile,0.75,2010
2021-01-04,21 day ahead inc hosp,2021-01-25,06,quantile,0.75,1994
2021-01-04,22 day ahead inc hosp,2021-01-26,06,quantile,0.75,1978
2021-01-04,23 day ahead inc hosp,2021-01-27,06,quantile,0.75,1962
2021-01-04,24 day ahead inc hosp,2021-01-28,06,quantile,0.75,1945
2021-01-04,25 day ahead inc hosp,2021-01-29,06,quantile,0.75,1928
2021-01-04,26 day ahead inc hosp,2021-01-30,06,quantile,0.75,1910
2021-01-04,27 day ahead inc hosp,2021-01-31,06,quantile,0.75,1893
2021-01-04,28 day ahead inc hosp,2021-02-01,06,quantile,0.75,1875
2021-01-04,1 day ahead inc hosp,2021-01-05,06,quantile,0.8,2247
2021-01-04,2 day ahead inc hosp,2021-01-06,06,quantile,0.8,2239
2021-01-04,3 day ahead inc hosp,2021-01-07,06,quantile,0.8,2231
2021-01-04,4 day ahead inc hosp,2021-01-08,06,quantile,0.8,2222
2021-01-04,5 day ahead inc hosp,2021-01-09,06,quantile,0.8,2213
2021-01-04,6 day ahead inc hosp,2021-01-10,06,quantile,0.8,2203
2021-01-04,7 day ahead inc hosp,2021-01-11,06,quantile,0.8,2193
2021-01-04,8 day ahead inc hosp,2021-01-12,06,quantile,0.8,2182
2021-01-04,9 day ahead inc hosp,2021-01-13,06,quantile,0.8,2171
2021-01-04,10 day ahead inc hosp,2021-01-14,06,quantile,0.8,2160
2021-01-04,11 day ahead inc hosp,2021-01-15,06,quantile,0.8,2148
2021-01-04,12 day ahead inc hosp,2021-01-16,06,quantile,0.8,2135
2021-01-04,13 day ahead inc hosp,2021-01-17,06,quantile,0.8,2122
2021-01-04,14 day ahead inc hosp,2021-01-18,06,quantile,0.8,2109
2021-01-04,15 day ahead inc hosp,2021-01-19,06,quantile,0.8,2095
2021-01-04,16 day ahead inc hosp,2021-01-20,06,quantile,0.8,2081
2021-01-04,17 day ahead inc hosp,2021-01-21,06,quantile,0.8,2066
2021-01-04,18 day ahead inc hosp,2021-01-22,06,quantile,0.8,2051
2021-01-04,19 day ahead inc hosp,2021-01-23,06,quantile,0.8,2036
2021-01-04,20 day ahead inc hosp,2021-01-24,06,quantile,0.8,2020
2021-01-04,21 day ahead inc hosp,2021-01-25,06,quantile,0.8,2004
2021-01-04,22 day ahead inc hosp,2021-01-26,06,quantile,0.8,1988
2021-01-04,23 day ahead inc hosp,2021-01-27,06,quantile,0.8,1972
2021-01-04,24 day ahead inc hosp,2021-01-28,06,quantile,0.8,1955
2021-01-04,25 day ahead inc hosp,2021-01-29,06,quantile,0.8,1938
2021-01-04,26 day ahead inc hosp,2021-01-30,06,quantile,0.8,1920
2021-01-04,27 day ahead inc hosp,2021-01-31,06,quantile,0.8,1903
2021-01-04,28 day ahead inc hosp,2021-02-01,06,quantile,0.8,1885
2021-01-04,1 day ahead inc hosp,2021-01-05,06,quantile,0.85,2259
2021-01-04,2 day ahead inc hosp,2021-01-06,06,quantile,0.85,2252
2021-01-04,3 day ahead inc hosp,2021-01-07,06,quantile,0.85,2243
2021-01-04,4 day ahead inc hosp,2021-01-08,06,quantile,0.85,2234
2021-01-04,5 day ahead inc hosp,2021-01-09,06,quantile,0.85,2225
2021-01-04,6 day ahead inc hosp,2021-01-10,06,quantile,0.85,2215
2021-01-04,7 day ahead inc hosp,2021-01-11,06,quantile,0.85,2205
2021-01-04,8 day ahead inc hosp,2021-01-12,06,quantile,0.85,2195
2021-01-04,9 day ahead inc hosp,2021-01-13,06,quantile,0.85,2183
2021-01-04,10 day ahead inc hosp,2021-01-14,06,quantile,0.85,2172
2021-01-04,11 day ahead inc hosp,2021-01-15,06,quantile,0.85,2160
2021-01-04,12 day ahead inc hosp,2021-01-16,06,quantile,0.85,2147
2021-01-04,13 day ahead inc hosp,2021-01-17,06,quantile,0.85,2134
2021-01-04,14 day ahead inc hosp,2021-01-18,06,quantile,0.85,2121
2021-01-04,15 day ahead inc hosp,2021-01-19,06,quantile,0.85,2107
2021-01-04,16 day ahead inc hosp,2021-01-20,06,quantile,0.85,2093
2021-01-04,17 day ahead inc hosp,2021-01-21,06,quantile,0.85,2078
2021-01-04,18 day ahead inc hosp,2021-01-22,06,quantile,0.85,2063
2021-01-04,19 day ahead inc hosp,2021-01-23,06,quantile,0.85,2048
2021-01-04,20 day ahead inc hosp,2021-01-24,06,quantile,0.85,2032
2021-01-04,21 day ahead inc hosp,2021-01-25,06,quantile,0.85,2016
2021-01-04,22 day ahead inc hosp,2021-01-26,06,quantile,0.85,2000
2021-01-04,23 day ahead inc hosp,2021-01-27,06,quantile,0.85,1983
2021-01-04,24 day ahead inc hosp,2021-01-28,06,quantile,0.85,1966
2021-01-04,25 day ahead inc hosp,2021-01-29,06,quantile,0.85,1949
2021-01-04,26 day ahead inc hosp,2021-01-30,06,quantile,0.85,1932
2021-01-04,27 day ahead inc hosp,2021-01-31,06,quantile,0.85,1914
2021-01-04,28 day ahead inc hosp,2021-02-01,06,quantile,0.85,1896
2021-01-04,1 day ahead inc hosp,2021-01-05,06,quantile,0.9,2275
2021-01-04,2 day ahead inc hosp,2021-01-06,06,quantile,0.9,2267
2021-01-04,3 day ahead inc hosp,2021-01-07,06,quantile,0.9,2258
2021-01-04,4 day ahead inc hosp,2021-01-08,06,quantile,0.9,2250
2021-01-04,5 day ahead inc hosp,2021-01-09,06,quantile,0.9,2240
2021-01-04,6 day ahead inc hosp,2021-01-10,06,quantile,0.9,2231
2021-01-04,7 day ahead inc hosp,2021-01-11,06,quantile,0.9,2220
2021-01-04,8 day ahead inc hosp,2021-01-12,06,quantile,0.9,2210
2021-01-04,9 day ahead inc hosp,2021-01-13,06,quantile,0.9,2199
2021-01-04,10 day ahead inc hosp,2021-01-14,06,quantile,0.9,2187
2021-01-04,11 day ahead inc hosp,2021-01-15,06,quantile,0.9,2175
2021-01-04,12 day ahead inc hosp,2021-01-16,06,quantile,0.9,2162
2021-01-04,13 day ahead inc hosp,2021-01-17,06,quantile,0.9,2149
2021-01-04,14 day ahead inc hosp,2021-01-18,06,quantile,0.9,2136
2021-01-04,15 day ahead inc hosp,2021-01-19,06,quantile,0.9,2122
2021-01-04,16 day ahead inc hosp,2021-01-20,06,quantile,0.9,2108
2021-01-04,17 day ahead inc hosp,2021-01-21,06,quantile,0.9,2093
2021-01-04,18 day ahead inc hosp,2021-01-22,06,quantile,0.9,2078
2021-01-04,19 day ahead inc hosp,2021-01-23,06,quantile,0.9,2063
2021-01-04,20 day ahead inc hosp,2021-01-24,06,quantile,0.9,2047
2021-01-04,21 day ahead inc hosp,2021-01-25,06,quantile,0.9,2031
2021-01-04,22 day ahead inc hosp,2021-01-26,06,quantile,0.9,2015
2021-01-04,23 day ahead inc hosp,2021-01-27,06,quantile,0.9,1998
2021-01-04,24 day ahead inc hosp,2021-01-28,06,quantile,0.9,1981
2021-01-04,25 day ahead inc hosp,2021-01-29,06,quantile,0.9,1964
2021-01-04,26 day ahead inc hosp,2021-01-30,06,quantile,0.9,1947
2021-01-04,27 day ahead inc hosp,2021-01-31,06,quantile,0.9,1929
2021-01-04,28 day ahead inc hosp,2021-02-01,06,quantile,0.9,1911
2021-01-04,1 day ahead inc hosp,2021-01-05,06,quantile,0.95,2297
2021-01-04,2 day ahead inc hosp,2021-01-06,06,quantile,0.95,2289
2021-01-04,3 day ahead inc hosp,2021-01-07,06,quantile,0.95,2281
2021-01-04,4 day ahead inc hosp,2021-01-08,06,quantile,0.95,2272
2021-01-04,5 day ahead inc hosp,2021-01-09,06,quantile,0.95,2263
2021-01-04,6 day ahead inc hosp,2021-01-10,06,quantile,0.95,2253
2021-01-04,7 day ahead inc hosp,2021-01-11,06,quantile,0.95,2243
2021-01-04,8 day ahead inc hosp,2021-01-12,06,quantile,0.95,2232
2021-01-04,9 day ahead inc hosp,2021-01-13,06,quantile,0.95,2221
2021-01-04,10 day ahead inc hosp,2021-01-14,06,quantile,0.95,2209
2021-01-04,11 day ahead inc hosp,2021-01-15,06,quantile,0.95,2197
2021-01-04,12 day ahead inc hosp,2021-01-16,06,quantile,0.95,2185
2021-01-04,13 day ahead inc hosp,2021-01-17,06,quantile,0.95,2171
2021-01-04,14 day ahead inc hosp,2021-01-18,06,quantile,0.95,2158
2021-01-04,15 day ahead inc hosp,2021-01-19,06,quantile,0.95,2144
2021-01-04,16 day ahead inc hosp,2021-01-20,06,quantile,0.95,2130
2021-01-04,17 day ahead inc hosp,2021-01-21,06,quantile,0.95,2115
2021-01-04,18 day ahead inc hosp,2021-01-22,06,quantile,0.95,2100
2021-01-04,19 day ahead inc hosp,2021-01-23,06,quantile,0.95,2085
2021-01-04,20 day ahead inc hosp,2021-01-24,06,quantile,0.95,2069
2021-01-04,21 day ahead inc hosp,2021-01-25,06,quantile,0.95,2053
2021-01-04,22 day ahead inc hosp,2021-01-26,06,quantile,0.95,2037
2021-01-04,23 day ahead inc hosp,2021-01-27,06,quantile,0.95,2020
2021-01-04,24 day ahead inc hosp,2021-01-28,06,quantile,0.95,2003
2021-01-04,25 day ahead inc hosp,2021-01-29,06,quantile,0.95,1986
2021-01-04,26 day ahead inc hosp,2021-01-30,06,quantile,0.95,1968
2021-01-04,27 day ahead inc hosp,2021-01-31,06,quantile,0.95,1951
2021-01-04,28 day ahead inc hosp,2021-02-01,06,quantile,0.95,1933
2021-01-04,1 day ahead inc hosp,2021-01-05,06,quantile,0.975,2317
2021-01-04,2 day ahead inc hosp,2021-01-06,06,quantile,0.975,2309
2021-01-04,3 day ahead inc hosp,2021-01-07,06,quantile,0.975,2301
2021-01-04,4 day ahead inc hosp,2021-01-08,06,quantile,0.975,2292
2021-01-04,5 day ahead inc hosp,2021-01-09,06,quantile,0.975,2283
2021-01-04,6 day ahead inc hosp,2021-01-10,06,quantile,0.975,2273
2021-01-04,7 day ahead inc hosp,2021-01-11,06,quantile,0.975,2262
2021-01-04,8 day ahead inc hosp,2021-01-12,06,quantile,0.975,2252
2021-01-04,9 day ahead inc hosp,2021-01-13,06,quantile,0.975,2240
2021-01-04,10 day ahead inc hosp,2021-01-14,06,quantile,0.975,2229
2021-01-04,11 day ahead inc hosp,2021-01-15,06,quantile,0.975,2217
2021-01-04,12 day ahead inc hosp,2021-01-16,06,quantile,0.975,2204
2021-01-04,13 day ahead inc hosp,2021-01-17,06,quantile,0.975,2191
2021-01-04,14 day ahead inc hosp,2021-01-18,06,quantile,0.975,2177
2021-01-04,15 day ahead inc hosp,2021-01-19,06,quantile,0.975,2163
2021-01-04,16 day ahead inc hosp,2021-01-20,06,quantile,0.975,2149
2021-01-04,17 day ahead inc hosp,2021-01-21,06,quantile,0.975,2134
2021-01-04,18 day ahead inc hosp,2021-01-22,06,quantile,0.975,2119
2021-01-04,19 day ahead inc hosp,2021-01-23,06,quantile,0.975,2104
2021-01-04,20 day ahead inc hosp,2021-01-24,06,quantile,0.975,2088
2021-01-04,21 day ahead inc hosp,2021-01-25,06,quantile,0.975,2072
2021-01-04,22 day ahead inc hosp,2021-01-26,06,quantile,0.975,2056
2021-01-04,23 day ahead inc hosp,2021-01-27,06,quantile,0.975,2039
2021-01-04,24 day ahead inc hosp,2021-01-28,06,quantile,0.975,2022
2021-01-04,25 day ahead inc hosp,2021-01-29,06,quantile,0.975,2005
2021-01-04,26 day ahead inc hosp,2021-01-30,06,quantile,0.975,1987
2021-01-04,27 day ahead inc hosp,2021-01-31,06,quantile,0.975,1969
2021-01-04,28 day ahead inc hosp,2021-02-01,06,quantile,0.975,1951
2021-01-04,1 day ahead inc hosp,2021-01-05,06,quantile,0.99,2340
2021-01-04,2 day ahead inc hosp,2021-01-06,06,quantile,0.99,2332
2021-01-04,3 day ahead inc hosp,2021-01-07,06,quantile,0.99,2324
2021-01-04,4 day ahead inc hosp,2021-01-08,06,quantile,0.99,2315
2021-01-04,5 day ahead inc hosp,2021-01-09,06,quantile,0.99,2305
2021-01-04,6 day ahead inc hosp,2021-01-10,06,quantile,0.99,2296
2021-01-04,7 day ahead inc hosp,2021-01-11,06,quantile,0.99,2285
2021-01-04,8 day ahead inc hosp,2021-01-12,06,quantile,0.99,2274
2021-01-04,9 day ahead inc hosp,2021-01-13,06,quantile,0.99,2263
2021-01-04,10 day ahead inc hosp,2021-01-14,06,quantile,0.99,2251
2021-01-04,11 day ahead inc hosp,2021-01-15,06,quantile,0.99,2239
2021-01-04,12 day ahead inc hosp,2021-01-16,06,quantile,0.99,2226
2021-01-04,13 day ahead inc hosp,2021-01-17,06,quantile,0.99,2213
2021-01-04,14 day ahead inc hosp,2021-01-18,06,quantile,0.99,2200
2021-01-04,15 day ahead inc hosp,2021-01-19,06,quantile,0.99,2186
2021-01-04,16 day ahead inc hosp,2021-01-20,06,quantile,0.99,2172
2021-01-04,17 day ahead inc hosp,2021-01-21,06,quantile,0.99,2157
2021-01-04,18 day ahead inc hosp,2021-01-22,06,quantile,0.99,2142
2021-01-04,19 day ahead inc hosp,2021-01-23,06,quantile,0.99,2126
2021-01-04,20 day ahead inc hosp,2021-01-24,06,quantile,0.99,2110
2021-01-04,21 day ahead inc hosp,2021-01-25,06,quantile,0.99,2094
2021-01-04,22 day ahead inc hosp,2021-01-26,06,quantile,0.99,2078
2021-01-04,23 day ahead inc hosp,2021-01-27,06,quantile,0.99,2061
2021-01-04,24 day ahead inc hosp,2021-01-28,06,quantile,0.99,2044
2021-01-04,25 day ahead inc hosp,2021-01-29,06,quantile,0.99,2027
2021-01-04,26 day ahead inc hosp,2021-01-30,06,quantile,0.99,2009
2021-01-04,27 day ahead inc hosp,2021-01-31,06,quantile,0.99,1991
2021-01-04,28 day ahead inc hosp,2021-02-01,06,quantile,0.99,1973
2021-01-04,1 day ahead inc hosp,2021-01-05,06,point,NA,2195
2021-01-04,2 day ahead inc hosp,2021-01-06,06,point,NA,2187
2021-01-04,3 day ahead inc hosp,2021-01-07,06,point,NA,2179
2021-01-04,4 day ahead inc hosp,2021-01-08,06,point,NA,2170
2021-01-04,5 day ahead inc hosp,2021-01-09,06,point,NA,2161
2021-01-04,6 day ahead inc hosp,2021-01-10,06,point,NA,2151
2021-01-04,7 day ahead inc hosp,2021-01-11,06,point,NA,2141
2021-01-04,8 day ahead inc hosp,2021-01-12,06,point,NA,2130
2021-01-04,9 day ahead inc hosp,2021-01-13,06,point,NA,2119
2021-01-04,10 day ahead inc hosp,2021-01-14,06,point,NA,2108
2021-01-04,11 day ahead inc hosp,2021-01-15,06,point,NA,2096
2021-01-04,12 day ahead inc hosp,2021-01-16,06,point,NA,2083
2021-01-04,13 day ahead inc hosp,2021-01-17,06,point,NA,2070
2021-01-04,14 day ahead inc hosp,2021-01-18,06,point,NA,2057
2021-01-04,15 day ahead inc hosp,2021-01-19,06,point,NA,2043
2021-01-04,16 day ahead inc hosp,2021-01-20,06,point,NA,2029
2021-01-04,17 day ahead inc hosp,2021-01-21,06,point,NA,2015
2021-01-04,18 day ahead inc hosp,2021-01-22,06,point,NA,2000
2021-01-04,19 day ahead inc hosp,2021-01-23,06,point,NA,1985
2021-01-04,20 day ahead inc hosp,2021-01-24,06,point,NA,1969
2021-01-04,21 day ahead inc hosp,2021-01-25,06,point,NA,1954
2021-01-04,22 day ahead inc hosp,2021-01-26,06,point,NA,1937
2021-01-04,23 day ahead inc hosp,2021-01-27,06,point,NA,1921
2021-01-04,24 day ahead inc hosp,2021-01-28,06,point,NA,1904
2021-01-04,25 day ahead inc hosp,2021-01-29,06,point,NA,1887
2021-01-04,26 day ahead inc hosp,2021-01-30,06,point,NA,1870
2021-01-04,27 day ahead inc hosp,2021-01-31,06,point,NA,1852
2021-01-04,28 day ahead inc hosp,2021-02-01,06,point,NA,1835
2021-01-04,1 wk ahead inc death,2021-01-09,06,quantile,0.01,2182
2021-01-04,2 wk ahead inc death,2021-01-16,06,quantile,0.01,2316
2021-01-04,3 wk ahead inc death,2021-01-23,06,quantile,0.01,2372
2021-01-04,4 wk ahead inc death,2021-01-30,06,quantile,0.01,2367
2021-01-04,1 wk ahead inc death,2021-01-09,06,quantile,0.025,2215
2021-01-04,2 wk ahead inc death,2021-01-16,06,quantile,0.025,2350
2021-01-04,3 wk ahead inc death,2021-01-23,06,quantile,0.025,2406
2021-01-04,4 wk ahead inc death,2021-01-30,06,quantile,0.025,2401
2021-01-04,1 wk ahead inc death,2021-01-09,06,quantile,0.05,2243
2021-01-04,2 wk ahead inc death,2021-01-16,06,quantile,0.05,2378
2021-01-04,3 wk ahead inc death,2021-01-23,06,quantile,0.05,2434
2021-01-04,4 wk ahead inc death,2021-01-30,06,quantile,0.05,2430
2021-01-04,1 wk ahead inc death,2021-01-09,06,quantile,0.1,2276
2021-01-04,2 wk ahead inc death,2021-01-16,06,quantile,0.1,2411
2021-01-04,3 wk ahead inc death,2021-01-23,06,quantile,0.1,2467
2021-01-04,4 wk ahead inc death,2021-01-30,06,quantile,0.1,2463
2021-01-04,1 wk ahead inc death,2021-01-09,06,quantile,0.15,2298
2021-01-04,2 wk ahead inc death,2021-01-16,06,quantile,0.15,2433
2021-01-04,3 wk ahead inc death,2021-01-23,06,quantile,0.15,2490
2021-01-04,4 wk ahead inc death,2021-01-30,06,quantile,0.15,2485
2021-01-04,1 wk ahead inc death,2021-01-09,06,quantile,0.2,2315
2021-01-04,2 wk ahead inc death,2021-01-16,06,quantile,0.2,2451
2021-01-04,3 wk ahead inc death,2021-01-23,06,quantile,0.2,2508
2021-01-04,4 wk ahead inc death,2021-01-30,06,quantile,0.2,2503
2021-01-04,1 wk ahead inc death,2021-01-09,06,quantile,0.25,2330
2021-01-04,2 wk ahead inc death,2021-01-16,06,quantile,0.25,2466
2021-01-04,3 wk ahead inc death,2021-01-23,06,quantile,0.25,2523
2021-01-04,4 wk ahead inc death,2021-01-30,06,quantile,0.25,2518
2021-01-04,1 wk ahead inc death,2021-01-09,06,quantile,0.3,2343
2021-01-04,2 wk ahead inc death,2021-01-16,06,quantile,0.3,2480
2021-01-04,3 wk ahead inc death,2021-01-23,06,quantile,0.3,2536
2021-01-04,4 wk ahead inc death,2021-01-30,06,quantile,0.3,2532
2021-01-04,1 wk ahead inc death,2021-01-09,06,quantile,0.35,2356
2021-01-04,2 wk ahead inc death,2021-01-16,06,quantile,0.35,2492
2021-01-04,3 wk ahead inc death,2021-01-23,06,quantile,0.35,2549
2021-01-04,4 wk ahead inc death,2021-01-30,06,quantile,0.35,2545
2021-01-04,1 wk ahead inc death,2021-01-09,06,quantile,0.4,2368
2021-01-04,2 wk ahead inc death,2021-01-16,06,quantile,0.4,2504
2021-01-04,3 wk ahead inc death,2021-01-23,06,quantile,0.4,2561
2021-01-04,4 wk ahead inc death,2021-01-30,06,quantile,0.4,2557
2021-01-04,1 wk ahead inc death,2021-01-09,06,quantile,0.45,2379
2021-01-04,2 wk ahead inc death,2021-01-16,06,quantile,0.45,2516
2021-01-04,3 wk ahead inc death,2021-01-23,06,quantile,0.45,2573
2021-01-04,4 wk ahead inc death,2021-01-30,06,quantile,0.45,2568
2021-01-04,1 wk ahead inc death,2021-01-09,06,quantile,0.5,2391
2021-01-04,2 wk ahead inc death,2021-01-16,06,quantile,0.5,2527
2021-01-04,3 wk ahead inc death,2021-01-23,06,quantile,0.5,2584
2021-01-04,4 wk ahead inc death,2021-01-30,06,quantile,0.5,2580
2021-01-04,1 wk ahead inc death,2021-01-09,06,quantile,0.55,2402
2021-01-04,2 wk ahead inc death,2021-01-16,06,quantile,0.55,2539
2021-01-04,3 wk ahead inc death,2021-01-23,06,quantile,0.55,2596
2021-01-04,4 wk ahead inc death,2021-01-30,06,quantile,0.55,2591
2021-01-04,1 wk ahead inc death,2021-01-09,06,quantile,0.6,2413
2021-01-04,2 wk ahead inc death,2021-01-16,06,quantile,0.6,2550
2021-01-04,3 wk ahead inc death,2021-01-23,06,quantile,0.6,2607
2021-01-04,4 wk ahead inc death,2021-01-30,06,quantile,0.6,2603
2021-01-04,1 wk ahead inc death,2021-01-09,06,quantile,0.65,2425
2021-01-04,2 wk ahead inc death,2021-01-16,06,quantile,0.65,2562
2021-01-04,3 wk ahead inc death,2021-01-23,06,quantile,0.65,2619
2021-01-04,4 wk ahead inc death,2021-01-30,06,quantile,0.65,2615
2021-01-04,1 wk ahead inc death,2021-01-09,06,quantile,0.7,2438
2021-01-04,2 wk ahead inc death,2021-01-16,06,quantile,0.7,2575
2021-01-04,3 wk ahead inc death,2021-01-23,06,quantile,0.7,2632
2021-01-04,4 wk ahead inc death,2021-01-30,06,quantile,0.7,2628
2021-01-04,1 wk ahead inc death,2021-01-09,06,quantile,0.75,2451
2021-01-04,2 wk ahead inc death,2021-01-16,06,quantile,0.75,2589
2021-01-04,3 wk ahead inc death,2021-01-23,06,quantile,0.75,2646
2021-01-04,4 wk ahead inc death,2021-01-30,06,quantile,0.75,2642
2021-01-04,1 wk ahead inc death,2021-01-09,06,quantile,0.8,2466
2021-01-04,2 wk ahead inc death,2021-01-16,06,quantile,0.8,2604
2021-01-04,3 wk ahead inc death,2021-01-23,06,quantile,0.8,2661
2021-01-04,4 wk ahead inc death,2021-01-30,06,quantile,0.8,2657
2021-01-04,1 wk ahead inc death,2021-01-09,06,quantile,0.85,2484
2021-01-04,2 wk ahead inc death,2021-01-16,06,quantile,0.85,2621
2021-01-04,3 wk ahead inc death,2021-01-23,06,quantile,0.85,2679
2021-01-04,4 wk ahead inc death,2021-01-30,06,quantile,0.85,2675
2021-01-04,1 wk ahead inc death,2021-01-09,06,quantile,0.9,2506
2021-01-04,2 wk ahead inc death,2021-01-16,06,quantile,0.9,2644
2021-01-04,3 wk ahead inc death,2021-01-23,06,quantile,0.9,2701
2021-01-04,4 wk ahead inc death,2021-01-30,06,quantile,0.9,2697
2021-01-04,1 wk ahead inc death,2021-01-09,06,quantile,0.95,2538
2021-01-04,2 wk ahead inc death,2021-01-16,06,quantile,0.95,2676
2021-01-04,3 wk ahead inc death,2021-01-23,06,quantile,0.95,2734
2021-01-04,4 wk ahead inc death,2021-01-30,06,quantile,0.95,2730
2021-01-04,1 wk ahead inc death,2021-01-09,06,quantile,0.975,2566
2021-01-04,2 wk ahead inc death,2021-01-16,06,quantile,0.975,2705
2021-01-04,3 wk ahead inc death,2021-01-23,06,quantile,0.975,2763
2021-01-04,4 wk ahead inc death,2021-01-30,06,quantile,0.975,2759
2021-01-04,1 wk ahead inc death,2021-01-09,06,quantile,0.99,2599
2021-01-04,2 wk ahead inc death,2021-01-16,06,quantile,0.99,2738
2021-01-04,3 wk ahead inc death,2021-01-23,06,quantile,0.99,2796
2021-01-04,4 wk ahead inc death,2021-01-30,06,quantile,0.99,2792
2021-01-04,1 wk ahead inc death,2021-01-09,06,point,NA,2391
2021-01-04,2 wk ahead inc death,2021-01-16,06,point,NA,2527
2021-01-04,3 wk ahead inc death,2021-01-23,06,point,NA,2584
2021-01-04,4 wk ahead inc death,2021-01-30,06,point,NA,2580
