forecast_date,target,target_end_date,location,type,quantile,value
2021-05-24,1 wk ahead inc case,2021-05-29,06,quantile,0.025,4131.5
2021-05-24,2 wk ahead inc case,2021-06-05,06,quantile,0.025,2596.4
2021-05-24,3 wk ahead inc case,2021-06-12,06,quantile,0.025,1632.8
2021-05-24,4 wk ahead inc case,2021-06-19,06,quantile,0.025,913.5
2021-05-24,1 wk ahead inc case,2021-05-29,06,quantile,0.1,5308.6
2021-05-24,2 wk ahead inc case,2021-06-05,06,quantile,0.1,3724.5
2021-05-24,3 wk ahead inc case,2021-06-12,06,quantile,0.1,2618.8
2021-05-24,4 wk ahead inc case,2021-06-19,06,quantile,0.1,1770.1
2021-05-24,1 wk ahead inc case,2021-05-29,06,quantile,0.25,6361.8
2021-05-24,2 wk ahead inc case,2021-06-05,06,quantile,0.25,4733.9
2021-05-24,3 wk ahead inc case,2021-06-12,06,quantile,0.25,3501.1
2021-05-24,4 wk ahead inc case,2021-06-19,06,quantile,0.25,2536.6
2021-05-24,1 wk ahead inc case,2021-05-29,06,quantile,0.5,7532.1
2021-05-24,2 wk ahead inc case,2021-06-05,06,quantile,0.5,5855.5
2021-05-24,3 wk ahead inc case,2021-06-12,06,quantile,0.5,4481.4
2021-05-24,4 wk ahead inc case,2021-06-19,06,quantile,0.5,3388.3
2021-05-24,1 wk ahead inc case,2021-05-29,06,quantile,0.75,8702.4
2021-05-24,2 wk ahead inc case,2021-06-05,06,quantile,0.75,6977.1
2021-05-24,3 wk ahead inc case,2021-06-12,06,quantile,0.75,5461.7
2021-05-24,4 wk ahead inc case,2021-06-19,06,quantile,0.75,4240
2021-05-24,1 wk ahead inc case,2021-05-29,06,quantile,0.9,9755.6
2021-05-24,2 wk ahead inc case,2021-06-05,06,quantile,0.9,7986.5
2021-05-24,3 wk ahead inc case,2021-06-12,06,quantile,0.9,6344
2021-05-24,4 wk ahead inc case,2021-06-19,06,quantile,0.9,5006.6
2021-05-24,1 wk ahead inc case,2021-05-29,06,quantile,0.975,10932.7
2021-05-24,2 wk ahead inc case,2021-06-05,06,quantile,0.975,9114.6
2021-05-24,3 wk ahead inc case,2021-06-12,06,quantile,0.975,7330
2021-05-24,4 wk ahead inc case,2021-06-19,06,quantile,0.975,5863.2
2021-05-24,1 wk ahead inc case,2021-05-29,06,point,NA,7532.1
2021-05-24,2 wk ahead inc case,2021-06-05,06,point,NA,5855.5
2021-05-24,3 wk ahead inc case,2021-06-12,06,point,NA,4481.4
2021-05-24,4 wk ahead inc case,2021-06-19,06,point,NA,3388.3
2021-05-24,1 day ahead inc hosp,2021-05-25,06,quantile,0.01,18.86821
2021-05-24,2 day ahead inc hosp,2021-05-26,06,quantile,0.01,14.08801
2021-05-24,3 day ahead inc hosp,2021-05-27,06,quantile,0.01,9.40655
2021-05-24,4 day ahead inc hosp,2021-05-28,06,quantile,0.01,4.83646
2021-05-24,5 day ahead inc hosp,2021-05-29,06,quantile,0.01,0.38469
2021-05-24,6 day ahead inc hosp,2021-05-30,06,quantile,0.01,0
2021-05-24,7 day ahead inc hosp,2021-05-31,06,quantile,0.01,0
2021-05-24,8 day ahead inc hosp,2021-06-01,06,quantile,0.01,0
2021-05-24,9 day ahead inc hosp,2021-06-02,06,quantile,0.01,0
2021-05-24,10 day ahead inc hosp,2021-06-03,06,quantile,0.01,0
2021-05-24,11 day ahead inc hosp,2021-06-04,06,quantile,0.01,0
2021-05-24,12 day ahead inc hosp,2021-06-05,06,quantile,0.01,0
2021-05-24,13 day ahead inc hosp,2021-06-06,06,quantile,0.01,0
2021-05-24,14 day ahead inc hosp,2021-06-07,06,quantile,0.01,0
2021-05-24,15 day ahead inc hosp,2021-06-08,06,quantile,0.01,0
2021-05-24,16 day ahead inc hosp,2021-06-09,06,quantile,0.01,0
2021-05-24,17 day ahead inc hosp,2021-06-10,06,quantile,0.01,0
2021-05-24,18 day ahead inc hosp,2021-06-11,06,quantile,0.01,0
2021-05-24,19 day ahead inc hosp,2021-06-12,06,quantile,0.01,0
2021-05-24,20 day ahead inc hosp,2021-06-13,06,quantile,0.01,0
2021-05-24,21 day ahead inc hosp,2021-06-14,06,quantile,0.01,0
2021-05-24,22 day ahead inc hosp,2021-06-15,06,quantile,0.01,0
2021-05-24,23 day ahead inc hosp,2021-06-16,06,quantile,0.01,0
2021-05-24,24 day ahead inc hosp,2021-06-17,06,quantile,0.01,0
2021-05-24,25 day ahead inc hosp,2021-06-18,06,quantile,0.01,0
2021-05-24,26 day ahead inc hosp,2021-06-19,06,quantile,0.01,0
2021-05-24,27 day ahead inc hosp,2021-06-20,06,quantile,0.01,0
2021-05-24,28 day ahead inc hosp,2021-06-21,06,quantile,0.01,0
2021-05-24,1 day ahead inc hosp,2021-05-25,06,quantile,0.025,38.2865
2021-05-24,2 day ahead inc hosp,2021-05-26,06,quantile,0.025,33.48753
2021-05-24,3 day ahead inc hosp,2021-05-27,06,quantile,0.025,28.78768
2021-05-24,4 day ahead inc hosp,2021-05-28,06,quantile,0.025,24.19963
2021-05-24,5 day ahead inc hosp,2021-05-29,06,quantile,0.025,19.73038
2021-05-24,6 day ahead inc hosp,2021-05-30,06,quantile,0.025,15.38336
2021-05-24,7 day ahead inc hosp,2021-05-31,06,quantile,0.025,11.15975
2021-05-24,8 day ahead inc hosp,2021-06-01,06,quantile,0.025,7.05933
2021-05-24,9 day ahead inc hosp,2021-06-02,06,quantile,0.025,3.08098
2021-05-24,10 day ahead inc hosp,2021-06-03,06,quantile,0.025,0
2021-05-24,11 day ahead inc hosp,2021-06-04,06,quantile,0.025,0
2021-05-24,12 day ahead inc hosp,2021-06-05,06,quantile,0.025,0
2021-05-24,13 day ahead inc hosp,2021-06-06,06,quantile,0.025,0
2021-05-24,14 day ahead inc hosp,2021-06-07,06,quantile,0.025,0
2021-05-24,15 day ahead inc hosp,2021-06-08,06,quantile,0.025,0
2021-05-24,16 day ahead inc hosp,2021-06-09,06,quantile,0.025,0
2021-05-24,17 day ahead inc hosp,2021-06-10,06,quantile,0.025,0
2021-05-24,18 day ahead inc hosp,2021-06-11,06,quantile,0.025,0
2021-05-24,19 day ahead inc hosp,2021-06-12,06,quantile,0.025,0
2021-05-24,20 day ahead inc hosp,2021-06-13,06,quantile,0.025,0
2021-05-24,21 day ahead inc hosp,2021-06-14,06,quantile,0.025,0
2021-05-24,22 day ahead inc hosp,2021-06-15,06,quantile,0.025,0
2021-05-24,23 day ahead inc hosp,2021-06-16,06,quantile,0.025,0
2021-05-24,24 day ahead inc hosp,2021-06-17,06,quantile,0.025,0
2021-05-24,25 day ahead inc hosp,2021-06-18,06,quantile,0.025,0
2021-05-24,26 day ahead inc hosp,2021-06-19,06,quantile,0.025,0
2021-05-24,27 day ahead inc hosp,2021-06-20,06,quantile,0.025,0
2021-05-24,28 day ahead inc hosp,2021-06-21,06,quantile,0.025,0
2021-05-24,1 day ahead inc hosp,2021-05-25,06,quantile,0.05,54.9873
2021-05-24,2 day ahead inc hosp,2021-05-26,06,quantile,0.05,50.17218
2021-05-24,3 day ahead inc hosp,2021-05-27,06,quantile,0.05,45.45651
2021-05-24,4 day ahead inc hosp,2021-05-28,06,quantile,0.05,40.85302
2021-05-24,5 day ahead inc hosp,2021-05-29,06,quantile,0.05,36.36874
2021-05-24,6 day ahead inc hosp,2021-05-30,06,quantile,0.05,32.0071
2021-05-24,7 day ahead inc hosp,2021-05-31,06,quantile,0.05,27.76929
2021-05-24,8 day ahead inc hosp,2021-06-01,06,quantile,0.05,23.65508
2021-05-24,9 day ahead inc hosp,2021-06-02,06,quantile,0.05,19.66337
2021-05-24,10 day ahead inc hosp,2021-06-03,06,quantile,0.05,15.79247
2021-05-24,11 day ahead inc hosp,2021-06-04,06,quantile,0.05,12.04035
2021-05-24,12 day ahead inc hosp,2021-06-05,06,quantile,0.05,8.40479
2021-05-24,13 day ahead inc hosp,2021-06-06,06,quantile,0.05,4.8834
2021-05-24,14 day ahead inc hosp,2021-06-07,06,quantile,0.05,1.47374
2021-05-24,15 day ahead inc hosp,2021-06-08,06,quantile,0.05,0
2021-05-24,16 day ahead inc hosp,2021-06-09,06,quantile,0.05,0
2021-05-24,17 day ahead inc hosp,2021-06-10,06,quantile,0.05,0
2021-05-24,18 day ahead inc hosp,2021-06-11,06,quantile,0.05,0
2021-05-24,19 day ahead inc hosp,2021-06-12,06,quantile,0.05,0
2021-05-24,20 day ahead inc hosp,2021-06-13,06,quantile,0.05,0
2021-05-24,21 day ahead inc hosp,2021-06-14,06,quantile,0.05,0
2021-05-24,22 day ahead inc hosp,2021-06-15,06,quantile,0.05,0
2021-05-24,23 day ahead inc hosp,2021-06-16,06,quantile,0.05,0
2021-05-24,24 day ahead inc hosp,2021-06-17,06,quantile,0.05,0
2021-05-24,25 day ahead inc hosp,2021-06-18,06,quantile,0.05,0
2021-05-24,26 day ahead inc hosp,2021-06-19,06,quantile,0.05,0
2021-05-24,27 day ahead inc hosp,2021-06-20,06,quantile,0.05,0
2021-05-24,28 day ahead inc hosp,2021-06-21,06,quantile,0.05,0
2021-05-24,1 day ahead inc hosp,2021-05-25,06,quantile,0.1,74.24226
2021-05-24,2 day ahead inc hosp,2021-05-26,06,quantile,0.1,69.40851
2021-05-24,3 day ahead inc hosp,2021-05-27,06,quantile,0.1,64.67461
2021-05-24,4 day ahead inc hosp,2021-05-28,06,quantile,0.1,60.05332
2021-05-24,5 day ahead inc hosp,2021-05-29,06,quantile,0.1,55.5517
2021-05-24,6 day ahead inc hosp,2021-05-30,06,quantile,0.1,51.1732
2021-05-24,7 day ahead inc hosp,2021-05-31,06,quantile,0.1,46.91902
2021-05-24,8 day ahead inc hosp,2021-06-01,06,quantile,0.1,42.78893
2021-05-24,9 day ahead inc hosp,2021-06-02,06,quantile,0.1,38.78181
2021-05-24,10 day ahead inc hosp,2021-06-03,06,quantile,0.1,34.89597
2021-05-24,11 day ahead inc hosp,2021-06-04,06,quantile,0.1,31.12938
2021-05-24,12 day ahead inc hosp,2021-06-05,06,quantile,0.1,27.4798
2021-05-24,13 day ahead inc hosp,2021-06-06,06,quantile,0.1,23.94484
2021-05-24,14 day ahead inc hosp,2021-06-07,06,quantile,0.1,20.52204
2021-05-24,15 day ahead inc hosp,2021-06-08,06,quantile,0.1,17.20892
2021-05-24,16 day ahead inc hosp,2021-06-09,06,quantile,0.1,14.00294
2021-05-24,17 day ahead inc hosp,2021-06-10,06,quantile,0.1,10.90158
2021-05-24,18 day ahead inc hosp,2021-06-11,06,quantile,0.1,7.90233
2021-05-24,19 day ahead inc hosp,2021-06-12,06,quantile,0.1,5.00268
2021-05-24,20 day ahead inc hosp,2021-06-13,06,quantile,0.1,2.20014
2021-05-24,21 day ahead inc hosp,2021-06-14,06,quantile,0.1,0
2021-05-24,22 day ahead inc hosp,2021-06-15,06,quantile,0.1,0
2021-05-24,23 day ahead inc hosp,2021-06-16,06,quantile,0.1,0
2021-05-24,24 day ahead inc hosp,2021-06-17,06,quantile,0.1,0
2021-05-24,25 day ahead inc hosp,2021-06-18,06,quantile,0.1,0
2021-05-24,26 day ahead inc hosp,2021-06-19,06,quantile,0.1,0
2021-05-24,27 day ahead inc hosp,2021-06-20,06,quantile,0.1,0
2021-05-24,28 day ahead inc hosp,2021-06-21,06,quantile,0.1,0
2021-05-24,1 day ahead inc hosp,2021-05-25,06,quantile,0.15,87.23349
2021-05-24,2 day ahead inc hosp,2021-05-26,06,quantile,0.15,82.38718
2021-05-24,3 day ahead inc hosp,2021-05-27,06,quantile,0.15,77.64097
2021-05-24,4 day ahead inc hosp,2021-05-28,06,quantile,0.15,73.00767
2021-05-24,5 day ahead inc hosp,2021-05-29,06,quantile,0.15,68.49436
2021-05-24,6 day ahead inc hosp,2021-05-30,06,quantile,0.15,64.10448
2021-05-24,7 day ahead inc hosp,2021-05-31,06,quantile,0.15,59.83926
2021-05-24,8 day ahead inc hosp,2021-06-01,06,quantile,0.15,55.69845
2021-05-24,9 day ahead inc hosp,2021-06-02,06,quantile,0.15,51.68093
2021-05-24,10 day ahead inc hosp,2021-06-03,06,quantile,0.15,47.78501
2021-05-24,11 day ahead inc hosp,2021-06-04,06,quantile,0.15,44.00866
2021-05-24,12 day ahead inc hosp,2021-06-05,06,quantile,0.15,40.34962
2021-05-24,13 day ahead inc hosp,2021-06-06,06,quantile,0.15,36.8055
2021-05-24,14 day ahead inc hosp,2021-06-07,06,quantile,0.15,33.37384
2021-05-24,15 day ahead inc hosp,2021-06-08,06,quantile,0.15,30.05214
2021-05-24,16 day ahead inc hosp,2021-06-09,06,quantile,0.15,26.83787
2021-05-24,17 day ahead inc hosp,2021-06-10,06,quantile,0.15,23.7285
2021-05-24,18 day ahead inc hosp,2021-06-11,06,quantile,0.15,20.7215
2021-05-24,19 day ahead inc hosp,2021-06-12,06,quantile,0.15,17.81436
2021-05-24,20 day ahead inc hosp,2021-06-13,06,quantile,0.15,15.00459
2021-05-24,21 day ahead inc hosp,2021-06-14,06,quantile,0.15,12.28971
2021-05-24,22 day ahead inc hosp,2021-06-15,06,quantile,0.15,9.66728
2021-05-24,23 day ahead inc hosp,2021-06-16,06,quantile,0.15,7.13488
2021-05-24,24 day ahead inc hosp,2021-06-17,06,quantile,0.15,4.69012
2021-05-24,25 day ahead inc hosp,2021-06-18,06,quantile,0.15,2.33064
2021-05-24,26 day ahead inc hosp,2021-06-19,06,quantile,0.15,0.05411
2021-05-24,27 day ahead inc hosp,2021-06-20,06,quantile,0.15,0
2021-05-24,28 day ahead inc hosp,2021-06-21,06,quantile,0.15,0
2021-05-24,1 day ahead inc hosp,2021-05-25,06,quantile,0.2,97.5585
2021-05-24,2 day ahead inc hosp,2021-05-26,06,quantile,0.2,92.70221
2021-05-24,3 day ahead inc hosp,2021-05-27,06,quantile,0.2,87.94622
2021-05-24,4 day ahead inc hosp,2021-05-28,06,quantile,0.2,83.30338
2021-05-24,5 day ahead inc hosp,2021-05-29,06,quantile,0.2,78.78077
2021-05-24,6 day ahead inc hosp,2021-05-30,06,quantile,0.2,74.38186
2021-05-24,7 day ahead inc hosp,2021-05-31,06,quantile,0.2,70.10785
2021-05-24,8 day ahead inc hosp,2021-06-01,06,quantile,0.2,65.95852
2021-05-24,9 day ahead inc hosp,2021-06-02,06,quantile,0.2,61.93274
2021-05-24,10 day ahead inc hosp,2021-06-03,06,quantile,0.2,58.02881
2021-05-24,11 day ahead inc hosp,2021-06-04,06,quantile,0.2,54.2447
2021-05-24,12 day ahead inc hosp,2021-06-05,06,quantile,0.2,50.57814
2021-05-24,13 day ahead inc hosp,2021-06-06,06,quantile,0.2,47.02675
2021-05-24,14 day ahead inc hosp,2021-06-07,06,quantile,0.2,43.58805
2021-05-24,15 day ahead inc hosp,2021-06-08,06,quantile,0.2,40.25953
2021-05-24,16 day ahead inc hosp,2021-06-09,06,quantile,0.2,37.03867
2021-05-24,17 day ahead inc hosp,2021-06-10,06,quantile,0.2,33.92293
2021-05-24,18 day ahead inc hosp,2021-06-11,06,quantile,0.2,30.90977
2021-05-24,19 day ahead inc hosp,2021-06-12,06,quantile,0.2,27.99667
2021-05-24,20 day ahead inc hosp,2021-06-13,06,quantile,0.2,25.18115
2021-05-24,21 day ahead inc hosp,2021-06-14,06,quantile,0.2,22.46073
2021-05-24,22 day ahead inc hosp,2021-06-15,06,quantile,0.2,19.83294
2021-05-24,23 day ahead inc hosp,2021-06-16,06,quantile,0.2,17.29537
2021-05-24,24 day ahead inc hosp,2021-06-17,06,quantile,0.2,14.84562
2021-05-24,25 day ahead inc hosp,2021-06-18,06,quantile,0.2,12.48132
2021-05-24,26 day ahead inc hosp,2021-06-19,06,quantile,0.2,10.20014
2021-05-24,27 day ahead inc hosp,2021-06-20,06,quantile,0.2,7.99979
2021-05-24,28 day ahead inc hosp,2021-06-21,06,quantile,0.2,5.87798
2021-05-24,1 day ahead inc hosp,2021-05-25,06,quantile,0.25,106.41645
2021-05-24,2 day ahead inc hosp,2021-05-26,06,quantile,0.25,101.55158
2021-05-24,3 day ahead inc hosp,2021-05-27,06,quantile,0.25,96.78721
2021-05-24,4 day ahead inc hosp,2021-05-28,06,quantile,0.25,92.13618
2021-05-24,5 day ahead inc hosp,2021-05-29,06,quantile,0.25,87.60559
2021-05-24,6 day ahead inc hosp,2021-05-30,06,quantile,0.25,83.19893
2021-05-24,7 day ahead inc hosp,2021-05-31,06,quantile,0.25,78.91739
2021-05-24,8 day ahead inc hosp,2021-06-01,06,quantile,0.25,74.76075
2021-05-24,9 day ahead inc hosp,2021-06-02,06,quantile,0.25,70.72788
2021-05-24,10 day ahead inc hosp,2021-06-03,06,quantile,0.25,66.81708
2021-05-24,11 day ahead inc hosp,2021-06-04,06,quantile,0.25,63.02631
2021-05-24,12 day ahead inc hosp,2021-06-05,06,quantile,0.25,59.3533
2021-05-24,13 day ahead inc hosp,2021-06-06,06,quantile,0.25,55.79567
2021-05-24,14 day ahead inc hosp,2021-06-07,06,quantile,0.25,52.35093
2021-05-24,15 day ahead inc hosp,2021-06-08,06,quantile,0.25,49.01657
2021-05-24,16 day ahead inc hosp,2021-06-09,06,quantile,0.25,45.79005
2021-05-24,17 day ahead inc hosp,2021-06-10,06,quantile,0.25,42.66884
2021-05-24,18 day ahead inc hosp,2021-06-11,06,quantile,0.25,39.65039
2021-05-24,19 day ahead inc hosp,2021-06-12,06,quantile,0.25,36.7322
2021-05-24,20 day ahead inc hosp,2021-06-13,06,quantile,0.25,33.91174
2021-05-24,21 day ahead inc hosp,2021-06-14,06,quantile,0.25,31.18655
2021-05-24,22 day ahead inc hosp,2021-06-15,06,quantile,0.25,28.55417
2021-05-24,23 day ahead inc hosp,2021-06-16,06,quantile,0.25,26.01216
2021-05-24,24 day ahead inc hosp,2021-06-17,06,quantile,0.25,23.55812
2021-05-24,25 day ahead inc hosp,2021-06-18,06,quantile,0.25,21.18969
2021-05-24,26 day ahead inc hosp,2021-06-19,06,quantile,0.25,18.90454
2021-05-24,27 day ahead inc hosp,2021-06-20,06,quantile,0.25,16.70034
2021-05-24,28 day ahead inc hosp,2021-06-21,06,quantile,0.25,14.57484
2021-05-24,1 day ahead inc hosp,2021-05-25,06,quantile,0.3,114.37115
2021-05-24,2 day ahead inc hosp,2021-05-26,06,quantile,0.3,109.4986
2021-05-24,3 day ahead inc hosp,2021-05-27,06,quantile,0.3,104.72669
2021-05-24,4 day ahead inc hosp,2021-05-28,06,quantile,0.3,100.06831
2021-05-24,5 day ahead inc hosp,2021-05-29,06,quantile,0.3,95.53056
2021-05-24,6 day ahead inc hosp,2021-05-30,06,quantile,0.3,91.11693
2021-05-24,7 day ahead inc hosp,2021-05-31,06,quantile,0.3,86.82863
2021-05-24,8 day ahead inc hosp,2021-06-01,06,quantile,0.3,82.66542
2021-05-24,9 day ahead inc hosp,2021-06-02,06,quantile,0.3,78.62618
2021-05-24,10 day ahead inc hosp,2021-06-03,06,quantile,0.3,74.70921
2021-05-24,11 day ahead inc hosp,2021-06-04,06,quantile,0.3,70.91246
2021-05-24,12 day ahead inc hosp,2021-06-05,06,quantile,0.3,67.23367
2021-05-24,13 day ahead inc hosp,2021-06-06,06,quantile,0.3,63.67043
2021-05-24,14 day ahead inc hosp,2021-06-07,06,quantile,0.3,60.22026
2021-05-24,15 day ahead inc hosp,2021-06-08,06,quantile,0.3,56.88065
2021-05-24,16 day ahead inc hosp,2021-06-09,06,quantile,0.3,53.64906
2021-05-24,17 day ahead inc hosp,2021-06-10,06,quantile,0.3,50.52293
2021-05-24,18 day ahead inc hosp,2021-06-11,06,quantile,0.3,47.49975
2021-05-24,19 day ahead inc hosp,2021-06-12,06,quantile,0.3,44.57696
2021-05-24,20 day ahead inc hosp,2021-06-13,06,quantile,0.3,41.75208
2021-05-24,21 day ahead inc hosp,2021-06-14,06,quantile,0.3,39.02261
2021-05-24,22 day ahead inc hosp,2021-06-15,06,quantile,0.3,36.3861
2021-05-24,23 day ahead inc hosp,2021-06-16,06,quantile,0.3,33.8401
2021-05-24,24 day ahead inc hosp,2021-06-17,06,quantile,0.3,31.38222
2021-05-24,25 day ahead inc hosp,2021-06-18,06,quantile,0.3,29.01009
2021-05-24,26 day ahead inc hosp,2021-06-19,06,quantile,0.3,26.72135
2021-05-24,27 day ahead inc hosp,2021-06-20,06,quantile,0.3,24.51371
2021-05-24,28 day ahead inc hosp,2021-06-21,06,quantile,0.3,22.38488
2021-05-24,1 day ahead inc hosp,2021-05-25,06,quantile,0.35,121.74238
2021-05-24,2 day ahead inc hosp,2021-05-26,06,quantile,0.35,116.86269
2021-05-24,3 day ahead inc hosp,2021-05-27,06,quantile,0.35,112.0838
2021-05-24,4 day ahead inc hosp,2021-05-28,06,quantile,0.35,107.4186
2021-05-24,5 day ahead inc hosp,2021-05-29,06,quantile,0.35,102.87422
2021-05-24,6 day ahead inc hosp,2021-05-30,06,quantile,0.35,98.45414
2021-05-24,7 day ahead inc hosp,2021-05-31,06,quantile,0.35,94.15957
2021-05-24,8 day ahead inc hosp,2021-06-01,06,quantile,0.35,89.99028
2021-05-24,9 day ahead inc hosp,2021-06-02,06,quantile,0.35,85.94514
2021-05-24,10 day ahead inc hosp,2021-06-03,06,quantile,0.35,82.02245
2021-05-24,11 day ahead inc hosp,2021-06-04,06,quantile,0.35,78.22016
2021-05-24,12 day ahead inc hosp,2021-06-05,06,quantile,0.35,74.536
2021-05-24,13 day ahead inc hosp,2021-06-06,06,quantile,0.35,70.96756
2021-05-24,14 day ahead inc hosp,2021-06-07,06,quantile,0.35,67.51237
2021-05-24,15 day ahead inc hosp,2021-06-08,06,quantile,0.35,64.1679
2021-05-24,16 day ahead inc hosp,2021-06-09,06,quantile,0.35,60.9316
2021-05-24,17 day ahead inc hosp,2021-06-10,06,quantile,0.35,57.80093
2021-05-24,18 day ahead inc hosp,2021-06-11,06,quantile,0.35,54.77334
2021-05-24,19 day ahead inc hosp,2021-06-12,06,quantile,0.35,51.84631
2021-05-24,20 day ahead inc hosp,2021-06-13,06,quantile,0.35,49.01732
2021-05-24,21 day ahead inc hosp,2021-06-14,06,quantile,0.35,46.28389
2021-05-24,22 day ahead inc hosp,2021-06-15,06,quantile,0.35,43.64355
2021-05-24,23 day ahead inc hosp,2021-06-16,06,quantile,0.35,41.09386
2021-05-24,24 day ahead inc hosp,2021-06-17,06,quantile,0.35,38.63242
2021-05-24,25 day ahead inc hosp,2021-06-18,06,quantile,0.35,36.25685
2021-05-24,26 day ahead inc hosp,2021-06-19,06,quantile,0.35,33.96479
2021-05-24,27 day ahead inc hosp,2021-06-20,06,quantile,0.35,31.75396
2021-05-24,28 day ahead inc hosp,2021-06-21,06,quantile,0.35,29.62205
2021-05-24,1 day ahead inc hosp,2021-05-25,06,quantile,0.4,128.73695
2021-05-24,2 day ahead inc hosp,2021-05-26,06,quantile,0.4,123.8505
2021-05-24,3 day ahead inc hosp,2021-05-27,06,quantile,0.4,119.06498
2021-05-24,4 day ahead inc hosp,2021-05-28,06,quantile,0.4,114.39332
2021-05-24,5 day ahead inc hosp,2021-05-29,06,quantile,0.4,109.84264
2021-05-24,6 day ahead inc hosp,2021-05-30,06,quantile,0.4,105.41643
2021-05-24,7 day ahead inc hosp,2021-05-31,06,quantile,0.4,101.11592
2021-05-24,8 day ahead inc hosp,2021-06-01,06,quantile,0.4,96.94086
2021-05-24,9 day ahead inc hosp,2021-06-02,06,quantile,0.4,92.89012
2021-05-24,10 day ahead inc hosp,2021-06-03,06,quantile,0.4,88.96201
2021-05-24,11 day ahead inc hosp,2021-06-04,06,quantile,0.4,85.15446
2021-05-24,12 day ahead inc hosp,2021-06-05,06,quantile,0.4,81.4652
2021-05-24,13 day ahead inc hosp,2021-06-06,06,quantile,0.4,77.89184
2021-05-24,14 day ahead inc hosp,2021-06-07,06,quantile,0.4,74.43187
2021-05-24,15 day ahead inc hosp,2021-06-08,06,quantile,0.4,71.08278
2021-05-24,16 day ahead inc hosp,2021-06-09,06,quantile,0.4,67.84202
2021-05-24,17 day ahead inc hosp,2021-06-10,06,quantile,0.4,64.70703
2021-05-24,18 day ahead inc hosp,2021-06-11,06,quantile,0.4,61.67527
2021-05-24,19 day ahead inc hosp,2021-06-12,06,quantile,0.4,58.74421
2021-05-24,20 day ahead inc hosp,2021-06-13,06,quantile,0.4,55.91133
2021-05-24,21 day ahead inc hosp,2021-06-14,06,quantile,0.4,53.17414
2021-05-24,22 day ahead inc hosp,2021-06-15,06,quantile,0.4,50.53016
2021-05-24,23 day ahead inc hosp,2021-06-16,06,quantile,0.4,47.97697
2021-05-24,24 day ahead inc hosp,2021-06-17,06,quantile,0.4,45.51215
2021-05-24,25 day ahead inc hosp,2021-06-18,06,quantile,0.4,43.13331
2021-05-24,26 day ahead inc hosp,2021-06-19,06,quantile,0.4,40.83811
2021-05-24,27 day ahead inc hosp,2021-06-20,06,quantile,0.4,38.62424
2021-05-24,28 day ahead inc hosp,2021-06-21,06,quantile,0.4,36.48942
2021-05-24,1 day ahead inc hosp,2021-05-25,06,quantile,0.45,135.50427
2021-05-24,2 day ahead inc hosp,2021-05-26,06,quantile,0.45,130.61128
2021-05-24,3 day ahead inc hosp,2021-05-27,06,quantile,0.45,125.81935
2021-05-24,4 day ahead inc hosp,2021-05-28,06,quantile,0.45,121.14143
2021-05-24,5 day ahead inc hosp,2021-05-29,06,quantile,0.45,116.58466
2021-05-24,6 day ahead inc hosp,2021-05-30,06,quantile,0.45,112.15253
2021-05-24,7 day ahead inc hosp,2021-05-31,06,quantile,0.45,107.84626
2021-05-24,8 day ahead inc hosp,2021-06-01,06,quantile,0.45,103.66562
2021-05-24,9 day ahead inc hosp,2021-06-02,06,quantile,0.45,99.60947
2021-05-24,10 day ahead inc hosp,2021-06-03,06,quantile,0.45,95.6761
2021-05-24,11 day ahead inc hosp,2021-06-04,06,quantile,0.45,91.86347
2021-05-24,12 day ahead inc hosp,2021-06-05,06,quantile,0.45,88.16929
2021-05-24,13 day ahead inc hosp,2021-06-06,06,quantile,0.45,84.59115
2021-05-24,14 day ahead inc hosp,2021-06-07,06,quantile,0.45,81.12657
2021-05-24,15 day ahead inc hosp,2021-06-08,06,quantile,0.45,77.77301
2021-05-24,16 day ahead inc hosp,2021-06-09,06,quantile,0.45,74.52793
2021-05-24,17 day ahead inc hosp,2021-06-10,06,quantile,0.45,71.38877
2021-05-24,18 day ahead inc hosp,2021-06-11,06,quantile,0.45,68.35297
2021-05-24,19 day ahead inc hosp,2021-06-12,06,quantile,0.45,65.41801
2021-05-24,20 day ahead inc hosp,2021-06-13,06,quantile,0.45,62.58136
2021-05-24,21 day ahead inc hosp,2021-06-14,06,quantile,0.45,59.84053
2021-05-24,22 day ahead inc hosp,2021-06-15,06,quantile,0.45,57.19304
2021-05-24,23 day ahead inc hosp,2021-06-16,06,quantile,0.45,54.63646
2021-05-24,24 day ahead inc hosp,2021-06-17,06,quantile,0.45,52.16836
2021-05-24,25 day ahead inc hosp,2021-06-18,06,quantile,0.45,49.78637
2021-05-24,26 day ahead inc hosp,2021-06-19,06,quantile,0.45,47.48813
2021-05-24,27 day ahead inc hosp,2021-06-20,06,quantile,0.45,45.27133
2021-05-24,28 day ahead inc hosp,2021-06-21,06,quantile,0.45,43.13368
2021-05-24,1 day ahead inc hosp,2021-05-25,06,quantile,0.5,142.1643
2021-05-24,2 day ahead inc hosp,2021-05-26,06,quantile,0.5,137.26487
2021-05-24,3 day ahead inc hosp,2021-05-27,06,quantile,0.5,132.46664
2021-05-24,4 day ahead inc hosp,2021-05-28,06,quantile,0.5,127.78256
2021-05-24,5 day ahead inc hosp,2021-05-29,06,quantile,0.5,123.21979
2021-05-24,6 day ahead inc hosp,2021-05-30,06,quantile,0.5,118.78183
2021-05-24,7 day ahead inc hosp,2021-05-31,06,quantile,0.5,114.4699
2021-05-24,8 day ahead inc hosp,2021-06-01,06,quantile,0.5,110.28376
2021-05-24,9 day ahead inc hosp,2021-06-02,06,quantile,0.5,106.22228
2021-05-24,10 day ahead inc hosp,2021-06-03,06,quantile,0.5,102.28375
2021-05-24,11 day ahead inc hosp,2021-06-04,06,quantile,0.5,98.46611
2021-05-24,12 day ahead inc hosp,2021-06-05,06,quantile,0.5,94.767080000000007
2021-05-24,13 day ahead inc hosp,2021-06-06,06,quantile,0.5,91.18425
2021-05-24,14 day ahead inc hosp,2021-06-07,06,quantile,0.5,87.71512
2021-05-24,15 day ahead inc hosp,2021-06-08,06,quantile,0.5,84.35717
2021-05-24,16 day ahead inc hosp,2021-06-09,06,quantile,0.5,81.10784
2021-05-24,17 day ahead inc hosp,2021-06-10,06,quantile,0.5,77.96456
2021-05-24,18 day ahead inc hosp,2021-06-11,06,quantile,0.5,74.9248
2021-05-24,19 day ahead inc hosp,2021-06-12,06,quantile,0.5,71.98599
2021-05-24,20 day ahead inc hosp,2021-06-13,06,quantile,0.5,69.14564
2021-05-24,21 day ahead inc hosp,2021-06-14,06,quantile,0.5,66.40122
2021-05-24,22 day ahead inc hosp,2021-06-15,06,quantile,0.5,63.75028
2021-05-24,23 day ahead inc hosp,2021-06-16,06,quantile,0.5,61.19036
2021-05-24,24 day ahead inc hosp,2021-06-17,06,quantile,0.5,58.71905
2021-05-24,25 day ahead inc hosp,2021-06-18,06,quantile,0.5,56.33395
2021-05-24,26 day ahead inc hosp,2021-06-19,06,quantile,0.5,54.03272
2021-05-24,27 day ahead inc hosp,2021-06-20,06,quantile,0.5,51.81302
2021-05-24,28 day ahead inc hosp,2021-06-21,06,quantile,0.5,49.67259
2021-05-24,1 day ahead inc hosp,2021-05-25,06,quantile,0.55,148.82434
2021-05-24,2 day ahead inc hosp,2021-05-26,06,quantile,0.55,143.91846
2021-05-24,3 day ahead inc hosp,2021-05-27,06,quantile,0.55,139.11392
2021-05-24,4 day ahead inc hosp,2021-05-28,06,quantile,0.55,134.42369
2021-05-24,5 day ahead inc hosp,2021-05-29,06,quantile,0.55,129.85492
2021-05-24,6 day ahead inc hosp,2021-05-30,06,quantile,0.55,125.41114
2021-05-24,7 day ahead inc hosp,2021-05-31,06,quantile,0.55,121.09354
2021-05-24,8 day ahead inc hosp,2021-06-01,06,quantile,0.55,116.9019
2021-05-24,9 day ahead inc hosp,2021-06-02,06,quantile,0.55,112.83509
2021-05-24,10 day ahead inc hosp,2021-06-03,06,quantile,0.55,108.89139
2021-05-24,11 day ahead inc hosp,2021-06-04,06,quantile,0.55,105.06875
2021-05-24,12 day ahead inc hosp,2021-06-05,06,quantile,0.55,101.36487
2021-05-24,13 day ahead inc hosp,2021-06-06,06,quantile,0.55,97.77734
2021-05-24,14 day ahead inc hosp,2021-06-07,06,quantile,0.55,94.30368
2021-05-24,15 day ahead inc hosp,2021-06-08,06,quantile,0.55,90.94133
2021-05-24,16 day ahead inc hosp,2021-06-09,06,quantile,0.55,87.68775
2021-05-24,17 day ahead inc hosp,2021-06-10,06,quantile,0.55,84.54036
2021-05-24,18 day ahead inc hosp,2021-06-11,06,quantile,0.55,81.49662
2021-05-24,19 day ahead inc hosp,2021-06-12,06,quantile,0.55,78.55398
2021-05-24,20 day ahead inc hosp,2021-06-13,06,quantile,0.55,75.70991
2021-05-24,21 day ahead inc hosp,2021-06-14,06,quantile,0.55,72.96192
2021-05-24,22 day ahead inc hosp,2021-06-15,06,quantile,0.55,70.30752
2021-05-24,23 day ahead inc hosp,2021-06-16,06,quantile,0.55,67.74426
2021-05-24,24 day ahead inc hosp,2021-06-17,06,quantile,0.55,65.26973
2021-05-24,25 day ahead inc hosp,2021-06-18,06,quantile,0.55,62.88153
2021-05-24,26 day ahead inc hosp,2021-06-19,06,quantile,0.55,60.5773
2021-05-24,27 day ahead inc hosp,2021-06-20,06,quantile,0.55,58.35472
2021-05-24,28 day ahead inc hosp,2021-06-21,06,quantile,0.55,56.2115
2021-05-24,1 day ahead inc hosp,2021-05-25,06,quantile,0.6,155.59166
2021-05-24,2 day ahead inc hosp,2021-05-26,06,quantile,0.6,150.67924
2021-05-24,3 day ahead inc hosp,2021-05-27,06,quantile,0.6,145.8683
2021-05-24,4 day ahead inc hosp,2021-05-28,06,quantile,0.6,141.17181
2021-05-24,5 day ahead inc hosp,2021-05-29,06,quantile,0.6,136.59695
2021-05-24,6 day ahead inc hosp,2021-05-30,06,quantile,0.6,132.14724
2021-05-24,7 day ahead inc hosp,2021-05-31,06,quantile,0.6,127.82389
2021-05-24,8 day ahead inc hosp,2021-06-01,06,quantile,0.6,123.62667
2021-05-24,9 day ahead inc hosp,2021-06-02,06,quantile,0.6,119.55444
2021-05-24,10 day ahead inc hosp,2021-06-03,06,quantile,0.6,115.60549
2021-05-24,11 day ahead inc hosp,2021-06-04,06,quantile,0.6,111.77776
2021-05-24,12 day ahead inc hosp,2021-06-05,06,quantile,0.6,108.06895
2021-05-24,13 day ahead inc hosp,2021-06-06,06,quantile,0.6,104.47666
2021-05-24,14 day ahead inc hosp,2021-06-07,06,quantile,0.6,100.99837
2021-05-24,15 day ahead inc hosp,2021-06-08,06,quantile,0.6,97.63156
2021-05-24,16 day ahead inc hosp,2021-06-09,06,quantile,0.6,94.37366
2021-05-24,17 day ahead inc hosp,2021-06-10,06,quantile,0.6,91.2221
2021-05-24,18 day ahead inc hosp,2021-06-11,06,quantile,0.6,88.17432
2021-05-24,19 day ahead inc hosp,2021-06-12,06,quantile,0.6,85.22778
2021-05-24,20 day ahead inc hosp,2021-06-13,06,quantile,0.6,82.37994
2021-05-24,21 day ahead inc hosp,2021-06-14,06,quantile,0.6,79.62831
2021-05-24,22 day ahead inc hosp,2021-06-15,06,quantile,0.6,76.9704
2021-05-24,23 day ahead inc hosp,2021-06-16,06,quantile,0.6,74.40375
2021-05-24,24 day ahead inc hosp,2021-06-17,06,quantile,0.6,71.92594
2021-05-24,25 day ahead inc hosp,2021-06-18,06,quantile,0.6,69.53459
2021-05-24,26 day ahead inc hosp,2021-06-19,06,quantile,0.6,67.22732
2021-05-24,27 day ahead inc hosp,2021-06-20,06,quantile,0.6,65.0018
2021-05-24,28 day ahead inc hosp,2021-06-21,06,quantile,0.6,62.85576
2021-05-24,1 day ahead inc hosp,2021-05-25,06,quantile,0.65,162.58623
2021-05-24,2 day ahead inc hosp,2021-05-26,06,quantile,0.65,157.66705
2021-05-24,3 day ahead inc hosp,2021-05-27,06,quantile,0.65,152.84948
2021-05-24,4 day ahead inc hosp,2021-05-28,06,quantile,0.65,148.14652
2021-05-24,5 day ahead inc hosp,2021-05-29,06,quantile,0.65,143.56536
2021-05-24,6 day ahead inc hosp,2021-05-30,06,quantile,0.65,139.10953
2021-05-24,7 day ahead inc hosp,2021-05-31,06,quantile,0.65,134.78023
2021-05-24,8 day ahead inc hosp,2021-06-01,06,quantile,0.65,130.57724
2021-05-24,9 day ahead inc hosp,2021-06-02,06,quantile,0.65,126.49941
2021-05-24,10 day ahead inc hosp,2021-06-03,06,quantile,0.65,122.54504
2021-05-24,11 day ahead inc hosp,2021-06-04,06,quantile,0.65,118.71205
2021-05-24,12 day ahead inc hosp,2021-06-05,06,quantile,0.65,114.99815
2021-05-24,13 day ahead inc hosp,2021-06-06,06,quantile,0.65,111.40093
2021-05-24,14 day ahead inc hosp,2021-06-07,06,quantile,0.65,107.91788
2021-05-24,15 day ahead inc hosp,2021-06-08,06,quantile,0.65,104.54645
2021-05-24,16 day ahead inc hosp,2021-06-09,06,quantile,0.65,101.28408
2021-05-24,17 day ahead inc hosp,2021-06-10,06,quantile,0.65,98.1282
2021-05-24,18 day ahead inc hosp,2021-06-11,06,quantile,0.65,95.07625
2021-05-24,19 day ahead inc hosp,2021-06-12,06,quantile,0.65,92.12568
2021-05-24,20 day ahead inc hosp,2021-06-13,06,quantile,0.65,89.27395
2021-05-24,21 day ahead inc hosp,2021-06-14,06,quantile,0.65,86.51855
2021-05-24,22 day ahead inc hosp,2021-06-15,06,quantile,0.65,83.85701
2021-05-24,23 day ahead inc hosp,2021-06-16,06,quantile,0.65,81.28686
2021-05-24,24 day ahead inc hosp,2021-06-17,06,quantile,0.65,78.80567
2021-05-24,25 day ahead inc hosp,2021-06-18,06,quantile,0.65,76.41105
2021-05-24,26 day ahead inc hosp,2021-06-19,06,quantile,0.65,74.10064
2021-05-24,27 day ahead inc hosp,2021-06-20,06,quantile,0.65,71.87209
2021-05-24,28 day ahead inc hosp,2021-06-21,06,quantile,0.65,69.72313
2021-05-24,1 day ahead inc hosp,2021-05-25,06,quantile,0.7,169.95746
2021-05-24,2 day ahead inc hosp,2021-05-26,06,quantile,0.7,165.03114
2021-05-24,3 day ahead inc hosp,2021-05-27,06,quantile,0.7,160.20659
2021-05-24,4 day ahead inc hosp,2021-05-28,06,quantile,0.7,155.49682
2021-05-24,5 day ahead inc hosp,2021-05-29,06,quantile,0.7,150.90903
2021-05-24,6 day ahead inc hosp,2021-05-30,06,quantile,0.7,146.44674
2021-05-24,7 day ahead inc hosp,2021-05-31,06,quantile,0.7,142.11117
2021-05-24,8 day ahead inc hosp,2021-06-01,06,quantile,0.7,137.9021
2021-05-24,9 day ahead inc hosp,2021-06-02,06,quantile,0.7,133.81837
2021-05-24,10 day ahead inc hosp,2021-06-03,06,quantile,0.7,129.85828
2021-05-24,11 day ahead inc hosp,2021-06-04,06,quantile,0.7,126.01975
2021-05-24,12 day ahead inc hosp,2021-06-05,06,quantile,0.7,122.30049
2021-05-24,13 day ahead inc hosp,2021-06-06,06,quantile,0.7,118.69807
2021-05-24,14 day ahead inc hosp,2021-06-07,06,quantile,0.7,115.20999
2021-05-24,15 day ahead inc hosp,2021-06-08,06,quantile,0.7,111.83369
2021-05-24,16 day ahead inc hosp,2021-06-09,06,quantile,0.7,108.56662
2021-05-24,17 day ahead inc hosp,2021-06-10,06,quantile,0.7,105.40619
2021-05-24,18 day ahead inc hosp,2021-06-11,06,quantile,0.7,102.34985
2021-05-24,19 day ahead inc hosp,2021-06-12,06,quantile,0.7,99.39502
2021-05-24,20 day ahead inc hosp,2021-06-13,06,quantile,0.7,96.53919
2021-05-24,21 day ahead inc hosp,2021-06-14,06,quantile,0.7,93.77983
2021-05-24,22 day ahead inc hosp,2021-06-15,06,quantile,0.7,91.11446
2021-05-24,23 day ahead inc hosp,2021-06-16,06,quantile,0.7,88.54062
2021-05-24,24 day ahead inc hosp,2021-06-17,06,quantile,0.7,86.05587
2021-05-24,25 day ahead inc hosp,2021-06-18,06,quantile,0.7,83.65781
2021-05-24,26 day ahead inc hosp,2021-06-19,06,quantile,0.7,81.34408
2021-05-24,27 day ahead inc hosp,2021-06-20,06,quantile,0.7,79.11234
2021-05-24,28 day ahead inc hosp,2021-06-21,06,quantile,0.7,76.9603
2021-05-24,1 day ahead inc hosp,2021-05-25,06,quantile,0.75,177.91216
2021-05-24,2 day ahead inc hosp,2021-05-26,06,quantile,0.75,172.97816
2021-05-24,3 day ahead inc hosp,2021-05-27,06,quantile,0.75,168.14607
2021-05-24,4 day ahead inc hosp,2021-05-28,06,quantile,0.75,163.42894
2021-05-24,5 day ahead inc hosp,2021-05-29,06,quantile,0.75,158.83399
2021-05-24,6 day ahead inc hosp,2021-05-30,06,quantile,0.75,154.36474
2021-05-24,7 day ahead inc hosp,2021-05-31,06,quantile,0.75,150.02241
2021-05-24,8 day ahead inc hosp,2021-06-01,06,quantile,0.75,145.80677
2021-05-24,9 day ahead inc hosp,2021-06-02,06,quantile,0.75,141.71668
2021-05-24,10 day ahead inc hosp,2021-06-03,06,quantile,0.75,137.75042
2021-05-24,11 day ahead inc hosp,2021-06-04,06,quantile,0.75,133.90591
2021-05-24,12 day ahead inc hosp,2021-06-05,06,quantile,0.75,130.18085
2021-05-24,13 day ahead inc hosp,2021-06-06,06,quantile,0.75,126.57283
2021-05-24,14 day ahead inc hosp,2021-06-07,06,quantile,0.75,123.07932
2021-05-24,15 day ahead inc hosp,2021-06-08,06,quantile,0.75,119.69778
2021-05-24,16 day ahead inc hosp,2021-06-09,06,quantile,0.75,116.42563
2021-05-24,17 day ahead inc hosp,2021-06-10,06,quantile,0.75,113.26029
2021-05-24,18 day ahead inc hosp,2021-06-11,06,quantile,0.75,110.1992
2021-05-24,19 day ahead inc hosp,2021-06-12,06,quantile,0.75,107.23979
2021-05-24,20 day ahead inc hosp,2021-06-13,06,quantile,0.75,104.37953
2021-05-24,21 day ahead inc hosp,2021-06-14,06,quantile,0.75,101.61589
2021-05-24,22 day ahead inc hosp,2021-06-15,06,quantile,0.75,98.94639
2021-05-24,23 day ahead inc hosp,2021-06-16,06,quantile,0.75,96.36856
2021-05-24,24 day ahead inc hosp,2021-06-17,06,quantile,0.75,93.87997
2021-05-24,25 day ahead inc hosp,2021-06-18,06,quantile,0.75,91.4782
2021-05-24,26 day ahead inc hosp,2021-06-19,06,quantile,0.75,89.16089
2021-05-24,27 day ahead inc hosp,2021-06-20,06,quantile,0.75,86.92571
2021-05-24,28 day ahead inc hosp,2021-06-21,06,quantile,0.75,84.77034
2021-05-24,1 day ahead inc hosp,2021-05-25,06,quantile,0.8,186.77011
2021-05-24,2 day ahead inc hosp,2021-05-26,06,quantile,0.8,181.82753
2021-05-24,3 day ahead inc hosp,2021-05-27,06,quantile,0.8,176.98706
2021-05-24,4 day ahead inc hosp,2021-05-28,06,quantile,0.8,172.26174
2021-05-24,5 day ahead inc hosp,2021-05-29,06,quantile,0.8,167.65882
2021-05-24,6 day ahead inc hosp,2021-05-30,06,quantile,0.8,163.18181
2021-05-24,7 day ahead inc hosp,2021-05-31,06,quantile,0.8,158.83195
2021-05-24,8 day ahead inc hosp,2021-06-01,06,quantile,0.8,154.609
2021-05-24,9 day ahead inc hosp,2021-06-02,06,quantile,0.8,150.51182
2021-05-24,10 day ahead inc hosp,2021-06-03,06,quantile,0.8,146.53869
2021-05-24,11 day ahead inc hosp,2021-06-04,06,quantile,0.8,142.68752
2021-05-24,12 day ahead inc hosp,2021-06-05,06,quantile,0.8,138.95602
2021-05-24,13 day ahead inc hosp,2021-06-06,06,quantile,0.8,135.34175
2021-05-24,14 day ahead inc hosp,2021-06-07,06,quantile,0.8,131.8422
2021-05-24,15 day ahead inc hosp,2021-06-08,06,quantile,0.8,128.45481
2021-05-24,16 day ahead inc hosp,2021-06-09,06,quantile,0.8,125.17701
2021-05-24,17 day ahead inc hosp,2021-06-10,06,quantile,0.8,122.0062
2021-05-24,18 day ahead inc hosp,2021-06-11,06,quantile,0.8,118.93983
2021-05-24,19 day ahead inc hosp,2021-06-12,06,quantile,0.8,115.97531
2021-05-24,20 day ahead inc hosp,2021-06-13,06,quantile,0.8,113.11012
2021-05-24,21 day ahead inc hosp,2021-06-14,06,quantile,0.8,110.34172
2021-05-24,22 day ahead inc hosp,2021-06-15,06,quantile,0.8,107.66762
2021-05-24,23 day ahead inc hosp,2021-06-16,06,quantile,0.8,105.08535
2021-05-24,24 day ahead inc hosp,2021-06-17,06,quantile,0.8,102.59248
2021-05-24,25 day ahead inc hosp,2021-06-18,06,quantile,0.8,100.18658
2021-05-24,26 day ahead inc hosp,2021-06-19,06,quantile,0.8,97.86529
2021-05-24,27 day ahead inc hosp,2021-06-20,06,quantile,0.8,95.62626
2021-05-24,28 day ahead inc hosp,2021-06-21,06,quantile,0.8,93.46719
2021-05-24,1 day ahead inc hosp,2021-05-25,06,quantile,0.85,197.09512
2021-05-24,2 day ahead inc hosp,2021-05-26,06,quantile,0.85,192.14256
2021-05-24,3 day ahead inc hosp,2021-05-27,06,quantile,0.85,187.29231
2021-05-24,4 day ahead inc hosp,2021-05-28,06,quantile,0.85,182.55745
2021-05-24,5 day ahead inc hosp,2021-05-29,06,quantile,0.85,177.94523
2021-05-24,6 day ahead inc hosp,2021-05-30,06,quantile,0.85,173.45918
2021-05-24,7 day ahead inc hosp,2021-05-31,06,quantile,0.85,169.10054
2021-05-24,8 day ahead inc hosp,2021-06-01,06,quantile,0.85,164.86908
2021-05-24,9 day ahead inc hosp,2021-06-02,06,quantile,0.85,160.76363
2021-05-24,10 day ahead inc hosp,2021-06-03,06,quantile,0.85,156.78249
2021-05-24,11 day ahead inc hosp,2021-06-04,06,quantile,0.85,152.92356
2021-05-24,12 day ahead inc hosp,2021-06-05,06,quantile,0.85,149.18454
2021-05-24,13 day ahead inc hosp,2021-06-06,06,quantile,0.85,145.56299
2021-05-24,14 day ahead inc hosp,2021-06-07,06,quantile,0.85,142.0564
2021-05-24,15 day ahead inc hosp,2021-06-08,06,quantile,0.85,138.6622
2021-05-24,16 day ahead inc hosp,2021-06-09,06,quantile,0.85,135.3778
2021-05-24,17 day ahead inc hosp,2021-06-10,06,quantile,0.85,132.20063
2021-05-24,18 day ahead inc hosp,2021-06-11,06,quantile,0.85,129.12809
2021-05-24,19 day ahead inc hosp,2021-06-12,06,quantile,0.85,126.15763
2021-05-24,20 day ahead inc hosp,2021-06-13,06,quantile,0.85,123.28669
2021-05-24,21 day ahead inc hosp,2021-06-14,06,quantile,0.85,120.51274
2021-05-24,22 day ahead inc hosp,2021-06-15,06,quantile,0.85,117.83328
2021-05-24,23 day ahead inc hosp,2021-06-16,06,quantile,0.85,115.24584
2021-05-24,24 day ahead inc hosp,2021-06-17,06,quantile,0.85,112.74797
2021-05-24,25 day ahead inc hosp,2021-06-18,06,quantile,0.85,110.33726
2021-05-24,26 day ahead inc hosp,2021-06-19,06,quantile,0.85,108.01132
2021-05-24,27 day ahead inc hosp,2021-06-20,06,quantile,0.85,105.76782
2021-05-24,28 day ahead inc hosp,2021-06-21,06,quantile,0.85,103.60444
2021-05-24,1 day ahead inc hosp,2021-05-25,06,quantile,0.9,210.08635
2021-05-24,2 day ahead inc hosp,2021-05-26,06,quantile,0.9,205.12123
2021-05-24,3 day ahead inc hosp,2021-05-27,06,quantile,0.9,200.25867
2021-05-24,4 day ahead inc hosp,2021-05-28,06,quantile,0.9,195.5118
2021-05-24,5 day ahead inc hosp,2021-05-29,06,quantile,0.9,190.88788
2021-05-24,6 day ahead inc hosp,2021-05-30,06,quantile,0.9,186.39047
2021-05-24,7 day ahead inc hosp,2021-05-31,06,quantile,0.9,182.02078
2021-05-24,8 day ahead inc hosp,2021-06-01,06,quantile,0.9,177.77859
2021-05-24,9 day ahead inc hosp,2021-06-02,06,quantile,0.9,173.66275
2021-05-24,10 day ahead inc hosp,2021-06-03,06,quantile,0.9,169.67153
2021-05-24,11 day ahead inc hosp,2021-06-04,06,quantile,0.9,165.80283
2021-05-24,12 day ahead inc hosp,2021-06-05,06,quantile,0.9,162.05436
2021-05-24,13 day ahead inc hosp,2021-06-06,06,quantile,0.9,158.42366
2021-05-24,14 day ahead inc hosp,2021-06-07,06,quantile,0.9,154.9082
2021-05-24,15 day ahead inc hosp,2021-06-08,06,quantile,0.9,151.50543
2021-05-24,16 day ahead inc hosp,2021-06-09,06,quantile,0.9,148.21274
2021-05-24,17 day ahead inc hosp,2021-06-10,06,quantile,0.9,145.02755
2021-05-24,18 day ahead inc hosp,2021-06-11,06,quantile,0.9,141.94726
2021-05-24,19 day ahead inc hosp,2021-06-12,06,quantile,0.9,138.96931
2021-05-24,20 day ahead inc hosp,2021-06-13,06,quantile,0.9,136.09113
2021-05-24,21 day ahead inc hosp,2021-06-14,06,quantile,0.9,133.3102
2021-05-24,22 day ahead inc hosp,2021-06-15,06,quantile,0.9,130.62399
2021-05-24,23 day ahead inc hosp,2021-06-16,06,quantile,0.9,128.03004
2021-05-24,24 day ahead inc hosp,2021-06-17,06,quantile,0.9,125.5259
2021-05-24,25 day ahead inc hosp,2021-06-18,06,quantile,0.9,123.10913
2021-05-24,26 day ahead inc hosp,2021-06-19,06,quantile,0.9,120.77735
2021-05-24,27 day ahead inc hosp,2021-06-20,06,quantile,0.9,118.52822
2021-05-24,28 day ahead inc hosp,2021-06-21,06,quantile,0.9,116.35941
2021-05-24,1 day ahead inc hosp,2021-05-25,06,quantile,0.95,229.34131
2021-05-24,2 day ahead inc hosp,2021-05-26,06,quantile,0.95,224.35756
2021-05-24,3 day ahead inc hosp,2021-05-27,06,quantile,0.95,219.47677
2021-05-24,4 day ahead inc hosp,2021-05-28,06,quantile,0.95,214.7121
2021-05-24,5 day ahead inc hosp,2021-05-29,06,quantile,0.95,210.07085
2021-05-24,6 day ahead inc hosp,2021-05-30,06,quantile,0.95,205.55657
2021-05-24,7 day ahead inc hosp,2021-05-31,06,quantile,0.95,201.17051
2021-05-24,8 day ahead inc hosp,2021-06-01,06,quantile,0.95,196.91244
2021-05-24,9 day ahead inc hosp,2021-06-02,06,quantile,0.95,192.78119
2021-05-24,10 day ahead inc hosp,2021-06-03,06,quantile,0.95,188.77503
2021-05-24,11 day ahead inc hosp,2021-06-04,06,quantile,0.95,184.89186
2021-05-24,12 day ahead inc hosp,2021-06-05,06,quantile,0.95,181.12937
2021-05-24,13 day ahead inc hosp,2021-06-06,06,quantile,0.95,177.48509
2021-05-24,14 day ahead inc hosp,2021-06-07,06,quantile,0.95,173.95651
2021-05-24,15 day ahead inc hosp,2021-06-08,06,quantile,0.95,170.54102
2021-05-24,16 day ahead inc hosp,2021-06-09,06,quantile,0.95,167.23605
2021-05-24,17 day ahead inc hosp,2021-06-10,06,quantile,0.95,164.03897
2021-05-24,18 day ahead inc hosp,2021-06-11,06,quantile,0.95,160.9472
2021-05-24,19 day ahead inc hosp,2021-06-12,06,quantile,0.95,157.95815
2021-05-24,20 day ahead inc hosp,2021-06-13,06,quantile,0.95,155.06925
2021-05-24,21 day ahead inc hosp,2021-06-14,06,quantile,0.95,152.27796
2021-05-24,22 day ahead inc hosp,2021-06-15,06,quantile,0.95,149.58176
2021-05-24,23 day ahead inc hosp,2021-06-16,06,quantile,0.95,146.97817
2021-05-24,24 day ahead inc hosp,2021-06-17,06,quantile,0.95,144.46471
2021-05-24,25 day ahead inc hosp,2021-06-18,06,quantile,0.95,142.03896
2021-05-24,26 day ahead inc hosp,2021-06-19,06,quantile,0.95,139.69853
2021-05-24,27 day ahead inc hosp,2021-06-20,06,quantile,0.95,137.44105
2021-05-24,28 day ahead inc hosp,2021-06-21,06,quantile,0.95,135.2642
2021-05-24,1 day ahead inc hosp,2021-05-25,06,quantile,0.975,246.04211
2021-05-24,2 day ahead inc hosp,2021-05-26,06,quantile,0.975,241.04221
2021-05-24,3 day ahead inc hosp,2021-05-27,06,quantile,0.975,236.1456
2021-05-24,4 day ahead inc hosp,2021-05-28,06,quantile,0.975,231.3655
2021-05-24,5 day ahead inc hosp,2021-05-29,06,quantile,0.975,226.70921
2021-05-24,6 day ahead inc hosp,2021-05-30,06,quantile,0.975,222.18031
2021-05-24,7 day ahead inc hosp,2021-05-31,06,quantile,0.975,217.78005
2021-05-24,8 day ahead inc hosp,2021-06-01,06,quantile,0.975,213.5082
2021-05-24,9 day ahead inc hosp,2021-06-02,06,quantile,0.975,209.36358
2021-05-24,10 day ahead inc hosp,2021-06-03,06,quantile,0.975,205.34446
2021-05-24,11 day ahead inc hosp,2021-06-04,06,quantile,0.975,201.44874
2021-05-24,12 day ahead inc hosp,2021-06-05,06,quantile,0.975,197.67409
2021-05-24,13 day ahead inc hosp,2021-06-06,06,quantile,0.975,194.01805
2021-05-24,14 day ahead inc hosp,2021-06-07,06,quantile,0.975,190.47807
2021-05-24,15 day ahead inc hosp,2021-06-08,06,quantile,0.975,187.05157
2021-05-24,16 day ahead inc hosp,2021-06-09,06,quantile,0.975,183.73593
2021-05-24,17 day ahead inc hosp,2021-06-10,06,quantile,0.975,180.52855
2021-05-24,18 day ahead inc hosp,2021-06-11,06,quantile,0.975,177.42681
2021-05-24,19 day ahead inc hosp,2021-06-12,06,quantile,0.975,174.42813
2021-05-24,20 day ahead inc hosp,2021-06-13,06,quantile,0.975,171.52994
2021-05-24,21 day ahead inc hosp,2021-06-14,06,quantile,0.975,168.72967
2021-05-24,22 day ahead inc hosp,2021-06-15,06,quantile,0.975,166.0248
2021-05-24,23 day ahead inc hosp,2021-06-16,06,quantile,0.975,163.41284
2021-05-24,24 day ahead inc hosp,2021-06-17,06,quantile,0.975,160.8913
2021-05-24,25 day ahead inc hosp,2021-06-18,06,quantile,0.975,158.45777
2021-05-24,26 day ahead inc hosp,2021-06-19,06,quantile,0.975,156.10983
2021-05-24,27 day ahead inc hosp,2021-06-20,06,quantile,0.975,153.84511
2021-05-24,28 day ahead inc hosp,2021-06-21,06,quantile,0.975,151.66128
2021-05-24,1 day ahead inc hosp,2021-05-25,06,quantile,0.99,265.4604
2021-05-24,2 day ahead inc hosp,2021-05-26,06,quantile,0.99,260.44173
2021-05-24,3 day ahead inc hosp,2021-05-27,06,quantile,0.99,255.52672
2021-05-24,4 day ahead inc hosp,2021-05-28,06,quantile,0.99,250.72867
2021-05-24,5 day ahead inc hosp,2021-05-29,06,quantile,0.99,246.0549
2021-05-24,6 day ahead inc hosp,2021-05-30,06,quantile,0.99,241.509
2021-05-24,7 day ahead inc hosp,2021-05-31,06,quantile,0.99,237.09223
2021-05-24,8 day ahead inc hosp,2021-06-01,06,quantile,0.99,232.80435
2021-05-24,9 day ahead inc hosp,2021-06-02,06,quantile,0.99,228.64419
2021-05-24,10 day ahead inc hosp,2021-06-03,06,quantile,0.99,224.61001
2021-05-24,11 day ahead inc hosp,2021-06-04,06,quantile,0.99,220.6997
2021-05-24,12 day ahead inc hosp,2021-06-05,06,quantile,0.99,216.91091
2021-05-24,13 day ahead inc hosp,2021-06-06,06,quantile,0.99,213.24118000000001
2021-05-24,14 day ahead inc hosp,2021-06-07,06,quantile,0.99,209.68796
2021-05-24,15 day ahead inc hosp,2021-06-08,06,quantile,0.99,206.24864
2021-05-24,16 day ahead inc hosp,2021-06-09,06,quantile,0.99,202.92061
2021-05-24,17 day ahead inc hosp,2021-06-10,06,quantile,0.99,199.70124
2021-05-24,18 day ahead inc hosp,2021-06-11,06,quantile,0.99,196.58792
2021-05-24,19 day ahead inc hosp,2021-06-12,06,quantile,0.99,193.57805
2021-05-24,20 day ahead inc hosp,2021-06-13,06,quantile,0.99,190.66904
2021-05-24,21 day ahead inc hosp,2021-06-14,06,quantile,0.99,187.85833
2021-05-24,22 day ahead inc hosp,2021-06-15,06,quantile,0.99,185.14338
2021-05-24,23 day ahead inc hosp,2021-06-16,06,quantile,0.99,182.52169
2021-05-24,24 day ahead inc hosp,2021-06-17,06,quantile,0.99,179.99077
2021-05-24,25 day ahead inc hosp,2021-06-18,06,quantile,0.99,177.54818
2021-05-24,26 day ahead inc hosp,2021-06-19,06,quantile,0.99,175.19151
2021-05-24,27 day ahead inc hosp,2021-06-20,06,quantile,0.99,172.91838
2021-05-24,28 day ahead inc hosp,2021-06-21,06,quantile,0.99,170.72643
2021-05-24,1 day ahead inc hosp,2021-05-25,06,point,NA,142.1643
2021-05-24,2 day ahead inc hosp,2021-05-26,06,point,NA,137.26487
2021-05-24,3 day ahead inc hosp,2021-05-27,06,point,NA,132.46664
2021-05-24,4 day ahead inc hosp,2021-05-28,06,point,NA,127.78256
2021-05-24,5 day ahead inc hosp,2021-05-29,06,point,NA,123.21979
2021-05-24,6 day ahead inc hosp,2021-05-30,06,point,NA,118.78183
2021-05-24,7 day ahead inc hosp,2021-05-31,06,point,NA,114.4699
2021-05-24,8 day ahead inc hosp,2021-06-01,06,point,NA,110.28376
2021-05-24,9 day ahead inc hosp,2021-06-02,06,point,NA,106.22228
2021-05-24,10 day ahead inc hosp,2021-06-03,06,point,NA,102.28375
2021-05-24,11 day ahead inc hosp,2021-06-04,06,point,NA,98.46611
2021-05-24,12 day ahead inc hosp,2021-06-05,06,point,NA,94.767080000000007
2021-05-24,13 day ahead inc hosp,2021-06-06,06,point,NA,91.18425
2021-05-24,14 day ahead inc hosp,2021-06-07,06,point,NA,87.71512
2021-05-24,15 day ahead inc hosp,2021-06-08,06,point,NA,84.35717
2021-05-24,16 day ahead inc hosp,2021-06-09,06,point,NA,81.10784
2021-05-24,17 day ahead inc hosp,2021-06-10,06,point,NA,77.96456
2021-05-24,18 day ahead inc hosp,2021-06-11,06,point,NA,74.9248
2021-05-24,19 day ahead inc hosp,2021-06-12,06,point,NA,71.98599
2021-05-24,20 day ahead inc hosp,2021-06-13,06,point,NA,69.14564
2021-05-24,21 day ahead inc hosp,2021-06-14,06,point,NA,66.40122
2021-05-24,22 day ahead inc hosp,2021-06-15,06,point,NA,63.75028
2021-05-24,23 day ahead inc hosp,2021-06-16,06,point,NA,61.19036
2021-05-24,24 day ahead inc hosp,2021-06-17,06,point,NA,58.71905
2021-05-24,25 day ahead inc hosp,2021-06-18,06,point,NA,56.33395
2021-05-24,26 day ahead inc hosp,2021-06-19,06,point,NA,54.03272
2021-05-24,27 day ahead inc hosp,2021-06-20,06,point,NA,51.81302
2021-05-24,28 day ahead inc hosp,2021-06-21,06,point,NA,49.67259
2021-05-24,1 wk ahead inc death,2021-05-29,06,quantile,0.01,0
2021-05-24,2 wk ahead inc death,2021-06-05,06,quantile,0.01,0
2021-05-24,3 wk ahead inc death,2021-06-12,06,quantile,0.01,0
2021-05-24,4 wk ahead inc death,2021-06-19,06,quantile,0.01,0
2021-05-24,1 wk ahead inc death,2021-05-29,06,quantile,0.025,40.323
2021-05-24,2 wk ahead inc death,2021-06-05,06,quantile,0.025,0
2021-05-24,3 wk ahead inc death,2021-06-12,06,quantile,0.025,0
2021-05-24,4 wk ahead inc death,2021-06-19,06,quantile,0.025,0
2021-05-24,1 wk ahead inc death,2021-05-29,06,quantile,0.05,90.756
2021-05-24,2 wk ahead inc death,2021-06-05,06,quantile,0.05,30.612
2021-05-24,3 wk ahead inc death,2021-06-12,06,quantile,0.05,0
2021-05-24,4 wk ahead inc death,2021-06-19,06,quantile,0.05,0
2021-05-24,1 wk ahead inc death,2021-05-29,06,quantile,0.1,148.901
2021-05-24,2 wk ahead inc death,2021-06-05,06,quantile,0.1,93.306
2021-05-24,3 wk ahead inc death,2021-06-12,06,quantile,0.1,49.99
2021-05-24,4 wk ahead inc death,2021-06-19,06,quantile,0.1,6.319
2021-05-24,1 wk ahead inc death,2021-05-29,06,quantile,0.15,188.132
2021-05-24,2 wk ahead inc death,2021-06-05,06,quantile,0.15,135.605
2021-05-24,3 wk ahead inc death,2021-06-12,06,quantile,0.15,92.256
2021-05-24,4 wk ahead inc death,2021-06-19,06,quantile,0.15,48.551
2021-05-24,1 wk ahead inc death,2021-05-29,06,quantile,0.2,219.311
2021-05-24,2 wk ahead inc death,2021-06-05,06,quantile,0.2,169.224
2021-05-24,3 wk ahead inc death,2021-06-12,06,quantile,0.2,125.848
2021-05-24,4 wk ahead inc death,2021-06-19,06,quantile,0.2,82.115
2021-05-24,1 wk ahead inc death,2021-05-29,06,quantile,0.25,246.06
2021-05-24,2 wk ahead inc death,2021-06-05,06,quantile,0.25,198.065
2021-05-24,3 wk ahead inc death,2021-06-12,06,quantile,0.25,154.667
2021-05-24,4 wk ahead inc death,2021-06-19,06,quantile,0.25,110.911
2021-05-24,1 wk ahead inc death,2021-05-29,06,quantile,0.3,270.082
2021-05-24,2 wk ahead inc death,2021-06-05,06,quantile,0.3,223.966
2021-05-24,3 wk ahead inc death,2021-06-12,06,quantile,0.3,180.547
2021-05-24,4 wk ahead inc death,2021-06-19,06,quantile,0.3,136.77
2021-05-24,1 wk ahead inc death,2021-05-29,06,quantile,0.35,292.341
2021-05-24,2 wk ahead inc death,2021-06-05,06,quantile,0.35,247.966
2021-05-24,3 wk ahead inc death,2021-06-12,06,quantile,0.35,204.529
2021-05-24,4 wk ahead inc death,2021-06-19,06,quantile,0.35,160.732
2021-05-24,1 wk ahead inc death,2021-05-29,06,quantile,0.4,313.463
2021-05-24,2 wk ahead inc death,2021-06-05,06,quantile,0.4,270.741
2021-05-24,3 wk ahead inc death,2021-06-12,06,quantile,0.4,227.286
2021-05-24,4 wk ahead inc death,2021-06-19,06,quantile,0.4,183.47
2021-05-24,1 wk ahead inc death,2021-05-29,06,quantile,0.45,333.899
2021-05-24,2 wk ahead inc death,2021-06-05,06,quantile,0.45,292.775
2021-05-24,3 wk ahead inc death,2021-06-12,06,quantile,0.45,249.303
2021-05-24,4 wk ahead inc death,2021-06-19,06,quantile,0.45,205.469
2021-05-24,1 wk ahead inc death,2021-05-29,06,quantile,0.5,354.011
2021-05-24,2 wk ahead inc death,2021-06-05,06,quantile,0.5,314.46
2021-05-24,3 wk ahead inc death,2021-06-12,06,quantile,0.5,270.971
2021-05-24,4 wk ahead inc death,2021-06-19,06,quantile,0.5,227.12
2021-05-24,1 wk ahead inc death,2021-05-29,06,quantile,0.55,374.122
2021-05-24,2 wk ahead inc death,2021-06-05,06,quantile,0.55,336.146
2021-05-24,3 wk ahead inc death,2021-06-12,06,quantile,0.55,292.639
2021-05-24,4 wk ahead inc death,2021-06-19,06,quantile,0.55,248.77
2021-05-24,1 wk ahead inc death,2021-05-29,06,quantile,0.6,394.558
2021-05-24,2 wk ahead inc death,2021-06-05,06,quantile,0.6,358.18
2021-05-24,3 wk ahead inc death,2021-06-12,06,quantile,0.6,314.656
2021-05-24,4 wk ahead inc death,2021-06-19,06,quantile,0.6,270.77
2021-05-24,1 wk ahead inc death,2021-05-29,06,quantile,0.65,415.68
2021-05-24,2 wk ahead inc death,2021-06-05,06,quantile,0.65,380.954
2021-05-24,3 wk ahead inc death,2021-06-12,06,quantile,0.65,337.413
2021-05-24,4 wk ahead inc death,2021-06-19,06,quantile,0.65,293.508
2021-05-24,1 wk ahead inc death,2021-05-29,06,quantile,0.7,437.94
2021-05-24,2 wk ahead inc death,2021-06-05,06,quantile,0.7,404.955
2021-05-24,3 wk ahead inc death,2021-06-12,06,quantile,0.7,361.394
2021-05-24,4 wk ahead inc death,2021-06-19,06,quantile,0.7,317.47
2021-05-24,1 wk ahead inc death,2021-05-29,06,quantile,0.75,461.961
2021-05-24,2 wk ahead inc death,2021-06-05,06,quantile,0.75,430.856
2021-05-24,3 wk ahead inc death,2021-06-12,06,quantile,0.75,387.275
2021-05-24,4 wk ahead inc death,2021-06-19,06,quantile,0.75,343.329
2021-05-24,1 wk ahead inc death,2021-05-29,06,quantile,0.8,488.71
2021-05-24,2 wk ahead inc death,2021-06-05,06,quantile,0.8,459.697
2021-05-24,3 wk ahead inc death,2021-06-12,06,quantile,0.8,416.094
2021-05-24,4 wk ahead inc death,2021-06-19,06,quantile,0.8,372.125
2021-05-24,1 wk ahead inc death,2021-05-29,06,quantile,0.85,519.889
2021-05-24,2 wk ahead inc death,2021-06-05,06,quantile,0.85,493.316
2021-05-24,3 wk ahead inc death,2021-06-12,06,quantile,0.85,449.685
2021-05-24,4 wk ahead inc death,2021-06-19,06,quantile,0.85,405.689
2021-05-24,1 wk ahead inc death,2021-05-29,06,quantile,0.9,559.12
2021-05-24,2 wk ahead inc death,2021-06-05,06,quantile,0.9,535.615
2021-05-24,3 wk ahead inc death,2021-06-12,06,quantile,0.9,491.952
2021-05-24,4 wk ahead inc death,2021-06-19,06,quantile,0.9,447.921
2021-05-24,1 wk ahead inc death,2021-05-29,06,quantile,0.95,617.266
2021-05-24,2 wk ahead inc death,2021-06-05,06,quantile,0.95,598.309
2021-05-24,3 wk ahead inc death,2021-06-12,06,quantile,0.95,554.597
2021-05-24,4 wk ahead inc death,2021-06-19,06,quantile,0.95,510.515
2021-05-24,1 wk ahead inc death,2021-05-29,06,quantile,0.975,667.698
2021-05-24,2 wk ahead inc death,2021-06-05,06,quantile,0.975,652.687
2021-05-24,3 wk ahead inc death,2021-06-12,06,quantile,0.975,608.932
2021-05-24,4 wk ahead inc death,2021-06-19,06,quantile,0.975,564.806
2021-05-24,1 wk ahead inc death,2021-05-29,06,quantile,0.99,726.337
2021-05-24,2 wk ahead inc death,2021-06-05,06,quantile,0.99,715.913
2021-05-24,3 wk ahead inc death,2021-06-12,06,quantile,0.99,672.108
2021-05-24,4 wk ahead inc death,2021-06-19,06,quantile,0.99,627.931
2021-05-24,1 wk ahead inc death,2021-05-29,06,point,NA,354.011
2021-05-24,2 wk ahead inc death,2021-06-05,06,point,NA,314.46
2021-05-24,3 wk ahead inc death,2021-06-12,06,point,NA,270.971
2021-05-24,4 wk ahead inc death,2021-06-19,06,point,NA,227.12
