forecast_date,target,target_end_date,location,type,quantile,value
2021-01-11,1 wk ahead inc case,2021-01-16,06,quantile,0.025,239696
2021-01-11,2 wk ahead inc case,2021-01-23,06,quantile,0.025,235185
2021-01-11,3 wk ahead inc case,2021-01-30,06,quantile,0.025,227702
2021-01-11,4 wk ahead inc case,2021-02-06,06,quantile,0.025,217579
2021-01-11,1 wk ahead inc case,2021-01-16,06,quantile,0.1,248747
2021-01-11,2 wk ahead inc case,2021-01-23,06,quantile,0.1,244156
2021-01-11,3 wk ahead inc case,2021-01-30,06,quantile,0.1,236537
2021-01-11,4 wk ahead inc case,2021-02-06,06,quantile,0.1,226226
2021-01-11,1 wk ahead inc case,2021-01-16,06,quantile,0.25,256846
2021-01-11,2 wk ahead inc case,2021-01-23,06,quantile,0.25,252183
2021-01-11,3 wk ahead inc case,2021-01-30,06,quantile,0.25,244443
2021-01-11,4 wk ahead inc case,2021-02-06,06,quantile,0.25,233964
2021-01-11,1 wk ahead inc case,2021-01-16,06,quantile,0.5,265845
2021-01-11,2 wk ahead inc case,2021-01-23,06,quantile,0.5,261102
2021-01-11,3 wk ahead inc case,2021-01-30,06,quantile,0.5,253227
2021-01-11,4 wk ahead inc case,2021-02-06,06,quantile,0.5,242562
2021-01-11,1 wk ahead inc case,2021-01-16,06,quantile,0.75,274844
2021-01-11,2 wk ahead inc case,2021-01-23,06,quantile,0.75,270021
2021-01-11,3 wk ahead inc case,2021-01-30,06,quantile,0.75,262011
2021-01-11,4 wk ahead inc case,2021-02-06,06,quantile,0.75,251159
2021-01-11,1 wk ahead inc case,2021-01-16,06,quantile,0.9,282943
2021-01-11,2 wk ahead inc case,2021-01-23,06,quantile,0.9,278048
2021-01-11,3 wk ahead inc case,2021-01-30,06,quantile,0.9,269917
2021-01-11,4 wk ahead inc case,2021-02-06,06,quantile,0.9,258897
2021-01-11,1 wk ahead inc case,2021-01-16,06,quantile,0.975,291994
2021-01-11,2 wk ahead inc case,2021-01-23,06,quantile,0.975,287019
2021-01-11,3 wk ahead inc case,2021-01-30,06,quantile,0.975,278752
2021-01-11,4 wk ahead inc case,2021-02-06,06,quantile,0.975,267544
2021-01-11,1 wk ahead inc case,2021-01-16,06,point,NA,265845
2021-01-11,2 wk ahead inc case,2021-01-23,06,point,NA,261102
2021-01-11,3 wk ahead inc case,2021-01-30,06,point,NA,253227
2021-01-11,4 wk ahead inc case,2021-02-06,06,point,NA,242562
2021-01-11,1 day ahead inc hosp,2021-01-12,06,quantile,0.01,2261
2021-01-11,2 day ahead inc hosp,2021-01-13,06,quantile,0.01,2256
2021-01-11,3 day ahead inc hosp,2021-01-14,06,quantile,0.01,2252
2021-01-11,4 day ahead inc hosp,2021-01-15,06,quantile,0.01,2246
2021-01-11,5 day ahead inc hosp,2021-01-16,06,quantile,0.01,2240
2021-01-11,6 day ahead inc hosp,2021-01-17,06,quantile,0.01,2233
2021-01-11,7 day ahead inc hosp,2021-01-18,06,quantile,0.01,2226
2021-01-11,8 day ahead inc hosp,2021-01-19,06,quantile,0.01,2218
2021-01-11,9 day ahead inc hosp,2021-01-20,06,quantile,0.01,2210
2021-01-11,10 day ahead inc hosp,2021-01-21,06,quantile,0.01,2201
2021-01-11,11 day ahead inc hosp,2021-01-22,06,quantile,0.01,2191
2021-01-11,12 day ahead inc hosp,2021-01-23,06,quantile,0.01,2181
2021-01-11,13 day ahead inc hosp,2021-01-24,06,quantile,0.01,2171
2021-01-11,14 day ahead inc hosp,2021-01-25,06,quantile,0.01,2160
2021-01-11,15 day ahead inc hosp,2021-01-26,06,quantile,0.01,2148
2021-01-11,16 day ahead inc hosp,2021-01-27,06,quantile,0.01,2136
2021-01-11,17 day ahead inc hosp,2021-01-28,06,quantile,0.01,2123
2021-01-11,18 day ahead inc hosp,2021-01-29,06,quantile,0.01,2110
2021-01-11,19 day ahead inc hosp,2021-01-30,06,quantile,0.01,2096
2021-01-11,20 day ahead inc hosp,2021-01-31,06,quantile,0.01,2082
2021-01-11,21 day ahead inc hosp,2021-02-01,06,quantile,0.01,2067
2021-01-11,22 day ahead inc hosp,2021-02-02,06,quantile,0.01,2052
2021-01-11,23 day ahead inc hosp,2021-02-03,06,quantile,0.01,2037
2021-01-11,24 day ahead inc hosp,2021-02-04,06,quantile,0.01,2021
2021-01-11,25 day ahead inc hosp,2021-02-05,06,quantile,0.01,2005
2021-01-11,26 day ahead inc hosp,2021-02-06,06,quantile,0.01,1988
2021-01-11,27 day ahead inc hosp,2021-02-07,06,quantile,0.01,1971
2021-01-11,28 day ahead inc hosp,2021-02-08,06,quantile,0.01,1954
2021-01-11,1 day ahead inc hosp,2021-01-12,06,quantile,0.025,2285
2021-01-11,2 day ahead inc hosp,2021-01-13,06,quantile,0.025,2281
2021-01-11,3 day ahead inc hosp,2021-01-14,06,quantile,0.025,2276
2021-01-11,4 day ahead inc hosp,2021-01-15,06,quantile,0.025,2271
2021-01-11,5 day ahead inc hosp,2021-01-16,06,quantile,0.025,2265
2021-01-11,6 day ahead inc hosp,2021-01-17,06,quantile,0.025,2258
2021-01-11,7 day ahead inc hosp,2021-01-18,06,quantile,0.025,2251
2021-01-11,8 day ahead inc hosp,2021-01-19,06,quantile,0.025,2243
2021-01-11,9 day ahead inc hosp,2021-01-20,06,quantile,0.025,2234
2021-01-11,10 day ahead inc hosp,2021-01-21,06,quantile,0.025,2225
2021-01-11,11 day ahead inc hosp,2021-01-22,06,quantile,0.025,2216
2021-01-11,12 day ahead inc hosp,2021-01-23,06,quantile,0.025,2206
2021-01-11,13 day ahead inc hosp,2021-01-24,06,quantile,0.025,2195
2021-01-11,14 day ahead inc hosp,2021-01-25,06,quantile,0.025,2184
2021-01-11,15 day ahead inc hosp,2021-01-26,06,quantile,0.025,2172
2021-01-11,16 day ahead inc hosp,2021-01-27,06,quantile,0.025,2160
2021-01-11,17 day ahead inc hosp,2021-01-28,06,quantile,0.025,2147
2021-01-11,18 day ahead inc hosp,2021-01-29,06,quantile,0.025,2134
2021-01-11,19 day ahead inc hosp,2021-01-30,06,quantile,0.025,2120
2021-01-11,20 day ahead inc hosp,2021-01-31,06,quantile,0.025,2106
2021-01-11,21 day ahead inc hosp,2021-02-01,06,quantile,0.025,2092
2021-01-11,22 day ahead inc hosp,2021-02-02,06,quantile,0.025,2077
2021-01-11,23 day ahead inc hosp,2021-02-03,06,quantile,0.025,2061
2021-01-11,24 day ahead inc hosp,2021-02-04,06,quantile,0.025,2045
2021-01-11,25 day ahead inc hosp,2021-02-05,06,quantile,0.025,2029
2021-01-11,26 day ahead inc hosp,2021-02-06,06,quantile,0.025,2012
2021-01-11,27 day ahead inc hosp,2021-02-07,06,quantile,0.025,1995
2021-01-11,28 day ahead inc hosp,2021-02-08,06,quantile,0.025,1978
2021-01-11,1 day ahead inc hosp,2021-01-12,06,quantile,0.05,2307
2021-01-11,2 day ahead inc hosp,2021-01-13,06,quantile,0.05,2302
2021-01-11,3 day ahead inc hosp,2021-01-14,06,quantile,0.05,2297
2021-01-11,4 day ahead inc hosp,2021-01-15,06,quantile,0.05,2292
2021-01-11,5 day ahead inc hosp,2021-01-16,06,quantile,0.05,2286
2021-01-11,6 day ahead inc hosp,2021-01-17,06,quantile,0.05,2279
2021-01-11,7 day ahead inc hosp,2021-01-18,06,quantile,0.05,2272
2021-01-11,8 day ahead inc hosp,2021-01-19,06,quantile,0.05,2264
2021-01-11,9 day ahead inc hosp,2021-01-20,06,quantile,0.05,2256
2021-01-11,10 day ahead inc hosp,2021-01-21,06,quantile,0.05,2247
2021-01-11,11 day ahead inc hosp,2021-01-22,06,quantile,0.05,2237
2021-01-11,12 day ahead inc hosp,2021-01-23,06,quantile,0.05,2227
2021-01-11,13 day ahead inc hosp,2021-01-24,06,quantile,0.05,2216
2021-01-11,14 day ahead inc hosp,2021-01-25,06,quantile,0.05,2205
2021-01-11,15 day ahead inc hosp,2021-01-26,06,quantile,0.05,2193
2021-01-11,16 day ahead inc hosp,2021-01-27,06,quantile,0.05,2181
2021-01-11,17 day ahead inc hosp,2021-01-28,06,quantile,0.05,2168
2021-01-11,18 day ahead inc hosp,2021-01-29,06,quantile,0.05,2155
2021-01-11,19 day ahead inc hosp,2021-01-30,06,quantile,0.05,2141
2021-01-11,20 day ahead inc hosp,2021-01-31,06,quantile,0.05,2127
2021-01-11,21 day ahead inc hosp,2021-02-01,06,quantile,0.05,2112
2021-01-11,22 day ahead inc hosp,2021-02-02,06,quantile,0.05,2097
2021-01-11,23 day ahead inc hosp,2021-02-03,06,quantile,0.05,2082
2021-01-11,24 day ahead inc hosp,2021-02-04,06,quantile,0.05,2066
2021-01-11,25 day ahead inc hosp,2021-02-05,06,quantile,0.05,2050
2021-01-11,26 day ahead inc hosp,2021-02-06,06,quantile,0.05,2033
2021-01-11,27 day ahead inc hosp,2021-02-07,06,quantile,0.05,2016
2021-01-11,28 day ahead inc hosp,2021-02-08,06,quantile,0.05,1999
2021-01-11,1 day ahead inc hosp,2021-01-12,06,quantile,0.1,2331
2021-01-11,2 day ahead inc hosp,2021-01-13,06,quantile,0.1,2327
2021-01-11,3 day ahead inc hosp,2021-01-14,06,quantile,0.1,2322
2021-01-11,4 day ahead inc hosp,2021-01-15,06,quantile,0.1,2316
2021-01-11,5 day ahead inc hosp,2021-01-16,06,quantile,0.1,2310
2021-01-11,6 day ahead inc hosp,2021-01-17,06,quantile,0.1,2304
2021-01-11,7 day ahead inc hosp,2021-01-18,06,quantile,0.1,2296
2021-01-11,8 day ahead inc hosp,2021-01-19,06,quantile,0.1,2288
2021-01-11,9 day ahead inc hosp,2021-01-20,06,quantile,0.1,2280
2021-01-11,10 day ahead inc hosp,2021-01-21,06,quantile,0.1,2271
2021-01-11,11 day ahead inc hosp,2021-01-22,06,quantile,0.1,2261
2021-01-11,12 day ahead inc hosp,2021-01-23,06,quantile,0.1,2251
2021-01-11,13 day ahead inc hosp,2021-01-24,06,quantile,0.1,2240
2021-01-11,14 day ahead inc hosp,2021-01-25,06,quantile,0.1,2229
2021-01-11,15 day ahead inc hosp,2021-01-26,06,quantile,0.1,2217
2021-01-11,16 day ahead inc hosp,2021-01-27,06,quantile,0.1,2205
2021-01-11,17 day ahead inc hosp,2021-01-28,06,quantile,0.1,2192
2021-01-11,18 day ahead inc hosp,2021-01-29,06,quantile,0.1,2179
2021-01-11,19 day ahead inc hosp,2021-01-30,06,quantile,0.1,2165
2021-01-11,20 day ahead inc hosp,2021-01-31,06,quantile,0.1,2151
2021-01-11,21 day ahead inc hosp,2021-02-01,06,quantile,0.1,2136
2021-01-11,22 day ahead inc hosp,2021-02-02,06,quantile,0.1,2121
2021-01-11,23 day ahead inc hosp,2021-02-03,06,quantile,0.1,2106
2021-01-11,24 day ahead inc hosp,2021-02-04,06,quantile,0.1,2090
2021-01-11,25 day ahead inc hosp,2021-02-05,06,quantile,0.1,2073
2021-01-11,26 day ahead inc hosp,2021-02-06,06,quantile,0.1,2057
2021-01-11,27 day ahead inc hosp,2021-02-07,06,quantile,0.1,2040
2021-01-11,28 day ahead inc hosp,2021-02-08,06,quantile,0.1,2022
2021-01-11,1 day ahead inc hosp,2021-01-12,06,quantile,0.15,2348
2021-01-11,2 day ahead inc hosp,2021-01-13,06,quantile,0.15,2343
2021-01-11,3 day ahead inc hosp,2021-01-14,06,quantile,0.15,2338
2021-01-11,4 day ahead inc hosp,2021-01-15,06,quantile,0.15,2333
2021-01-11,5 day ahead inc hosp,2021-01-16,06,quantile,0.15,2327
2021-01-11,6 day ahead inc hosp,2021-01-17,06,quantile,0.15,2320
2021-01-11,7 day ahead inc hosp,2021-01-18,06,quantile,0.15,2313
2021-01-11,8 day ahead inc hosp,2021-01-19,06,quantile,0.15,2305
2021-01-11,9 day ahead inc hosp,2021-01-20,06,quantile,0.15,2296
2021-01-11,10 day ahead inc hosp,2021-01-21,06,quantile,0.15,2287
2021-01-11,11 day ahead inc hosp,2021-01-22,06,quantile,0.15,2278
2021-01-11,12 day ahead inc hosp,2021-01-23,06,quantile,0.15,2268
2021-01-11,13 day ahead inc hosp,2021-01-24,06,quantile,0.15,2257
2021-01-11,14 day ahead inc hosp,2021-01-25,06,quantile,0.15,2246
2021-01-11,15 day ahead inc hosp,2021-01-26,06,quantile,0.15,2234
2021-01-11,16 day ahead inc hosp,2021-01-27,06,quantile,0.15,2221
2021-01-11,17 day ahead inc hosp,2021-01-28,06,quantile,0.15,2209
2021-01-11,18 day ahead inc hosp,2021-01-29,06,quantile,0.15,2195
2021-01-11,19 day ahead inc hosp,2021-01-30,06,quantile,0.15,2182
2021-01-11,20 day ahead inc hosp,2021-01-31,06,quantile,0.15,2167
2021-01-11,21 day ahead inc hosp,2021-02-01,06,quantile,0.15,2153
2021-01-11,22 day ahead inc hosp,2021-02-02,06,quantile,0.15,2137
2021-01-11,23 day ahead inc hosp,2021-02-03,06,quantile,0.15,2122
2021-01-11,24 day ahead inc hosp,2021-02-04,06,quantile,0.15,2106
2021-01-11,25 day ahead inc hosp,2021-02-05,06,quantile,0.15,2090
2021-01-11,26 day ahead inc hosp,2021-02-06,06,quantile,0.15,2073
2021-01-11,27 day ahead inc hosp,2021-02-07,06,quantile,0.15,2056
2021-01-11,28 day ahead inc hosp,2021-02-08,06,quantile,0.15,2038
2021-01-11,1 day ahead inc hosp,2021-01-12,06,quantile,0.2,2361
2021-01-11,2 day ahead inc hosp,2021-01-13,06,quantile,0.2,2356
2021-01-11,3 day ahead inc hosp,2021-01-14,06,quantile,0.2,2351
2021-01-11,4 day ahead inc hosp,2021-01-15,06,quantile,0.2,2346
2021-01-11,5 day ahead inc hosp,2021-01-16,06,quantile,0.2,2340
2021-01-11,6 day ahead inc hosp,2021-01-17,06,quantile,0.2,2333
2021-01-11,7 day ahead inc hosp,2021-01-18,06,quantile,0.2,2326
2021-01-11,8 day ahead inc hosp,2021-01-19,06,quantile,0.2,2318
2021-01-11,9 day ahead inc hosp,2021-01-20,06,quantile,0.2,2309
2021-01-11,10 day ahead inc hosp,2021-01-21,06,quantile,0.2,2300
2021-01-11,11 day ahead inc hosp,2021-01-22,06,quantile,0.2,2291
2021-01-11,12 day ahead inc hosp,2021-01-23,06,quantile,0.2,2281
2021-01-11,13 day ahead inc hosp,2021-01-24,06,quantile,0.2,2270
2021-01-11,14 day ahead inc hosp,2021-01-25,06,quantile,0.2,2259
2021-01-11,15 day ahead inc hosp,2021-01-26,06,quantile,0.2,2247
2021-01-11,16 day ahead inc hosp,2021-01-27,06,quantile,0.2,2234
2021-01-11,17 day ahead inc hosp,2021-01-28,06,quantile,0.2,2222
2021-01-11,18 day ahead inc hosp,2021-01-29,06,quantile,0.2,2208
2021-01-11,19 day ahead inc hosp,2021-01-30,06,quantile,0.2,2194
2021-01-11,20 day ahead inc hosp,2021-01-31,06,quantile,0.2,2180
2021-01-11,21 day ahead inc hosp,2021-02-01,06,quantile,0.2,2165
2021-01-11,22 day ahead inc hosp,2021-02-02,06,quantile,0.2,2150
2021-01-11,23 day ahead inc hosp,2021-02-03,06,quantile,0.2,2135
2021-01-11,24 day ahead inc hosp,2021-02-04,06,quantile,0.2,2119
2021-01-11,25 day ahead inc hosp,2021-02-05,06,quantile,0.2,2102
2021-01-11,26 day ahead inc hosp,2021-02-06,06,quantile,0.2,2086
2021-01-11,27 day ahead inc hosp,2021-02-07,06,quantile,0.2,2068
2021-01-11,28 day ahead inc hosp,2021-02-08,06,quantile,0.2,2051
2021-01-11,1 day ahead inc hosp,2021-01-12,06,quantile,0.25,2372
2021-01-11,2 day ahead inc hosp,2021-01-13,06,quantile,0.25,2368
2021-01-11,3 day ahead inc hosp,2021-01-14,06,quantile,0.25,2363
2021-01-11,4 day ahead inc hosp,2021-01-15,06,quantile,0.25,2357
2021-01-11,5 day ahead inc hosp,2021-01-16,06,quantile,0.25,2351
2021-01-11,6 day ahead inc hosp,2021-01-17,06,quantile,0.25,2344
2021-01-11,7 day ahead inc hosp,2021-01-18,06,quantile,0.25,2337
2021-01-11,8 day ahead inc hosp,2021-01-19,06,quantile,0.25,2329
2021-01-11,9 day ahead inc hosp,2021-01-20,06,quantile,0.25,2321
2021-01-11,10 day ahead inc hosp,2021-01-21,06,quantile,0.25,2312
2021-01-11,11 day ahead inc hosp,2021-01-22,06,quantile,0.25,2302
2021-01-11,12 day ahead inc hosp,2021-01-23,06,quantile,0.25,2292
2021-01-11,13 day ahead inc hosp,2021-01-24,06,quantile,0.25,2281
2021-01-11,14 day ahead inc hosp,2021-01-25,06,quantile,0.25,2270
2021-01-11,15 day ahead inc hosp,2021-01-26,06,quantile,0.25,2258
2021-01-11,16 day ahead inc hosp,2021-01-27,06,quantile,0.25,2245
2021-01-11,17 day ahead inc hosp,2021-01-28,06,quantile,0.25,2233
2021-01-11,18 day ahead inc hosp,2021-01-29,06,quantile,0.25,2219
2021-01-11,19 day ahead inc hosp,2021-01-30,06,quantile,0.25,2205
2021-01-11,20 day ahead inc hosp,2021-01-31,06,quantile,0.25,2191
2021-01-11,21 day ahead inc hosp,2021-02-01,06,quantile,0.25,2176
2021-01-11,22 day ahead inc hosp,2021-02-02,06,quantile,0.25,2161
2021-01-11,23 day ahead inc hosp,2021-02-03,06,quantile,0.25,2146
2021-01-11,24 day ahead inc hosp,2021-02-04,06,quantile,0.25,2130
2021-01-11,25 day ahead inc hosp,2021-02-05,06,quantile,0.25,2113
2021-01-11,26 day ahead inc hosp,2021-02-06,06,quantile,0.25,2097
2021-01-11,27 day ahead inc hosp,2021-02-07,06,quantile,0.25,2079
2021-01-11,28 day ahead inc hosp,2021-02-08,06,quantile,0.25,2062
2021-01-11,1 day ahead inc hosp,2021-01-12,06,quantile,0.3,2382
2021-01-11,2 day ahead inc hosp,2021-01-13,06,quantile,0.3,2378
2021-01-11,3 day ahead inc hosp,2021-01-14,06,quantile,0.3,2373
2021-01-11,4 day ahead inc hosp,2021-01-15,06,quantile,0.3,2367
2021-01-11,5 day ahead inc hosp,2021-01-16,06,quantile,0.3,2361
2021-01-11,6 day ahead inc hosp,2021-01-17,06,quantile,0.3,2354
2021-01-11,7 day ahead inc hosp,2021-01-18,06,quantile,0.3,2347
2021-01-11,8 day ahead inc hosp,2021-01-19,06,quantile,0.3,2339
2021-01-11,9 day ahead inc hosp,2021-01-20,06,quantile,0.3,2331
2021-01-11,10 day ahead inc hosp,2021-01-21,06,quantile,0.3,2322
2021-01-11,11 day ahead inc hosp,2021-01-22,06,quantile,0.3,2312
2021-01-11,12 day ahead inc hosp,2021-01-23,06,quantile,0.3,2302
2021-01-11,13 day ahead inc hosp,2021-01-24,06,quantile,0.3,2291
2021-01-11,14 day ahead inc hosp,2021-01-25,06,quantile,0.3,2280
2021-01-11,15 day ahead inc hosp,2021-01-26,06,quantile,0.3,2268
2021-01-11,16 day ahead inc hosp,2021-01-27,06,quantile,0.3,2255
2021-01-11,17 day ahead inc hosp,2021-01-28,06,quantile,0.3,2243
2021-01-11,18 day ahead inc hosp,2021-01-29,06,quantile,0.3,2229
2021-01-11,19 day ahead inc hosp,2021-01-30,06,quantile,0.3,2215
2021-01-11,20 day ahead inc hosp,2021-01-31,06,quantile,0.3,2201
2021-01-11,21 day ahead inc hosp,2021-02-01,06,quantile,0.3,2186
2021-01-11,22 day ahead inc hosp,2021-02-02,06,quantile,0.3,2171
2021-01-11,23 day ahead inc hosp,2021-02-03,06,quantile,0.3,2156
2021-01-11,24 day ahead inc hosp,2021-02-04,06,quantile,0.3,2140
2021-01-11,25 day ahead inc hosp,2021-02-05,06,quantile,0.3,2123
2021-01-11,26 day ahead inc hosp,2021-02-06,06,quantile,0.3,2106
2021-01-11,27 day ahead inc hosp,2021-02-07,06,quantile,0.3,2089
2021-01-11,28 day ahead inc hosp,2021-02-08,06,quantile,0.3,2072
2021-01-11,1 day ahead inc hosp,2021-01-12,06,quantile,0.35,2391
2021-01-11,2 day ahead inc hosp,2021-01-13,06,quantile,0.35,2387
2021-01-11,3 day ahead inc hosp,2021-01-14,06,quantile,0.35,2382
2021-01-11,4 day ahead inc hosp,2021-01-15,06,quantile,0.35,2377
2021-01-11,5 day ahead inc hosp,2021-01-16,06,quantile,0.35,2370
2021-01-11,6 day ahead inc hosp,2021-01-17,06,quantile,0.35,2364
2021-01-11,7 day ahead inc hosp,2021-01-18,06,quantile,0.35,2356
2021-01-11,8 day ahead inc hosp,2021-01-19,06,quantile,0.35,2348
2021-01-11,9 day ahead inc hosp,2021-01-20,06,quantile,0.35,2340
2021-01-11,10 day ahead inc hosp,2021-01-21,06,quantile,0.35,2331
2021-01-11,11 day ahead inc hosp,2021-01-22,06,quantile,0.35,2321
2021-01-11,12 day ahead inc hosp,2021-01-23,06,quantile,0.35,2311
2021-01-11,13 day ahead inc hosp,2021-01-24,06,quantile,0.35,2300
2021-01-11,14 day ahead inc hosp,2021-01-25,06,quantile,0.35,2289
2021-01-11,15 day ahead inc hosp,2021-01-26,06,quantile,0.35,2277
2021-01-11,16 day ahead inc hosp,2021-01-27,06,quantile,0.35,2265
2021-01-11,17 day ahead inc hosp,2021-01-28,06,quantile,0.35,2252
2021-01-11,18 day ahead inc hosp,2021-01-29,06,quantile,0.35,2238
2021-01-11,19 day ahead inc hosp,2021-01-30,06,quantile,0.35,2225
2021-01-11,20 day ahead inc hosp,2021-01-31,06,quantile,0.35,2210
2021-01-11,21 day ahead inc hosp,2021-02-01,06,quantile,0.35,2196
2021-01-11,22 day ahead inc hosp,2021-02-02,06,quantile,0.35,2180
2021-01-11,23 day ahead inc hosp,2021-02-03,06,quantile,0.35,2165
2021-01-11,24 day ahead inc hosp,2021-02-04,06,quantile,0.35,2149
2021-01-11,25 day ahead inc hosp,2021-02-05,06,quantile,0.35,2132
2021-01-11,26 day ahead inc hosp,2021-02-06,06,quantile,0.35,2115
2021-01-11,27 day ahead inc hosp,2021-02-07,06,quantile,0.35,2098
2021-01-11,28 day ahead inc hosp,2021-02-08,06,quantile,0.35,2081
2021-01-11,1 day ahead inc hosp,2021-01-12,06,quantile,0.4,2400
2021-01-11,2 day ahead inc hosp,2021-01-13,06,quantile,0.4,2396
2021-01-11,3 day ahead inc hosp,2021-01-14,06,quantile,0.4,2391
2021-01-11,4 day ahead inc hosp,2021-01-15,06,quantile,0.4,2385
2021-01-11,5 day ahead inc hosp,2021-01-16,06,quantile,0.4,2379
2021-01-11,6 day ahead inc hosp,2021-01-17,06,quantile,0.4,2373
2021-01-11,7 day ahead inc hosp,2021-01-18,06,quantile,0.4,2365
2021-01-11,8 day ahead inc hosp,2021-01-19,06,quantile,0.4,2357
2021-01-11,9 day ahead inc hosp,2021-01-20,06,quantile,0.4,2349
2021-01-11,10 day ahead inc hosp,2021-01-21,06,quantile,0.4,2340
2021-01-11,11 day ahead inc hosp,2021-01-22,06,quantile,0.4,2330
2021-01-11,12 day ahead inc hosp,2021-01-23,06,quantile,0.4,2320
2021-01-11,13 day ahead inc hosp,2021-01-24,06,quantile,0.4,2309
2021-01-11,14 day ahead inc hosp,2021-01-25,06,quantile,0.4,2298
2021-01-11,15 day ahead inc hosp,2021-01-26,06,quantile,0.4,2286
2021-01-11,16 day ahead inc hosp,2021-01-27,06,quantile,0.4,2274
2021-01-11,17 day ahead inc hosp,2021-01-28,06,quantile,0.4,2261
2021-01-11,18 day ahead inc hosp,2021-01-29,06,quantile,0.4,2247
2021-01-11,19 day ahead inc hosp,2021-01-30,06,quantile,0.4,2233
2021-01-11,20 day ahead inc hosp,2021-01-31,06,quantile,0.4,2219
2021-01-11,21 day ahead inc hosp,2021-02-01,06,quantile,0.4,2204
2021-01-11,22 day ahead inc hosp,2021-02-02,06,quantile,0.4,2189
2021-01-11,23 day ahead inc hosp,2021-02-03,06,quantile,0.4,2173
2021-01-11,24 day ahead inc hosp,2021-02-04,06,quantile,0.4,2157
2021-01-11,25 day ahead inc hosp,2021-02-05,06,quantile,0.4,2141
2021-01-11,26 day ahead inc hosp,2021-02-06,06,quantile,0.4,2124
2021-01-11,27 day ahead inc hosp,2021-02-07,06,quantile,0.4,2107
2021-01-11,28 day ahead inc hosp,2021-02-08,06,quantile,0.4,2089
2021-01-11,1 day ahead inc hosp,2021-01-12,06,quantile,0.45,2409
2021-01-11,2 day ahead inc hosp,2021-01-13,06,quantile,0.45,2404
2021-01-11,3 day ahead inc hosp,2021-01-14,06,quantile,0.45,2400
2021-01-11,4 day ahead inc hosp,2021-01-15,06,quantile,0.45,2394
2021-01-11,5 day ahead inc hosp,2021-01-16,06,quantile,0.45,2388
2021-01-11,6 day ahead inc hosp,2021-01-17,06,quantile,0.45,2381
2021-01-11,7 day ahead inc hosp,2021-01-18,06,quantile,0.45,2374
2021-01-11,8 day ahead inc hosp,2021-01-19,06,quantile,0.45,2366
2021-01-11,9 day ahead inc hosp,2021-01-20,06,quantile,0.45,2357
2021-01-11,10 day ahead inc hosp,2021-01-21,06,quantile,0.45,2348
2021-01-11,11 day ahead inc hosp,2021-01-22,06,quantile,0.45,2339
2021-01-11,12 day ahead inc hosp,2021-01-23,06,quantile,0.45,2328
2021-01-11,13 day ahead inc hosp,2021-01-24,06,quantile,0.45,2318
2021-01-11,14 day ahead inc hosp,2021-01-25,06,quantile,0.45,2306
2021-01-11,15 day ahead inc hosp,2021-01-26,06,quantile,0.45,2294
2021-01-11,16 day ahead inc hosp,2021-01-27,06,quantile,0.45,2282
2021-01-11,17 day ahead inc hosp,2021-01-28,06,quantile,0.45,2269
2021-01-11,18 day ahead inc hosp,2021-01-29,06,quantile,0.45,2256
2021-01-11,19 day ahead inc hosp,2021-01-30,06,quantile,0.45,2242
2021-01-11,20 day ahead inc hosp,2021-01-31,06,quantile,0.45,2227
2021-01-11,21 day ahead inc hosp,2021-02-01,06,quantile,0.45,2213
2021-01-11,22 day ahead inc hosp,2021-02-02,06,quantile,0.45,2197
2021-01-11,23 day ahead inc hosp,2021-02-03,06,quantile,0.45,2182
2021-01-11,24 day ahead inc hosp,2021-02-04,06,quantile,0.45,2166
2021-01-11,25 day ahead inc hosp,2021-02-05,06,quantile,0.45,2149
2021-01-11,26 day ahead inc hosp,2021-02-06,06,quantile,0.45,2132
2021-01-11,27 day ahead inc hosp,2021-02-07,06,quantile,0.45,2115
2021-01-11,28 day ahead inc hosp,2021-02-08,06,quantile,0.45,2098
2021-01-11,1 day ahead inc hosp,2021-01-12,06,quantile,0.5,2417
2021-01-11,2 day ahead inc hosp,2021-01-13,06,quantile,0.5,2413
2021-01-11,3 day ahead inc hosp,2021-01-14,06,quantile,0.5,2408
2021-01-11,4 day ahead inc hosp,2021-01-15,06,quantile,0.5,2402
2021-01-11,5 day ahead inc hosp,2021-01-16,06,quantile,0.5,2396
2021-01-11,6 day ahead inc hosp,2021-01-17,06,quantile,0.5,2390
2021-01-11,7 day ahead inc hosp,2021-01-18,06,quantile,0.5,2382
2021-01-11,8 day ahead inc hosp,2021-01-19,06,quantile,0.5,2374
2021-01-11,9 day ahead inc hosp,2021-01-20,06,quantile,0.5,2366
2021-01-11,10 day ahead inc hosp,2021-01-21,06,quantile,0.5,2357
2021-01-11,11 day ahead inc hosp,2021-01-22,06,quantile,0.5,2347
2021-01-11,12 day ahead inc hosp,2021-01-23,06,quantile,0.5,2337
2021-01-11,13 day ahead inc hosp,2021-01-24,06,quantile,0.5,2326
2021-01-11,14 day ahead inc hosp,2021-01-25,06,quantile,0.5,2315
2021-01-11,15 day ahead inc hosp,2021-01-26,06,quantile,0.5,2303
2021-01-11,16 day ahead inc hosp,2021-01-27,06,quantile,0.5,2290
2021-01-11,17 day ahead inc hosp,2021-01-28,06,quantile,0.5,2277
2021-01-11,18 day ahead inc hosp,2021-01-29,06,quantile,0.5,2264
2021-01-11,19 day ahead inc hosp,2021-01-30,06,quantile,0.5,2250
2021-01-11,20 day ahead inc hosp,2021-01-31,06,quantile,0.5,2236
2021-01-11,21 day ahead inc hosp,2021-02-01,06,quantile,0.5,2221
2021-01-11,22 day ahead inc hosp,2021-02-02,06,quantile,0.5,2206
2021-01-11,23 day ahead inc hosp,2021-02-03,06,quantile,0.5,2190
2021-01-11,24 day ahead inc hosp,2021-02-04,06,quantile,0.5,2174
2021-01-11,25 day ahead inc hosp,2021-02-05,06,quantile,0.5,2158
2021-01-11,26 day ahead inc hosp,2021-02-06,06,quantile,0.5,2141
2021-01-11,27 day ahead inc hosp,2021-02-07,06,quantile,0.5,2123
2021-01-11,28 day ahead inc hosp,2021-02-08,06,quantile,0.5,2106
2021-01-11,1 day ahead inc hosp,2021-01-12,06,quantile,0.55,2426
2021-01-11,2 day ahead inc hosp,2021-01-13,06,quantile,0.55,2421
2021-01-11,3 day ahead inc hosp,2021-01-14,06,quantile,0.55,2416
2021-01-11,4 day ahead inc hosp,2021-01-15,06,quantile,0.55,2411
2021-01-11,5 day ahead inc hosp,2021-01-16,06,quantile,0.55,2405
2021-01-11,6 day ahead inc hosp,2021-01-17,06,quantile,0.55,2398
2021-01-11,7 day ahead inc hosp,2021-01-18,06,quantile,0.55,2391
2021-01-11,8 day ahead inc hosp,2021-01-19,06,quantile,0.55,2383
2021-01-11,9 day ahead inc hosp,2021-01-20,06,quantile,0.55,2374
2021-01-11,10 day ahead inc hosp,2021-01-21,06,quantile,0.55,2365
2021-01-11,11 day ahead inc hosp,2021-01-22,06,quantile,0.55,2355
2021-01-11,12 day ahead inc hosp,2021-01-23,06,quantile,0.55,2345
2021-01-11,13 day ahead inc hosp,2021-01-24,06,quantile,0.55,2334
2021-01-11,14 day ahead inc hosp,2021-01-25,06,quantile,0.55,2323
2021-01-11,15 day ahead inc hosp,2021-01-26,06,quantile,0.55,2311
2021-01-11,16 day ahead inc hosp,2021-01-27,06,quantile,0.55,2299
2021-01-11,17 day ahead inc hosp,2021-01-28,06,quantile,0.55,2286
2021-01-11,18 day ahead inc hosp,2021-01-29,06,quantile,0.55,2272
2021-01-11,19 day ahead inc hosp,2021-01-30,06,quantile,0.55,2258
2021-01-11,20 day ahead inc hosp,2021-01-31,06,quantile,0.55,2244
2021-01-11,21 day ahead inc hosp,2021-02-01,06,quantile,0.55,2229
2021-01-11,22 day ahead inc hosp,2021-02-02,06,quantile,0.55,2214
2021-01-11,23 day ahead inc hosp,2021-02-03,06,quantile,0.55,2198
2021-01-11,24 day ahead inc hosp,2021-02-04,06,quantile,0.55,2182
2021-01-11,25 day ahead inc hosp,2021-02-05,06,quantile,0.55,2166
2021-01-11,26 day ahead inc hosp,2021-02-06,06,quantile,0.55,2149
2021-01-11,27 day ahead inc hosp,2021-02-07,06,quantile,0.55,2132
2021-01-11,28 day ahead inc hosp,2021-02-08,06,quantile,0.55,2114
2021-01-11,1 day ahead inc hosp,2021-01-12,06,quantile,0.6,2434
2021-01-11,2 day ahead inc hosp,2021-01-13,06,quantile,0.6,2430
2021-01-11,3 day ahead inc hosp,2021-01-14,06,quantile,0.6,2425
2021-01-11,4 day ahead inc hosp,2021-01-15,06,quantile,0.6,2419
2021-01-11,5 day ahead inc hosp,2021-01-16,06,quantile,0.6,2413
2021-01-11,6 day ahead inc hosp,2021-01-17,06,quantile,0.6,2407
2021-01-11,7 day ahead inc hosp,2021-01-18,06,quantile,0.6,2399
2021-01-11,8 day ahead inc hosp,2021-01-19,06,quantile,0.6,2391
2021-01-11,9 day ahead inc hosp,2021-01-20,06,quantile,0.6,2383
2021-01-11,10 day ahead inc hosp,2021-01-21,06,quantile,0.6,2374
2021-01-11,11 day ahead inc hosp,2021-01-22,06,quantile,0.6,2364
2021-01-11,12 day ahead inc hosp,2021-01-23,06,quantile,0.6,2354
2021-01-11,13 day ahead inc hosp,2021-01-24,06,quantile,0.6,2343
2021-01-11,14 day ahead inc hosp,2021-01-25,06,quantile,0.6,2332
2021-01-11,15 day ahead inc hosp,2021-01-26,06,quantile,0.6,2320
2021-01-11,16 day ahead inc hosp,2021-01-27,06,quantile,0.6,2307
2021-01-11,17 day ahead inc hosp,2021-01-28,06,quantile,0.6,2294
2021-01-11,18 day ahead inc hosp,2021-01-29,06,quantile,0.6,2281
2021-01-11,19 day ahead inc hosp,2021-01-30,06,quantile,0.6,2267
2021-01-11,20 day ahead inc hosp,2021-01-31,06,quantile,0.6,2253
2021-01-11,21 day ahead inc hosp,2021-02-01,06,quantile,0.6,2238
2021-01-11,22 day ahead inc hosp,2021-02-02,06,quantile,0.6,2222
2021-01-11,23 day ahead inc hosp,2021-02-03,06,quantile,0.6,2207
2021-01-11,24 day ahead inc hosp,2021-02-04,06,quantile,0.6,2191
2021-01-11,25 day ahead inc hosp,2021-02-05,06,quantile,0.6,2174
2021-01-11,26 day ahead inc hosp,2021-02-06,06,quantile,0.6,2157
2021-01-11,27 day ahead inc hosp,2021-02-07,06,quantile,0.6,2140
2021-01-11,28 day ahead inc hosp,2021-02-08,06,quantile,0.6,2122
2021-01-11,1 day ahead inc hosp,2021-01-12,06,quantile,0.65,2443
2021-01-11,2 day ahead inc hosp,2021-01-13,06,quantile,0.65,2439
2021-01-11,3 day ahead inc hosp,2021-01-14,06,quantile,0.65,2434
2021-01-11,4 day ahead inc hosp,2021-01-15,06,quantile,0.65,2428
2021-01-11,5 day ahead inc hosp,2021-01-16,06,quantile,0.65,2422
2021-01-11,6 day ahead inc hosp,2021-01-17,06,quantile,0.65,2415
2021-01-11,7 day ahead inc hosp,2021-01-18,06,quantile,0.65,2408
2021-01-11,8 day ahead inc hosp,2021-01-19,06,quantile,0.65,2400
2021-01-11,9 day ahead inc hosp,2021-01-20,06,quantile,0.65,2392
2021-01-11,10 day ahead inc hosp,2021-01-21,06,quantile,0.65,2382
2021-01-11,11 day ahead inc hosp,2021-01-22,06,quantile,0.65,2373
2021-01-11,12 day ahead inc hosp,2021-01-23,06,quantile,0.65,2363
2021-01-11,13 day ahead inc hosp,2021-01-24,06,quantile,0.65,2352
2021-01-11,14 day ahead inc hosp,2021-01-25,06,quantile,0.65,2340
2021-01-11,15 day ahead inc hosp,2021-01-26,06,quantile,0.65,2328
2021-01-11,16 day ahead inc hosp,2021-01-27,06,quantile,0.65,2316
2021-01-11,17 day ahead inc hosp,2021-01-28,06,quantile,0.65,2303
2021-01-11,18 day ahead inc hosp,2021-01-29,06,quantile,0.65,2290
2021-01-11,19 day ahead inc hosp,2021-01-30,06,quantile,0.65,2276
2021-01-11,20 day ahead inc hosp,2021-01-31,06,quantile,0.65,2261
2021-01-11,21 day ahead inc hosp,2021-02-01,06,quantile,0.65,2246
2021-01-11,22 day ahead inc hosp,2021-02-02,06,quantile,0.65,2231
2021-01-11,23 day ahead inc hosp,2021-02-03,06,quantile,0.65,2215
2021-01-11,24 day ahead inc hosp,2021-02-04,06,quantile,0.65,2199
2021-01-11,25 day ahead inc hosp,2021-02-05,06,quantile,0.65,2183
2021-01-11,26 day ahead inc hosp,2021-02-06,06,quantile,0.65,2166
2021-01-11,27 day ahead inc hosp,2021-02-07,06,quantile,0.65,2149
2021-01-11,28 day ahead inc hosp,2021-02-08,06,quantile,0.65,2131
2021-01-11,1 day ahead inc hosp,2021-01-12,06,quantile,0.7,2453
2021-01-11,2 day ahead inc hosp,2021-01-13,06,quantile,0.7,2448
2021-01-11,3 day ahead inc hosp,2021-01-14,06,quantile,0.7,2443
2021-01-11,4 day ahead inc hosp,2021-01-15,06,quantile,0.7,2438
2021-01-11,5 day ahead inc hosp,2021-01-16,06,quantile,0.7,2432
2021-01-11,6 day ahead inc hosp,2021-01-17,06,quantile,0.7,2425
2021-01-11,7 day ahead inc hosp,2021-01-18,06,quantile,0.7,2417
2021-01-11,8 day ahead inc hosp,2021-01-19,06,quantile,0.7,2409
2021-01-11,9 day ahead inc hosp,2021-01-20,06,quantile,0.7,2401
2021-01-11,10 day ahead inc hosp,2021-01-21,06,quantile,0.7,2392
2021-01-11,11 day ahead inc hosp,2021-01-22,06,quantile,0.7,2382
2021-01-11,12 day ahead inc hosp,2021-01-23,06,quantile,0.7,2372
2021-01-11,13 day ahead inc hosp,2021-01-24,06,quantile,0.7,2361
2021-01-11,14 day ahead inc hosp,2021-01-25,06,quantile,0.7,2350
2021-01-11,15 day ahead inc hosp,2021-01-26,06,quantile,0.7,2338
2021-01-11,16 day ahead inc hosp,2021-01-27,06,quantile,0.7,2325
2021-01-11,17 day ahead inc hosp,2021-01-28,06,quantile,0.7,2312
2021-01-11,18 day ahead inc hosp,2021-01-29,06,quantile,0.7,2299
2021-01-11,19 day ahead inc hosp,2021-01-30,06,quantile,0.7,2285
2021-01-11,20 day ahead inc hosp,2021-01-31,06,quantile,0.7,2270
2021-01-11,21 day ahead inc hosp,2021-02-01,06,quantile,0.7,2256
2021-01-11,22 day ahead inc hosp,2021-02-02,06,quantile,0.7,2240
2021-01-11,23 day ahead inc hosp,2021-02-03,06,quantile,0.7,2225
2021-01-11,24 day ahead inc hosp,2021-02-04,06,quantile,0.7,2208
2021-01-11,25 day ahead inc hosp,2021-02-05,06,quantile,0.7,2192
2021-01-11,26 day ahead inc hosp,2021-02-06,06,quantile,0.7,2175
2021-01-11,27 day ahead inc hosp,2021-02-07,06,quantile,0.7,2158
2021-01-11,28 day ahead inc hosp,2021-02-08,06,quantile,0.7,2140
2021-01-11,1 day ahead inc hosp,2021-01-12,06,quantile,0.75,2463
2021-01-11,2 day ahead inc hosp,2021-01-13,06,quantile,0.75,2458
2021-01-11,3 day ahead inc hosp,2021-01-14,06,quantile,0.75,2453
2021-01-11,4 day ahead inc hosp,2021-01-15,06,quantile,0.75,2448
2021-01-11,5 day ahead inc hosp,2021-01-16,06,quantile,0.75,2442
2021-01-11,6 day ahead inc hosp,2021-01-17,06,quantile,0.75,2435
2021-01-11,7 day ahead inc hosp,2021-01-18,06,quantile,0.75,2428
2021-01-11,8 day ahead inc hosp,2021-01-19,06,quantile,0.75,2420
2021-01-11,9 day ahead inc hosp,2021-01-20,06,quantile,0.75,2411
2021-01-11,10 day ahead inc hosp,2021-01-21,06,quantile,0.75,2402
2021-01-11,11 day ahead inc hosp,2021-01-22,06,quantile,0.75,2392
2021-01-11,12 day ahead inc hosp,2021-01-23,06,quantile,0.75,2382
2021-01-11,13 day ahead inc hosp,2021-01-24,06,quantile,0.75,2371
2021-01-11,14 day ahead inc hosp,2021-01-25,06,quantile,0.75,2360
2021-01-11,15 day ahead inc hosp,2021-01-26,06,quantile,0.75,2348
2021-01-11,16 day ahead inc hosp,2021-01-27,06,quantile,0.75,2335
2021-01-11,17 day ahead inc hosp,2021-01-28,06,quantile,0.75,2322
2021-01-11,18 day ahead inc hosp,2021-01-29,06,quantile,0.75,2309
2021-01-11,19 day ahead inc hosp,2021-01-30,06,quantile,0.75,2295
2021-01-11,20 day ahead inc hosp,2021-01-31,06,quantile,0.75,2280
2021-01-11,21 day ahead inc hosp,2021-02-01,06,quantile,0.75,2266
2021-01-11,22 day ahead inc hosp,2021-02-02,06,quantile,0.75,2250
2021-01-11,23 day ahead inc hosp,2021-02-03,06,quantile,0.75,2234
2021-01-11,24 day ahead inc hosp,2021-02-04,06,quantile,0.75,2218
2021-01-11,25 day ahead inc hosp,2021-02-05,06,quantile,0.75,2202
2021-01-11,26 day ahead inc hosp,2021-02-06,06,quantile,0.75,2185
2021-01-11,27 day ahead inc hosp,2021-02-07,06,quantile,0.75,2167
2021-01-11,28 day ahead inc hosp,2021-02-08,06,quantile,0.75,2150
2021-01-11,1 day ahead inc hosp,2021-01-12,06,quantile,0.8,2474
2021-01-11,2 day ahead inc hosp,2021-01-13,06,quantile,0.8,2470
2021-01-11,3 day ahead inc hosp,2021-01-14,06,quantile,0.8,2465
2021-01-11,4 day ahead inc hosp,2021-01-15,06,quantile,0.8,2459
2021-01-11,5 day ahead inc hosp,2021-01-16,06,quantile,0.8,2453
2021-01-11,6 day ahead inc hosp,2021-01-17,06,quantile,0.8,2446
2021-01-11,7 day ahead inc hosp,2021-01-18,06,quantile,0.8,2439
2021-01-11,8 day ahead inc hosp,2021-01-19,06,quantile,0.8,2431
2021-01-11,9 day ahead inc hosp,2021-01-20,06,quantile,0.8,2422
2021-01-11,10 day ahead inc hosp,2021-01-21,06,quantile,0.8,2413
2021-01-11,11 day ahead inc hosp,2021-01-22,06,quantile,0.8,2403
2021-01-11,12 day ahead inc hosp,2021-01-23,06,quantile,0.8,2393
2021-01-11,13 day ahead inc hosp,2021-01-24,06,quantile,0.8,2382
2021-01-11,14 day ahead inc hosp,2021-01-25,06,quantile,0.8,2371
2021-01-11,15 day ahead inc hosp,2021-01-26,06,quantile,0.8,2359
2021-01-11,16 day ahead inc hosp,2021-01-27,06,quantile,0.8,2346
2021-01-11,17 day ahead inc hosp,2021-01-28,06,quantile,0.8,2333
2021-01-11,18 day ahead inc hosp,2021-01-29,06,quantile,0.8,2320
2021-01-11,19 day ahead inc hosp,2021-01-30,06,quantile,0.8,2306
2021-01-11,20 day ahead inc hosp,2021-01-31,06,quantile,0.8,2291
2021-01-11,21 day ahead inc hosp,2021-02-01,06,quantile,0.8,2277
2021-01-11,22 day ahead inc hosp,2021-02-02,06,quantile,0.8,2261
2021-01-11,23 day ahead inc hosp,2021-02-03,06,quantile,0.8,2245
2021-01-11,24 day ahead inc hosp,2021-02-04,06,quantile,0.8,2229
2021-01-11,25 day ahead inc hosp,2021-02-05,06,quantile,0.8,2213
2021-01-11,26 day ahead inc hosp,2021-02-06,06,quantile,0.8,2196
2021-01-11,27 day ahead inc hosp,2021-02-07,06,quantile,0.8,2178
2021-01-11,28 day ahead inc hosp,2021-02-08,06,quantile,0.8,2161
2021-01-11,1 day ahead inc hosp,2021-01-12,06,quantile,0.85,2487
2021-01-11,2 day ahead inc hosp,2021-01-13,06,quantile,0.85,2483
2021-01-11,3 day ahead inc hosp,2021-01-14,06,quantile,0.85,2478
2021-01-11,4 day ahead inc hosp,2021-01-15,06,quantile,0.85,2472
2021-01-11,5 day ahead inc hosp,2021-01-16,06,quantile,0.85,2466
2021-01-11,6 day ahead inc hosp,2021-01-17,06,quantile,0.85,2459
2021-01-11,7 day ahead inc hosp,2021-01-18,06,quantile,0.85,2452
2021-01-11,8 day ahead inc hosp,2021-01-19,06,quantile,0.85,2444
2021-01-11,9 day ahead inc hosp,2021-01-20,06,quantile,0.85,2435
2021-01-11,10 day ahead inc hosp,2021-01-21,06,quantile,0.85,2426
2021-01-11,11 day ahead inc hosp,2021-01-22,06,quantile,0.85,2416
2021-01-11,12 day ahead inc hosp,2021-01-23,06,quantile,0.85,2406
2021-01-11,13 day ahead inc hosp,2021-01-24,06,quantile,0.85,2395
2021-01-11,14 day ahead inc hosp,2021-01-25,06,quantile,0.85,2384
2021-01-11,15 day ahead inc hosp,2021-01-26,06,quantile,0.85,2372
2021-01-11,16 day ahead inc hosp,2021-01-27,06,quantile,0.85,2359
2021-01-11,17 day ahead inc hosp,2021-01-28,06,quantile,0.85,2346
2021-01-11,18 day ahead inc hosp,2021-01-29,06,quantile,0.85,2333
2021-01-11,19 day ahead inc hosp,2021-01-30,06,quantile,0.85,2319
2021-01-11,20 day ahead inc hosp,2021-01-31,06,quantile,0.85,2304
2021-01-11,21 day ahead inc hosp,2021-02-01,06,quantile,0.85,2289
2021-01-11,22 day ahead inc hosp,2021-02-02,06,quantile,0.85,2274
2021-01-11,23 day ahead inc hosp,2021-02-03,06,quantile,0.85,2258
2021-01-11,24 day ahead inc hosp,2021-02-04,06,quantile,0.85,2242
2021-01-11,25 day ahead inc hosp,2021-02-05,06,quantile,0.85,2225
2021-01-11,26 day ahead inc hosp,2021-02-06,06,quantile,0.85,2208
2021-01-11,27 day ahead inc hosp,2021-02-07,06,quantile,0.85,2191
2021-01-11,28 day ahead inc hosp,2021-02-08,06,quantile,0.85,2173
2021-01-11,1 day ahead inc hosp,2021-01-12,06,quantile,0.9,2504
2021-01-11,2 day ahead inc hosp,2021-01-13,06,quantile,0.9,2499
2021-01-11,3 day ahead inc hosp,2021-01-14,06,quantile,0.9,2494
2021-01-11,4 day ahead inc hosp,2021-01-15,06,quantile,0.9,2489
2021-01-11,5 day ahead inc hosp,2021-01-16,06,quantile,0.9,2482
2021-01-11,6 day ahead inc hosp,2021-01-17,06,quantile,0.9,2476
2021-01-11,7 day ahead inc hosp,2021-01-18,06,quantile,0.9,2468
2021-01-11,8 day ahead inc hosp,2021-01-19,06,quantile,0.9,2460
2021-01-11,9 day ahead inc hosp,2021-01-20,06,quantile,0.9,2452
2021-01-11,10 day ahead inc hosp,2021-01-21,06,quantile,0.9,2443
2021-01-11,11 day ahead inc hosp,2021-01-22,06,quantile,0.9,2433
2021-01-11,12 day ahead inc hosp,2021-01-23,06,quantile,0.9,2422
2021-01-11,13 day ahead inc hosp,2021-01-24,06,quantile,0.9,2412
2021-01-11,14 day ahead inc hosp,2021-01-25,06,quantile,0.9,2400
2021-01-11,15 day ahead inc hosp,2021-01-26,06,quantile,0.9,2388
2021-01-11,16 day ahead inc hosp,2021-01-27,06,quantile,0.9,2376
2021-01-11,17 day ahead inc hosp,2021-01-28,06,quantile,0.9,2363
2021-01-11,18 day ahead inc hosp,2021-01-29,06,quantile,0.9,2349
2021-01-11,19 day ahead inc hosp,2021-01-30,06,quantile,0.9,2335
2021-01-11,20 day ahead inc hosp,2021-01-31,06,quantile,0.9,2321
2021-01-11,21 day ahead inc hosp,2021-02-01,06,quantile,0.9,2306
2021-01-11,22 day ahead inc hosp,2021-02-02,06,quantile,0.9,2290
2021-01-11,23 day ahead inc hosp,2021-02-03,06,quantile,0.9,2274
2021-01-11,24 day ahead inc hosp,2021-02-04,06,quantile,0.9,2258
2021-01-11,25 day ahead inc hosp,2021-02-05,06,quantile,0.9,2242
2021-01-11,26 day ahead inc hosp,2021-02-06,06,quantile,0.9,2224
2021-01-11,27 day ahead inc hosp,2021-02-07,06,quantile,0.9,2207
2021-01-11,28 day ahead inc hosp,2021-02-08,06,quantile,0.9,2189
2021-01-11,1 day ahead inc hosp,2021-01-12,06,quantile,0.95,2528
2021-01-11,2 day ahead inc hosp,2021-01-13,06,quantile,0.95,2524
2021-01-11,3 day ahead inc hosp,2021-01-14,06,quantile,0.95,2519
2021-01-11,4 day ahead inc hosp,2021-01-15,06,quantile,0.95,2513
2021-01-11,5 day ahead inc hosp,2021-01-16,06,quantile,0.95,2507
2021-01-11,6 day ahead inc hosp,2021-01-17,06,quantile,0.95,2500
2021-01-11,7 day ahead inc hosp,2021-01-18,06,quantile,0.95,2493
2021-01-11,8 day ahead inc hosp,2021-01-19,06,quantile,0.95,2485
2021-01-11,9 day ahead inc hosp,2021-01-20,06,quantile,0.95,2476
2021-01-11,10 day ahead inc hosp,2021-01-21,06,quantile,0.95,2467
2021-01-11,11 day ahead inc hosp,2021-01-22,06,quantile,0.95,2457
2021-01-11,12 day ahead inc hosp,2021-01-23,06,quantile,0.95,2447
2021-01-11,13 day ahead inc hosp,2021-01-24,06,quantile,0.95,2436
2021-01-11,14 day ahead inc hosp,2021-01-25,06,quantile,0.95,2424
2021-01-11,15 day ahead inc hosp,2021-01-26,06,quantile,0.95,2412
2021-01-11,16 day ahead inc hosp,2021-01-27,06,quantile,0.95,2400
2021-01-11,17 day ahead inc hosp,2021-01-28,06,quantile,0.95,2387
2021-01-11,18 day ahead inc hosp,2021-01-29,06,quantile,0.95,2373
2021-01-11,19 day ahead inc hosp,2021-01-30,06,quantile,0.95,2359
2021-01-11,20 day ahead inc hosp,2021-01-31,06,quantile,0.95,2345
2021-01-11,21 day ahead inc hosp,2021-02-01,06,quantile,0.95,2330
2021-01-11,22 day ahead inc hosp,2021-02-02,06,quantile,0.95,2314
2021-01-11,23 day ahead inc hosp,2021-02-03,06,quantile,0.95,2298
2021-01-11,24 day ahead inc hosp,2021-02-04,06,quantile,0.95,2282
2021-01-11,25 day ahead inc hosp,2021-02-05,06,quantile,0.95,2265
2021-01-11,26 day ahead inc hosp,2021-02-06,06,quantile,0.95,2248
2021-01-11,27 day ahead inc hosp,2021-02-07,06,quantile,0.95,2231
2021-01-11,28 day ahead inc hosp,2021-02-08,06,quantile,0.95,2213
2021-01-11,1 day ahead inc hosp,2021-01-12,06,quantile,0.975,2549
2021-01-11,2 day ahead inc hosp,2021-01-13,06,quantile,0.975,2545
2021-01-11,3 day ahead inc hosp,2021-01-14,06,quantile,0.975,2540
2021-01-11,4 day ahead inc hosp,2021-01-15,06,quantile,0.975,2534
2021-01-11,5 day ahead inc hosp,2021-01-16,06,quantile,0.975,2528
2021-01-11,6 day ahead inc hosp,2021-01-17,06,quantile,0.975,2521
2021-01-11,7 day ahead inc hosp,2021-01-18,06,quantile,0.975,2514
2021-01-11,8 day ahead inc hosp,2021-01-19,06,quantile,0.975,2506
2021-01-11,9 day ahead inc hosp,2021-01-20,06,quantile,0.975,2497
2021-01-11,10 day ahead inc hosp,2021-01-21,06,quantile,0.975,2488
2021-01-11,11 day ahead inc hosp,2021-01-22,06,quantile,0.975,2478
2021-01-11,12 day ahead inc hosp,2021-01-23,06,quantile,0.975,2468
2021-01-11,13 day ahead inc hosp,2021-01-24,06,quantile,0.975,2457
2021-01-11,14 day ahead inc hosp,2021-01-25,06,quantile,0.975,2445
2021-01-11,15 day ahead inc hosp,2021-01-26,06,quantile,0.975,2433
2021-01-11,16 day ahead inc hosp,2021-01-27,06,quantile,0.975,2421
2021-01-11,17 day ahead inc hosp,2021-01-28,06,quantile,0.975,2408
2021-01-11,18 day ahead inc hosp,2021-01-29,06,quantile,0.975,2394
2021-01-11,19 day ahead inc hosp,2021-01-30,06,quantile,0.975,2380
2021-01-11,20 day ahead inc hosp,2021-01-31,06,quantile,0.975,2365
2021-01-11,21 day ahead inc hosp,2021-02-01,06,quantile,0.975,2350
2021-01-11,22 day ahead inc hosp,2021-02-02,06,quantile,0.975,2335
2021-01-11,23 day ahead inc hosp,2021-02-03,06,quantile,0.975,2319
2021-01-11,24 day ahead inc hosp,2021-02-04,06,quantile,0.975,2303
2021-01-11,25 day ahead inc hosp,2021-02-05,06,quantile,0.975,2286
2021-01-11,26 day ahead inc hosp,2021-02-06,06,quantile,0.975,2269
2021-01-11,27 day ahead inc hosp,2021-02-07,06,quantile,0.975,2251
2021-01-11,28 day ahead inc hosp,2021-02-08,06,quantile,0.975,2234
2021-01-11,1 day ahead inc hosp,2021-01-12,06,quantile,0.99,2574
2021-01-11,2 day ahead inc hosp,2021-01-13,06,quantile,0.99,2569
2021-01-11,3 day ahead inc hosp,2021-01-14,06,quantile,0.99,2564
2021-01-11,4 day ahead inc hosp,2021-01-15,06,quantile,0.99,2559
2021-01-11,5 day ahead inc hosp,2021-01-16,06,quantile,0.99,2553
2021-01-11,6 day ahead inc hosp,2021-01-17,06,quantile,0.99,2546
2021-01-11,7 day ahead inc hosp,2021-01-18,06,quantile,0.99,2538
2021-01-11,8 day ahead inc hosp,2021-01-19,06,quantile,0.99,2530
2021-01-11,9 day ahead inc hosp,2021-01-20,06,quantile,0.99,2522
2021-01-11,10 day ahead inc hosp,2021-01-21,06,quantile,0.99,2512
2021-01-11,11 day ahead inc hosp,2021-01-22,06,quantile,0.99,2503
2021-01-11,12 day ahead inc hosp,2021-01-23,06,quantile,0.99,2492
2021-01-11,13 day ahead inc hosp,2021-01-24,06,quantile,0.99,2481
2021-01-11,14 day ahead inc hosp,2021-01-25,06,quantile,0.99,2470
2021-01-11,15 day ahead inc hosp,2021-01-26,06,quantile,0.99,2458
2021-01-11,16 day ahead inc hosp,2021-01-27,06,quantile,0.99,2445
2021-01-11,17 day ahead inc hosp,2021-01-28,06,quantile,0.99,2432
2021-01-11,18 day ahead inc hosp,2021-01-29,06,quantile,0.99,2418
2021-01-11,19 day ahead inc hosp,2021-01-30,06,quantile,0.99,2404
2021-01-11,20 day ahead inc hosp,2021-01-31,06,quantile,0.99,2390
2021-01-11,21 day ahead inc hosp,2021-02-01,06,quantile,0.99,2375
2021-01-11,22 day ahead inc hosp,2021-02-02,06,quantile,0.99,2359
2021-01-11,23 day ahead inc hosp,2021-02-03,06,quantile,0.99,2343
2021-01-11,24 day ahead inc hosp,2021-02-04,06,quantile,0.99,2327
2021-01-11,25 day ahead inc hosp,2021-02-05,06,quantile,0.99,2310
2021-01-11,26 day ahead inc hosp,2021-02-06,06,quantile,0.99,2293
2021-01-11,27 day ahead inc hosp,2021-02-07,06,quantile,0.99,2275
2021-01-11,28 day ahead inc hosp,2021-02-08,06,quantile,0.99,2257
2021-01-11,1 day ahead inc hosp,2021-01-12,06,point,NA,2417
2021-01-11,2 day ahead inc hosp,2021-01-13,06,point,NA,2413
2021-01-11,3 day ahead inc hosp,2021-01-14,06,point,NA,2408
2021-01-11,4 day ahead inc hosp,2021-01-15,06,point,NA,2402
2021-01-11,5 day ahead inc hosp,2021-01-16,06,point,NA,2396
2021-01-11,6 day ahead inc hosp,2021-01-17,06,point,NA,2390
2021-01-11,7 day ahead inc hosp,2021-01-18,06,point,NA,2382
2021-01-11,8 day ahead inc hosp,2021-01-19,06,point,NA,2374
2021-01-11,9 day ahead inc hosp,2021-01-20,06,point,NA,2366
2021-01-11,10 day ahead inc hosp,2021-01-21,06,point,NA,2357
2021-01-11,11 day ahead inc hosp,2021-01-22,06,point,NA,2347
2021-01-11,12 day ahead inc hosp,2021-01-23,06,point,NA,2337
2021-01-11,13 day ahead inc hosp,2021-01-24,06,point,NA,2326
2021-01-11,14 day ahead inc hosp,2021-01-25,06,point,NA,2315
2021-01-11,15 day ahead inc hosp,2021-01-26,06,point,NA,2303
2021-01-11,16 day ahead inc hosp,2021-01-27,06,point,NA,2290
2021-01-11,17 day ahead inc hosp,2021-01-28,06,point,NA,2277
2021-01-11,18 day ahead inc hosp,2021-01-29,06,point,NA,2264
2021-01-11,19 day ahead inc hosp,2021-01-30,06,point,NA,2250
2021-01-11,20 day ahead inc hosp,2021-01-31,06,point,NA,2236
2021-01-11,21 day ahead inc hosp,2021-02-01,06,point,NA,2221
2021-01-11,22 day ahead inc hosp,2021-02-02,06,point,NA,2206
2021-01-11,23 day ahead inc hosp,2021-02-03,06,point,NA,2190
2021-01-11,24 day ahead inc hosp,2021-02-04,06,point,NA,2174
2021-01-11,25 day ahead inc hosp,2021-02-05,06,point,NA,2158
2021-01-11,26 day ahead inc hosp,2021-02-06,06,point,NA,2141
2021-01-11,27 day ahead inc hosp,2021-02-07,06,point,NA,2123
2021-01-11,28 day ahead inc hosp,2021-02-08,06,point,NA,2106
2021-01-11,1 wk ahead inc death,2021-01-16,06,quantile,0.01,2591
2021-01-11,2 wk ahead inc death,2021-01-23,06,quantile,0.01,2743
2021-01-11,3 wk ahead inc death,2021-01-30,06,quantile,0.01,2828
2021-01-11,4 wk ahead inc death,2021-02-06,06,quantile,0.01,2850
2021-01-11,1 wk ahead inc death,2021-01-16,06,quantile,0.025,2628
2021-01-11,2 wk ahead inc death,2021-01-23,06,quantile,0.025,2780
2021-01-11,3 wk ahead inc death,2021-01-30,06,quantile,0.025,2865
2021-01-11,4 wk ahead inc death,2021-02-06,06,quantile,0.025,2888
2021-01-11,1 wk ahead inc death,2021-01-16,06,quantile,0.05,2659
2021-01-11,2 wk ahead inc death,2021-01-23,06,quantile,0.05,2812
2021-01-11,3 wk ahead inc death,2021-01-30,06,quantile,0.05,2897
2021-01-11,4 wk ahead inc death,2021-02-06,06,quantile,0.05,2921
2021-01-11,1 wk ahead inc death,2021-01-16,06,quantile,0.1,2696
2021-01-11,2 wk ahead inc death,2021-01-23,06,quantile,0.1,2849
2021-01-11,3 wk ahead inc death,2021-01-30,06,quantile,0.1,2935
2021-01-11,4 wk ahead inc death,2021-02-06,06,quantile,0.1,2958
2021-01-11,1 wk ahead inc death,2021-01-16,06,quantile,0.15,2721
2021-01-11,2 wk ahead inc death,2021-01-23,06,quantile,0.15,2874
2021-01-11,3 wk ahead inc death,2021-01-30,06,quantile,0.15,2960
2021-01-11,4 wk ahead inc death,2021-02-06,06,quantile,0.15,2983
2021-01-11,1 wk ahead inc death,2021-01-16,06,quantile,0.2,2741
2021-01-11,2 wk ahead inc death,2021-01-23,06,quantile,0.2,2894
2021-01-11,3 wk ahead inc death,2021-01-30,06,quantile,0.2,2980
2021-01-11,4 wk ahead inc death,2021-02-06,06,quantile,0.2,3003
2021-01-11,1 wk ahead inc death,2021-01-16,06,quantile,0.25,2757
2021-01-11,2 wk ahead inc death,2021-01-23,06,quantile,0.25,2911
2021-01-11,3 wk ahead inc death,2021-01-30,06,quantile,0.25,2997
2021-01-11,4 wk ahead inc death,2021-02-06,06,quantile,0.25,3020
2021-01-11,1 wk ahead inc death,2021-01-16,06,quantile,0.3,2773
2021-01-11,2 wk ahead inc death,2021-01-23,06,quantile,0.3,2927
2021-01-11,3 wk ahead inc death,2021-01-30,06,quantile,0.3,3012
2021-01-11,4 wk ahead inc death,2021-02-06,06,quantile,0.3,3036
2021-01-11,1 wk ahead inc death,2021-01-16,06,quantile,0.35,2787
2021-01-11,2 wk ahead inc death,2021-01-23,06,quantile,0.35,2941
2021-01-11,3 wk ahead inc death,2021-01-30,06,quantile,0.35,3027
2021-01-11,4 wk ahead inc death,2021-02-06,06,quantile,0.35,3050
2021-01-11,1 wk ahead inc death,2021-01-16,06,quantile,0.4,2800
2021-01-11,2 wk ahead inc death,2021-01-23,06,quantile,0.4,2954
2021-01-11,3 wk ahead inc death,2021-01-30,06,quantile,0.4,3040
2021-01-11,4 wk ahead inc death,2021-02-06,06,quantile,0.4,3064
2021-01-11,1 wk ahead inc death,2021-01-16,06,quantile,0.45,2813
2021-01-11,2 wk ahead inc death,2021-01-23,06,quantile,0.45,2967
2021-01-11,3 wk ahead inc death,2021-01-30,06,quantile,0.45,3053
2021-01-11,4 wk ahead inc death,2021-02-06,06,quantile,0.45,3077
2021-01-11,1 wk ahead inc death,2021-01-16,06,quantile,0.5,2826
2021-01-11,2 wk ahead inc death,2021-01-23,06,quantile,0.5,2980
2021-01-11,3 wk ahead inc death,2021-01-30,06,quantile,0.5,3066
2021-01-11,4 wk ahead inc death,2021-02-06,06,quantile,0.5,3090
2021-01-11,1 wk ahead inc death,2021-01-16,06,quantile,0.55,2838
2021-01-11,2 wk ahead inc death,2021-01-23,06,quantile,0.55,2993
2021-01-11,3 wk ahead inc death,2021-01-30,06,quantile,0.55,3079
2021-01-11,4 wk ahead inc death,2021-02-06,06,quantile,0.55,3103
2021-01-11,1 wk ahead inc death,2021-01-16,06,quantile,0.6,2851
2021-01-11,2 wk ahead inc death,2021-01-23,06,quantile,0.6,3006
2021-01-11,3 wk ahead inc death,2021-01-30,06,quantile,0.6,3092
2021-01-11,4 wk ahead inc death,2021-02-06,06,quantile,0.6,3116
2021-01-11,1 wk ahead inc death,2021-01-16,06,quantile,0.65,2864
2021-01-11,2 wk ahead inc death,2021-01-23,06,quantile,0.65,3019
2021-01-11,3 wk ahead inc death,2021-01-30,06,quantile,0.65,3106
2021-01-11,4 wk ahead inc death,2021-02-06,06,quantile,0.65,3130
2021-01-11,1 wk ahead inc death,2021-01-16,06,quantile,0.7,2878
2021-01-11,2 wk ahead inc death,2021-01-23,06,quantile,0.7,3033
2021-01-11,3 wk ahead inc death,2021-01-30,06,quantile,0.7,3120
2021-01-11,4 wk ahead inc death,2021-02-06,06,quantile,0.7,3144
2021-01-11,1 wk ahead inc death,2021-01-16,06,quantile,0.75,2894
2021-01-11,2 wk ahead inc death,2021-01-23,06,quantile,0.75,3049
2021-01-11,3 wk ahead inc death,2021-01-30,06,quantile,0.75,3135
2021-01-11,4 wk ahead inc death,2021-02-06,06,quantile,0.75,3159
2021-01-11,1 wk ahead inc death,2021-01-16,06,quantile,0.8,2910
2021-01-11,2 wk ahead inc death,2021-01-23,06,quantile,0.8,3066
2021-01-11,3 wk ahead inc death,2021-01-30,06,quantile,0.8,3153
2021-01-11,4 wk ahead inc death,2021-02-06,06,quantile,0.8,3176
2021-01-11,1 wk ahead inc death,2021-01-16,06,quantile,0.85,2930
2021-01-11,2 wk ahead inc death,2021-01-23,06,quantile,0.85,3086
2021-01-11,3 wk ahead inc death,2021-01-30,06,quantile,0.85,3173
2021-01-11,4 wk ahead inc death,2021-02-06,06,quantile,0.85,3197
2021-01-11,1 wk ahead inc death,2021-01-16,06,quantile,0.9,2955
2021-01-11,2 wk ahead inc death,2021-01-23,06,quantile,0.9,3111
2021-01-11,3 wk ahead inc death,2021-01-30,06,quantile,0.9,3198
2021-01-11,4 wk ahead inc death,2021-02-06,06,quantile,0.9,3222
2021-01-11,1 wk ahead inc death,2021-01-16,06,quantile,0.95,2992
2021-01-11,2 wk ahead inc death,2021-01-23,06,quantile,0.95,3148
2021-01-11,3 wk ahead inc death,2021-01-30,06,quantile,0.95,3235
2021-01-11,4 wk ahead inc death,2021-02-06,06,quantile,0.95,3259
2021-01-11,1 wk ahead inc death,2021-01-16,06,quantile,0.975,3023
2021-01-11,2 wk ahead inc death,2021-01-23,06,quantile,0.975,3180
2021-01-11,3 wk ahead inc death,2021-01-30,06,quantile,0.975,3267
2021-01-11,4 wk ahead inc death,2021-02-06,06,quantile,0.975,3292
2021-01-11,1 wk ahead inc death,2021-01-16,06,quantile,0.99,3060
2021-01-11,2 wk ahead inc death,2021-01-23,06,quantile,0.99,3217
2021-01-11,3 wk ahead inc death,2021-01-30,06,quantile,0.99,3305
2021-01-11,4 wk ahead inc death,2021-02-06,06,quantile,0.99,3329
2021-01-11,1 wk ahead inc death,2021-01-16,06,point,NA,2826
2021-01-11,2 wk ahead inc death,2021-01-23,06,point,NA,2980
2021-01-11,3 wk ahead inc death,2021-01-30,06,point,NA,3066
2021-01-11,4 wk ahead inc death,2021-02-06,06,point,NA,3090
